[
{
    "pk": 1, 
    "model": "auth.permission", 
    "fields": {
        "codename": "add_permission", 
        "name": "Can add permission", 
        "content_type": 1
    }
},
{
    "pk": 2, 
    "model": "auth.permission", 
    "fields": {
        "codename": "change_permission", 
        "name": "Can change permission", 
        "content_type": 1
    }
},
{
    "pk": 3, 
    "model": "auth.permission", 
    "fields": {
        "codename": "delete_permission", 
        "name": "Can delete permission", 
        "content_type": 1
    }
},
{
    "pk": 4, 
    "model": "auth.permission", 
    "fields": {
        "codename": "add_group", 
        "name": "Can add group", 
        "content_type": 2
    }
},
{
    "pk": 5, 
    "model": "auth.permission", 
    "fields": {
        "codename": "change_group", 
        "name": "Can change group", 
        "content_type": 2
    }
},
{
    "pk": 6, 
    "model": "auth.permission", 
    "fields": {
        "codename": "delete_group", 
        "name": "Can delete group", 
        "content_type": 2
    }
},
{
    "pk": 7, 
    "model": "auth.permission", 
    "fields": {
        "codename": "add_user", 
        "name": "Can add user", 
        "content_type": 3
    }
},
{
    "pk": 8, 
    "model": "auth.permission", 
    "fields": {
        "codename": "change_user", 
        "name": "Can change user", 
        "content_type": 3
    }
},
{
    "pk": 9, 
    "model": "auth.permission", 
    "fields": {
        "codename": "delete_user", 
        "name": "Can delete user", 
        "content_type": 3
    }
},
{
    "pk": 10, 
    "model": "auth.permission", 
    "fields": {
        "codename": "add_contenttype", 
        "name": "Can add content type", 
        "content_type": 4
    }
},
{
    "pk": 11, 
    "model": "auth.permission", 
    "fields": {
        "codename": "change_contenttype", 
        "name": "Can change content type", 
        "content_type": 4
    }
},
{
    "pk": 12, 
    "model": "auth.permission", 
    "fields": {
        "codename": "delete_contenttype", 
        "name": "Can delete content type", 
        "content_type": 4
    }
},
{
    "pk": 13, 
    "model": "auth.permission", 
    "fields": {
        "codename": "add_session", 
        "name": "Can add session", 
        "content_type": 5
    }
},
{
    "pk": 14, 
    "model": "auth.permission", 
    "fields": {
        "codename": "change_session", 
        "name": "Can change session", 
        "content_type": 5
    }
},
{
    "pk": 15, 
    "model": "auth.permission", 
    "fields": {
        "codename": "delete_session", 
        "name": "Can delete session", 
        "content_type": 5
    }
},
{
    "pk": 16, 
    "model": "auth.permission", 
    "fields": {
        "codename": "add_site", 
        "name": "Can add site", 
        "content_type": 6
    }
},
{
    "pk": 17, 
    "model": "auth.permission", 
    "fields": {
        "codename": "change_site", 
        "name": "Can change site", 
        "content_type": 6
    }
},
{
    "pk": 18, 
    "model": "auth.permission", 
    "fields": {
        "codename": "delete_site", 
        "name": "Can delete site", 
        "content_type": 6
    }
},
{
    "pk": 19, 
    "model": "auth.permission", 
    "fields": {
        "codename": "add_logentry", 
        "name": "Can add log entry", 
        "content_type": 7
    }
},
{
    "pk": 20, 
    "model": "auth.permission", 
    "fields": {
        "codename": "change_logentry", 
        "name": "Can change log entry", 
        "content_type": 7
    }
},
{
    "pk": 21, 
    "model": "auth.permission", 
    "fields": {
        "codename": "delete_logentry", 
        "name": "Can delete log entry", 
        "content_type": 7
    }
},
{
    "pk": 22, 
    "model": "auth.permission", 
    "fields": {
        "codename": "add_person", 
        "name": "Can add person", 
        "content_type": 8
    }
},
{
    "pk": 23, 
    "model": "auth.permission", 
    "fields": {
        "codename": "change_person", 
        "name": "Can change person", 
        "content_type": 8
    }
},
{
    "pk": 24, 
    "model": "auth.permission", 
    "fields": {
        "codename": "delete_person", 
        "name": "Can delete person", 
        "content_type": 8
    }
},
{
    "pk": 25, 
    "model": "auth.permission", 
    "fields": {
        "codename": "add_university", 
        "name": "Can add university", 
        "content_type": 9
    }
},
{
    "pk": 26, 
    "model": "auth.permission", 
    "fields": {
        "codename": "change_university", 
        "name": "Can change university", 
        "content_type": 9
    }
},
{
    "pk": 27, 
    "model": "auth.permission", 
    "fields": {
        "codename": "delete_university", 
        "name": "Can delete university", 
        "content_type": 9
    }
},
{
    "pk": 28, 
    "model": "auth.permission", 
    "fields": {
        "codename": "add_school", 
        "name": "Can add school", 
        "content_type": 10
    }
},
{
    "pk": 29, 
    "model": "auth.permission", 
    "fields": {
        "codename": "change_school", 
        "name": "Can change school", 
        "content_type": 10
    }
},
{
    "pk": 30, 
    "model": "auth.permission", 
    "fields": {
        "codename": "delete_school", 
        "name": "Can delete school", 
        "content_type": 10
    }
},
{
    "pk": 31, 
    "model": "auth.permission", 
    "fields": {
        "codename": "add_department", 
        "name": "Can add department", 
        "content_type": 11
    }
},
{
    "pk": 32, 
    "model": "auth.permission", 
    "fields": {
        "codename": "change_department", 
        "name": "Can change department", 
        "content_type": 11
    }
},
{
    "pk": 33, 
    "model": "auth.permission", 
    "fields": {
        "codename": "delete_department", 
        "name": "Can delete department", 
        "content_type": 11
    }
},
{
    "pk": 34, 
    "model": "auth.permission", 
    "fields": {
        "codename": "add_major", 
        "name": "Can add major", 
        "content_type": 12
    }
},
{
    "pk": 35, 
    "model": "auth.permission", 
    "fields": {
        "codename": "change_major", 
        "name": "Can change major", 
        "content_type": 12
    }
},
{
    "pk": 36, 
    "model": "auth.permission", 
    "fields": {
        "codename": "delete_major", 
        "name": "Can delete major", 
        "content_type": 12
    }
},
{
    "pk": 37, 
    "model": "auth.permission", 
    "fields": {
        "codename": "add_minor", 
        "name": "Can add minor", 
        "content_type": 13
    }
},
{
    "pk": 38, 
    "model": "auth.permission", 
    "fields": {
        "codename": "change_minor", 
        "name": "Can change minor", 
        "content_type": 13
    }
},
{
    "pk": 39, 
    "model": "auth.permission", 
    "fields": {
        "codename": "delete_minor", 
        "name": "Can delete minor", 
        "content_type": 13
    }
},
{
    "pk": 40, 
    "model": "auth.permission", 
    "fields": {
        "codename": "add_facultymember", 
        "name": "Can add faculty member", 
        "content_type": 14
    }
},
{
    "pk": 41, 
    "model": "auth.permission", 
    "fields": {
        "codename": "change_facultymember", 
        "name": "Can change faculty member", 
        "content_type": 14
    }
},
{
    "pk": 42, 
    "model": "auth.permission", 
    "fields": {
        "codename": "delete_facultymember", 
        "name": "Can delete faculty member", 
        "content_type": 14
    }
},
{
    "pk": 43, 
    "model": "auth.permission", 
    "fields": {
        "codename": "add_staffmember", 
        "name": "Can add staff member", 
        "content_type": 15
    }
},
{
    "pk": 44, 
    "model": "auth.permission", 
    "fields": {
        "codename": "change_staffmember", 
        "name": "Can change staff member", 
        "content_type": 15
    }
},
{
    "pk": 45, 
    "model": "auth.permission", 
    "fields": {
        "codename": "delete_staffmember", 
        "name": "Can delete staff member", 
        "content_type": 15
    }
},
{
    "pk": 46, 
    "model": "auth.permission", 
    "fields": {
        "codename": "add_academicyear", 
        "name": "Can add academic year", 
        "content_type": 16
    }
},
{
    "pk": 47, 
    "model": "auth.permission", 
    "fields": {
        "codename": "change_academicyear", 
        "name": "Can change academic year", 
        "content_type": 16
    }
},
{
    "pk": 48, 
    "model": "auth.permission", 
    "fields": {
        "codename": "delete_academicyear", 
        "name": "Can delete academic year", 
        "content_type": 16
    }
},
{
    "pk": 49, 
    "model": "auth.permission", 
    "fields": {
        "codename": "add_semestername", 
        "name": "Can add semester name", 
        "content_type": 17
    }
},
{
    "pk": 50, 
    "model": "auth.permission", 
    "fields": {
        "codename": "change_semestername", 
        "name": "Can change semester name", 
        "content_type": 17
    }
},
{
    "pk": 51, 
    "model": "auth.permission", 
    "fields": {
        "codename": "delete_semestername", 
        "name": "Can delete semester name", 
        "content_type": 17
    }
},
{
    "pk": 52, 
    "model": "auth.permission", 
    "fields": {
        "codename": "add_semester", 
        "name": "Can add semester", 
        "content_type": 18
    }
},
{
    "pk": 53, 
    "model": "auth.permission", 
    "fields": {
        "codename": "change_semester", 
        "name": "Can change semester", 
        "content_type": 18
    }
},
{
    "pk": 54, 
    "model": "auth.permission", 
    "fields": {
        "codename": "delete_semester", 
        "name": "Can delete semester", 
        "content_type": 18
    }
},
{
    "pk": 55, 
    "model": "auth.permission", 
    "fields": {
        "codename": "add_holiday", 
        "name": "Can add holiday", 
        "content_type": 19
    }
},
{
    "pk": 56, 
    "model": "auth.permission", 
    "fields": {
        "codename": "change_holiday", 
        "name": "Can change holiday", 
        "content_type": 19
    }
},
{
    "pk": 57, 
    "model": "auth.permission", 
    "fields": {
        "codename": "delete_holiday", 
        "name": "Can delete holiday", 
        "content_type": 19
    }
},
{
    "pk": 58, 
    "model": "auth.permission", 
    "fields": {
        "codename": "add_building", 
        "name": "Can add building", 
        "content_type": 20
    }
},
{
    "pk": 59, 
    "model": "auth.permission", 
    "fields": {
        "codename": "change_building", 
        "name": "Can change building", 
        "content_type": 20
    }
},
{
    "pk": 60, 
    "model": "auth.permission", 
    "fields": {
        "codename": "delete_building", 
        "name": "Can delete building", 
        "content_type": 20
    }
},
{
    "pk": 61, 
    "model": "auth.permission", 
    "fields": {
        "codename": "add_room", 
        "name": "Can add room", 
        "content_type": 21
    }
},
{
    "pk": 62, 
    "model": "auth.permission", 
    "fields": {
        "codename": "change_room", 
        "name": "Can change room", 
        "content_type": 21
    }
},
{
    "pk": 63, 
    "model": "auth.permission", 
    "fields": {
        "codename": "delete_room", 
        "name": "Can delete room", 
        "content_type": 21
    }
},
{
    "pk": 64, 
    "model": "auth.permission", 
    "fields": {
        "codename": "add_subject", 
        "name": "Can add subject", 
        "content_type": 22
    }
},
{
    "pk": 65, 
    "model": "auth.permission", 
    "fields": {
        "codename": "change_subject", 
        "name": "Can change subject", 
        "content_type": 22
    }
},
{
    "pk": 66, 
    "model": "auth.permission", 
    "fields": {
        "codename": "delete_subject", 
        "name": "Can delete subject", 
        "content_type": 22
    }
},
{
    "pk": 67, 
    "model": "auth.permission", 
    "fields": {
        "codename": "add_courseattribute", 
        "name": "Can add course attribute", 
        "content_type": 23
    }
},
{
    "pk": 68, 
    "model": "auth.permission", 
    "fields": {
        "codename": "change_courseattribute", 
        "name": "Can change course attribute", 
        "content_type": 23
    }
},
{
    "pk": 69, 
    "model": "auth.permission", 
    "fields": {
        "codename": "delete_courseattribute", 
        "name": "Can delete course attribute", 
        "content_type": 23
    }
},
{
    "pk": 70, 
    "model": "auth.permission", 
    "fields": {
        "codename": "add_course", 
        "name": "Can add course", 
        "content_type": 24
    }
},
{
    "pk": 71, 
    "model": "auth.permission", 
    "fields": {
        "codename": "change_course", 
        "name": "Can change course", 
        "content_type": 24
    }
},
{
    "pk": 72, 
    "model": "auth.permission", 
    "fields": {
        "codename": "delete_course", 
        "name": "Can delete course", 
        "content_type": 24
    }
},
{
    "pk": 73, 
    "model": "auth.permission", 
    "fields": {
        "codename": "add_student", 
        "name": "Can add student", 
        "content_type": 25
    }
},
{
    "pk": 74, 
    "model": "auth.permission", 
    "fields": {
        "codename": "change_student", 
        "name": "Can change student", 
        "content_type": 25
    }
},
{
    "pk": 75, 
    "model": "auth.permission", 
    "fields": {
        "codename": "delete_student", 
        "name": "Can delete student", 
        "content_type": 25
    }
},
{
    "pk": 76, 
    "model": "auth.permission", 
    "fields": {
        "codename": "add_courseoffering", 
        "name": "Can add course offering", 
        "content_type": 26
    }
},
{
    "pk": 77, 
    "model": "auth.permission", 
    "fields": {
        "codename": "change_courseoffering", 
        "name": "Can change course offering", 
        "content_type": 26
    }
},
{
    "pk": 78, 
    "model": "auth.permission", 
    "fields": {
        "codename": "delete_courseoffering", 
        "name": "Can delete course offering", 
        "content_type": 26
    }
},
{
    "pk": 79, 
    "model": "auth.permission", 
    "fields": {
        "codename": "add_grade", 
        "name": "Can add grade", 
        "content_type": 27
    }
},
{
    "pk": 80, 
    "model": "auth.permission", 
    "fields": {
        "codename": "change_grade", 
        "name": "Can change grade", 
        "content_type": 27
    }
},
{
    "pk": 81, 
    "model": "auth.permission", 
    "fields": {
        "codename": "delete_grade", 
        "name": "Can delete grade", 
        "content_type": 27
    }
},
{
    "pk": 82, 
    "model": "auth.permission", 
    "fields": {
        "codename": "add_coursetaken", 
        "name": "Can add course taken", 
        "content_type": 28
    }
},
{
    "pk": 83, 
    "model": "auth.permission", 
    "fields": {
        "codename": "change_coursetaken", 
        "name": "Can change course taken", 
        "content_type": 28
    }
},
{
    "pk": 84, 
    "model": "auth.permission", 
    "fields": {
        "codename": "delete_coursetaken", 
        "name": "Can delete course taken", 
        "content_type": 28
    }
},
{
    "pk": 85, 
    "model": "auth.permission", 
    "fields": {
        "codename": "add_offeringinstructor", 
        "name": "Can add offering instructor", 
        "content_type": 29
    }
},
{
    "pk": 86, 
    "model": "auth.permission", 
    "fields": {
        "codename": "change_offeringinstructor", 
        "name": "Can change offering instructor", 
        "content_type": 29
    }
},
{
    "pk": 87, 
    "model": "auth.permission", 
    "fields": {
        "codename": "delete_offeringinstructor", 
        "name": "Can delete offering instructor", 
        "content_type": 29
    }
},
{
    "pk": 88, 
    "model": "auth.permission", 
    "fields": {
        "codename": "add_classmeeting", 
        "name": "Can add class meeting", 
        "content_type": 30
    }
},
{
    "pk": 89, 
    "model": "auth.permission", 
    "fields": {
        "codename": "change_classmeeting", 
        "name": "Can change class meeting", 
        "content_type": 30
    }
},
{
    "pk": 90, 
    "model": "auth.permission", 
    "fields": {
        "codename": "delete_classmeeting", 
        "name": "Can delete class meeting", 
        "content_type": 30
    }
},
{
    "pk": 91, 
    "model": "auth.permission", 
    "fields": {
        "codename": "add_requirementblock", 
        "name": "Can add requirement block", 
        "content_type": 31
    }
},
{
    "pk": 92, 
    "model": "auth.permission", 
    "fields": {
        "codename": "change_requirementblock", 
        "name": "Can change requirement block", 
        "content_type": 31
    }
},
{
    "pk": 93, 
    "model": "auth.permission", 
    "fields": {
        "codename": "delete_requirementblock", 
        "name": "Can delete requirement block", 
        "content_type": 31
    }
},
{
    "pk": 94, 
    "model": "auth.permission", 
    "fields": {
        "codename": "add_transfercourse", 
        "name": "Can add transfer course", 
        "content_type": 32
    }
},
{
    "pk": 95, 
    "model": "auth.permission", 
    "fields": {
        "codename": "change_transfercourse", 
        "name": "Can change transfer course", 
        "content_type": 32
    }
},
{
    "pk": 96, 
    "model": "auth.permission", 
    "fields": {
        "codename": "delete_transfercourse", 
        "name": "Can delete transfer course", 
        "content_type": 32
    }
},
{
    "pk": 97, 
    "model": "auth.permission", 
    "fields": {
        "codename": "add_advisingnote", 
        "name": "Can add advising note", 
        "content_type": 33
    }
},
{
    "pk": 98, 
    "model": "auth.permission", 
    "fields": {
        "codename": "change_advisingnote", 
        "name": "Can change advising note", 
        "content_type": 33
    }
},
{
    "pk": 99, 
    "model": "auth.permission", 
    "fields": {
        "codename": "delete_advisingnote", 
        "name": "Can delete advising note", 
        "content_type": 33
    }
},
{
    "pk": 100, 
    "model": "auth.permission", 
    "fields": {
        "codename": "add_classstanding", 
        "name": "Can add class standing", 
        "content_type": 34
    }
},
{
    "pk": 101, 
    "model": "auth.permission", 
    "fields": {
        "codename": "change_classstanding", 
        "name": "Can change class standing", 
        "content_type": 34
    }
},
{
    "pk": 102, 
    "model": "auth.permission", 
    "fields": {
        "codename": "delete_classstanding", 
        "name": "Can delete class standing", 
        "content_type": 34
    }
},
{
    "pk": 103, 
    "model": "auth.permission", 
    "fields": {
        "codename": "add_degreeprogram", 
        "name": "Can add degree program", 
        "content_type": 35
    }
},
{
    "pk": 104, 
    "model": "auth.permission", 
    "fields": {
        "codename": "change_degreeprogram", 
        "name": "Can change degree program", 
        "content_type": 35
    }
},
{
    "pk": 105, 
    "model": "auth.permission", 
    "fields": {
        "codename": "delete_degreeprogram", 
        "name": "Can delete degree program", 
        "content_type": 35
    }
},
{
    "pk": 106, 
    "model": "auth.permission", 
    "fields": {
        "codename": "add_degreeprogramcourse", 
        "name": "Can add degree program course", 
        "content_type": 36
    }
},
{
    "pk": 107, 
    "model": "auth.permission", 
    "fields": {
        "codename": "change_degreeprogramcourse", 
        "name": "Can change degree program course", 
        "content_type": 36
    }
},
{
    "pk": 108, 
    "model": "auth.permission", 
    "fields": {
        "codename": "delete_degreeprogramcourse", 
        "name": "Can delete degree program course", 
        "content_type": 36
    }
},
{
    "pk": 109, 
    "model": "auth.permission", 
    "fields": {
        "codename": "add_degreeprogram", 
        "name": "Can add degree program", 
        "content_type": 37
    }
},
{
    "pk": 110, 
    "model": "auth.permission", 
    "fields": {
        "codename": "change_degreeprogram", 
        "name": "Can change degree program", 
        "content_type": 37
    }
},
{
    "pk": 111, 
    "model": "auth.permission", 
    "fields": {
        "codename": "delete_degreeprogram", 
        "name": "Can delete degree program", 
        "content_type": 37
    }
},
{
    "pk": 112, 
    "model": "auth.permission", 
    "fields": {
        "codename": "add_degreeprogramcourse", 
        "name": "Can add degree program course", 
        "content_type": 38
    }
},
{
    "pk": 113, 
    "model": "auth.permission", 
    "fields": {
        "codename": "change_degreeprogramcourse", 
        "name": "Can change degree program course", 
        "content_type": 38
    }
},
{
    "pk": 114, 
    "model": "auth.permission", 
    "fields": {
        "codename": "delete_degreeprogramcourse", 
        "name": "Can delete degree program course", 
        "content_type": 38
    }
},
{
    "pk": 115, 
    "model": "auth.permission", 
    "fields": {
        "codename": "add_constraint", 
        "name": "Can add constraint", 
        "content_type": 24
    }
},
{
    "pk": 116, 
    "model": "auth.permission", 
    "fields": {
        "codename": "change_constraint", 
        "name": "Can change constraint", 
        "content_type": 24
    }
},
{
    "pk": 117, 
    "model": "auth.permission", 
    "fields": {
        "codename": "delete_constraint", 
        "name": "Can delete constraint", 
        "content_type": 24
    }
},
{
    "pk": 118, 
    "model": "auth.permission", 
    "fields": {
        "codename": "add_requirement", 
        "name": "Can add requirement", 
        "content_type": 25
    }
},
{
    "pk": 119, 
    "model": "auth.permission", 
    "fields": {
        "codename": "change_requirement", 
        "name": "Can change requirement", 
        "content_type": 25
    }
},
{
    "pk": 120, 
    "model": "auth.permission", 
    "fields": {
        "codename": "delete_requirement", 
        "name": "Can delete requirement", 
        "content_type": 25
    }
},
{
    "pk": 121, 
    "model": "auth.permission", 
    "fields": {
        "codename": "add_course", 
        "name": "Can add course", 
        "content_type": 26
    }
},
{
    "pk": 122, 
    "model": "auth.permission", 
    "fields": {
        "codename": "change_course", 
        "name": "Can change course", 
        "content_type": 26
    }
},
{
    "pk": 123, 
    "model": "auth.permission", 
    "fields": {
        "codename": "delete_course", 
        "name": "Can delete course", 
        "content_type": 26
    }
},
{
    "pk": 124, 
    "model": "auth.permission", 
    "fields": {
        "codename": "add_student", 
        "name": "Can add student", 
        "content_type": 27
    }
},
{
    "pk": 125, 
    "model": "auth.permission", 
    "fields": {
        "codename": "change_student", 
        "name": "Can change student", 
        "content_type": 27
    }
},
{
    "pk": 126, 
    "model": "auth.permission", 
    "fields": {
        "codename": "delete_student", 
        "name": "Can delete student", 
        "content_type": 27
    }
},
{
    "pk": 127, 
    "model": "auth.permission", 
    "fields": {
        "codename": "add_courseoffering", 
        "name": "Can add course offering", 
        "content_type": 28
    }
},
{
    "pk": 128, 
    "model": "auth.permission", 
    "fields": {
        "codename": "change_courseoffering", 
        "name": "Can change course offering", 
        "content_type": 28
    }
},
{
    "pk": 129, 
    "model": "auth.permission", 
    "fields": {
        "codename": "delete_courseoffering", 
        "name": "Can delete course offering", 
        "content_type": 28
    }
},
{
    "pk": 130, 
    "model": "auth.permission", 
    "fields": {
        "codename": "add_grade", 
        "name": "Can add grade", 
        "content_type": 29
    }
},
{
    "pk": 131, 
    "model": "auth.permission", 
    "fields": {
        "codename": "change_grade", 
        "name": "Can change grade", 
        "content_type": 29
    }
},
{
    "pk": 132, 
    "model": "auth.permission", 
    "fields": {
        "codename": "delete_grade", 
        "name": "Can delete grade", 
        "content_type": 29
    }
},
{
    "pk": 133, 
    "model": "auth.permission", 
    "fields": {
        "codename": "add_coursetaken", 
        "name": "Can add course taken", 
        "content_type": 30
    }
},
{
    "pk": 134, 
    "model": "auth.permission", 
    "fields": {
        "codename": "change_coursetaken", 
        "name": "Can change course taken", 
        "content_type": 30
    }
},
{
    "pk": 135, 
    "model": "auth.permission", 
    "fields": {
        "codename": "delete_coursetaken", 
        "name": "Can delete course taken", 
        "content_type": 30
    }
},
{
    "pk": 136, 
    "model": "auth.permission", 
    "fields": {
        "codename": "add_offeringinstructor", 
        "name": "Can add offering instructor", 
        "content_type": 31
    }
},
{
    "pk": 137, 
    "model": "auth.permission", 
    "fields": {
        "codename": "change_offeringinstructor", 
        "name": "Can change offering instructor", 
        "content_type": 31
    }
},
{
    "pk": 138, 
    "model": "auth.permission", 
    "fields": {
        "codename": "delete_offeringinstructor", 
        "name": "Can delete offering instructor", 
        "content_type": 31
    }
},
{
    "pk": 139, 
    "model": "auth.permission", 
    "fields": {
        "codename": "add_classmeeting", 
        "name": "Can add class meeting", 
        "content_type": 32
    }
},
{
    "pk": 140, 
    "model": "auth.permission", 
    "fields": {
        "codename": "change_classmeeting", 
        "name": "Can change class meeting", 
        "content_type": 32
    }
},
{
    "pk": 141, 
    "model": "auth.permission", 
    "fields": {
        "codename": "delete_classmeeting", 
        "name": "Can delete class meeting", 
        "content_type": 32
    }
},
{
    "pk": 142, 
    "model": "auth.permission", 
    "fields": {
        "codename": "add_requirementblock", 
        "name": "Can add requirement block", 
        "content_type": 33
    }
},
{
    "pk": 143, 
    "model": "auth.permission", 
    "fields": {
        "codename": "change_requirementblock", 
        "name": "Can change requirement block", 
        "content_type": 33
    }
},
{
    "pk": 144, 
    "model": "auth.permission", 
    "fields": {
        "codename": "delete_requirementblock", 
        "name": "Can delete requirement block", 
        "content_type": 33
    }
},
{
    "pk": 145, 
    "model": "auth.permission", 
    "fields": {
        "codename": "add_transfercourse", 
        "name": "Can add transfer course", 
        "content_type": 34
    }
},
{
    "pk": 146, 
    "model": "auth.permission", 
    "fields": {
        "codename": "change_transfercourse", 
        "name": "Can change transfer course", 
        "content_type": 34
    }
},
{
    "pk": 147, 
    "model": "auth.permission", 
    "fields": {
        "codename": "delete_transfercourse", 
        "name": "Can delete transfer course", 
        "content_type": 34
    }
},
{
    "pk": 148, 
    "model": "auth.permission", 
    "fields": {
        "codename": "add_advisingnote", 
        "name": "Can add advising note", 
        "content_type": 35
    }
},
{
    "pk": 149, 
    "model": "auth.permission", 
    "fields": {
        "codename": "change_advisingnote", 
        "name": "Can change advising note", 
        "content_type": 35
    }
},
{
    "pk": 150, 
    "model": "auth.permission", 
    "fields": {
        "codename": "delete_advisingnote", 
        "name": "Can delete advising note", 
        "content_type": 35
    }
},
{
    "pk": 151, 
    "model": "auth.permission", 
    "fields": {
        "codename": "add_classstanding", 
        "name": "Can add class standing", 
        "content_type": 36
    }
},
{
    "pk": 152, 
    "model": "auth.permission", 
    "fields": {
        "codename": "change_classstanding", 
        "name": "Can change class standing", 
        "content_type": 36
    }
},
{
    "pk": 153, 
    "model": "auth.permission", 
    "fields": {
        "codename": "delete_classstanding", 
        "name": "Can delete class standing", 
        "content_type": 36
    }
},
{
    "pk": 154, 
    "model": "auth.permission", 
    "fields": {
        "codename": "add_migrationhistory", 
        "name": "Can add migration history", 
        "content_type": 39
    }
},
{
    "pk": 155, 
    "model": "auth.permission", 
    "fields": {
        "codename": "change_migrationhistory", 
        "name": "Can change migration history", 
        "content_type": 39
    }
},
{
    "pk": 156, 
    "model": "auth.permission", 
    "fields": {
        "codename": "delete_migrationhistory", 
        "name": "Can delete migration history", 
        "content_type": 39
    }
},
{
    "pk": 160, 
    "model": "auth.permission", 
    "fields": {
        "codename": "add_coursesubstitution", 
        "name": "Can add course substitution", 
        "content_type": 41
    }
},
{
    "pk": 161, 
    "model": "auth.permission", 
    "fields": {
        "codename": "change_coursesubstitution", 
        "name": "Can change course substitution", 
        "content_type": 41
    }
},
{
    "pk": 162, 
    "model": "auth.permission", 
    "fields": {
        "codename": "delete_coursesubstitution", 
        "name": "Can delete course substitution", 
        "content_type": 41
    }
},
{
    "pk": 163, 
    "model": "auth.permission", 
    "fields": {
        "codename": "add_plannedcourse", 
        "name": "Can add planned course", 
        "content_type": 42
    }
},
{
    "pk": 164, 
    "model": "auth.permission", 
    "fields": {
        "codename": "change_plannedcourse", 
        "name": "Can change planned course", 
        "content_type": 42
    }
},
{
    "pk": 165, 
    "model": "auth.permission", 
    "fields": {
        "codename": "delete_plannedcourse", 
        "name": "Can delete planned course", 
        "content_type": 42
    }
},
{
    "pk": 166, 
    "model": "auth.permission", 
    "fields": {
        "codename": "add_credithour", 
        "name": "Can add credit hour", 
        "content_type": 43
    }
},
{
    "pk": 167, 
    "model": "auth.permission", 
    "fields": {
        "codename": "change_credithour", 
        "name": "Can change credit hour", 
        "content_type": 43
    }
},
{
    "pk": 168, 
    "model": "auth.permission", 
    "fields": {
        "codename": "delete_credithour", 
        "name": "Can delete credit hour", 
        "content_type": 43
    }
},
{
    "pk": 1, 
    "model": "auth.user", 
    "fields": {
        "username": "admin", 
        "first_name": "", 
        "last_name": "", 
        "is_active": true, 
        "is_superuser": true, 
        "is_staff": true, 
        "last_login": "2013-06-25T20:46:27.570Z", 
        "groups": [], 
        "user_permissions": [], 
        "password": "pbkdf2_sha256$10000$pFYyb1cgghTA$692VrSI8+Y75c6KCq3cLAFbd5xCK8VCEhDAbQFsKQj4=", 
        "email": "admin@example.com", 
        "date_joined": "2013-06-04T14:21:58.409Z"
    }
},
{
    "pk": "1w3rcv3c5lgsbnfjhqtcwd3m5pbmrj0s", 
    "model": "sessions.session", 
    "fields": {
        "expire_date": "2013-07-02T20:44:43.200Z", 
        "session_data": "OGI1NGExOGE0NjI3MWNlNzAzMDc1ODNjMWE0MDg1NzgwOWIwMjRmYTqAAn1xAShVEl9hdXRoX3VzZXJfYmFja2VuZHECVSlkamFuZ28uY29udHJpYi5hdXRoLmJhY2tlbmRzLk1vZGVsQmFja2VuZHEDVQ1fYXV0aF91c2VyX2lkcQRLAXUu"
    }
},
{
    "pk": "1wt38m6m7k6ky40b70jh6dc6cu69axux", 
    "model": "sessions.session", 
    "fields": {
        "expire_date": "2013-06-24T17:13:02.962Z", 
        "session_data": "OGI1NGExOGE0NjI3MWNlNzAzMDc1ODNjMWE0MDg1NzgwOWIwMjRmYTqAAn1xAShVEl9hdXRoX3VzZXJfYmFja2VuZHECVSlkamFuZ28uY29udHJpYi5hdXRoLmJhY2tlbmRzLk1vZGVsQmFja2VuZHEDVQ1fYXV0aF91c2VyX2lkcQRLAXUu"
    }
},
{
    "pk": "37815dwpcpifwidx7ww5gt5zmn447i6d", 
    "model": "sessions.session", 
    "fields": {
        "expire_date": "2013-07-09T20:46:27.592Z", 
        "session_data": "OGI1NGExOGE0NjI3MWNlNzAzMDc1ODNjMWE0MDg1NzgwOWIwMjRmYTqAAn1xAShVEl9hdXRoX3VzZXJfYmFja2VuZHECVSlkamFuZ28uY29udHJpYi5hdXRoLmJhY2tlbmRzLk1vZGVsQmFja2VuZHEDVQ1fYXV0aF91c2VyX2lkcQRLAXUu"
    }
},
{
    "pk": "cajr1xwjbqppyuaisnjcf5exzr0gf26w", 
    "model": "sessions.session", 
    "fields": {
        "expire_date": "2013-06-27T19:10:44.701Z", 
        "session_data": "OGI1NGExOGE0NjI3MWNlNzAzMDc1ODNjMWE0MDg1NzgwOWIwMjRmYTqAAn1xAShVEl9hdXRoX3VzZXJfYmFja2VuZHECVSlkamFuZ28uY29udHJpYi5hdXRoLmJhY2tlbmRzLk1vZGVsQmFja2VuZHEDVQ1fYXV0aF91c2VyX2lkcQRLAXUu"
    }
},
{
    "pk": "ln8ui11inf51ih8fxlx85oa243pbf1bd", 
    "model": "sessions.session", 
    "fields": {
        "expire_date": "2013-06-18T19:29:15.742Z", 
        "session_data": "OGI1NGExOGE0NjI3MWNlNzAzMDc1ODNjMWE0MDg1NzgwOWIwMjRmYTqAAn1xAShVEl9hdXRoX3VzZXJfYmFja2VuZHECVSlkamFuZ28uY29udHJpYi5hdXRoLmJhY2tlbmRzLk1vZGVsQmFja2VuZHEDVQ1fYXV0aF91c2VyX2lkcQRLAXUu"
    }
},
{
    "pk": "mj1qa7ufa2ud01qzqnk4dsq2uvz3u6b1", 
    "model": "sessions.session", 
    "fields": {
        "expire_date": "2013-06-19T16:45:20.793Z", 
        "session_data": "OGI1NGExOGE0NjI3MWNlNzAzMDc1ODNjMWE0MDg1NzgwOWIwMjRmYTqAAn1xAShVEl9hdXRoX3VzZXJfYmFja2VuZHECVSlkamFuZ28uY29udHJpYi5hdXRoLmJhY2tlbmRzLk1vZGVsQmFja2VuZHEDVQ1fYXV0aF91c2VyX2lkcQRLAXUu"
    }
},
{
    "pk": "u2zuqv7tmq69hailfz1qrozav4aab9qe", 
    "model": "sessions.session", 
    "fields": {
        "expire_date": "2013-06-20T20:30:57.016Z", 
        "session_data": "OGI1NGExOGE0NjI3MWNlNzAzMDc1ODNjMWE0MDg1NzgwOWIwMjRmYTqAAn1xAShVEl9hdXRoX3VzZXJfYmFja2VuZHECVSlkamFuZ28uY29udHJpYi5hdXRoLmJhY2tlbmRzLk1vZGVsQmFja2VuZHEDVQ1fYXV0aF91c2VyX2lkcQRLAXUu"
    }
},
{
    "pk": "ujlhxxamzxoc67zb8rr3ffb1nua41ygg", 
    "model": "sessions.session", 
    "fields": {
        "expire_date": "2013-06-26T19:59:16.247Z", 
        "session_data": "OGI1NGExOGE0NjI3MWNlNzAzMDc1ODNjMWE0MDg1NzgwOWIwMjRmYTqAAn1xAShVEl9hdXRoX3VzZXJfYmFja2VuZHECVSlkamFuZ28uY29udHJpYi5hdXRoLmJhY2tlbmRzLk1vZGVsQmFja2VuZHEDVQ1fYXV0aF91c2VyX2lkcQRLAXUu"
    }
},
{
    "pk": 1, 
    "model": "sites.site", 
    "fields": {
        "domain": "example.com", 
        "name": "example.com"
    }
},
{
    "pk": 1, 
    "model": "admin.logentry", 
    "fields": {
        "action_flag": 3, 
        "action_time": "2013-06-25T21:28:55.028Z", 
        "object_repr": "2011-2012", 
        "object_id": "4", 
        "change_message": "", 
        "user": 1, 
        "content_type": 17
    }
},
{
    "pk": 2, 
    "model": "admin.logentry", 
    "fields": {
        "action_flag": 3, 
        "action_time": "2013-06-25T21:28:55.048Z", 
        "object_repr": "2012-2013", 
        "object_id": "3", 
        "change_message": "", 
        "user": 1, 
        "content_type": 17
    }
},
{
    "pk": 3, 
    "model": "admin.logentry", 
    "fields": {
        "action_flag": 3, 
        "action_time": "2013-06-25T21:40:10.442Z", 
        "object_repr": "2018-2018", 
        "object_id": "7", 
        "change_message": "", 
        "user": 1, 
        "content_type": 17
    }
},
{
    "pk": 1, 
    "model": "south.migrationhistory", 
    "fields": {
        "applied": "2013-06-18T20:32:43.579Z", 
        "app_name": "planner", 
        "migration": "0001_initial"
    }
},
{
    "pk": 2, 
    "model": "south.migrationhistory", 
    "fields": {
        "applied": "2013-06-18T20:42:23.393Z", 
        "app_name": "planner", 
        "migration": "0002_auto__add_field_course_min_credit_hours__add_field_course_max_credit_h"
    }
},
{
    "pk": 3, 
    "model": "south.migrationhistory", 
    "fields": {
        "applied": "2013-06-18T20:42:23.659Z", 
        "app_name": "planner", 
        "migration": "0003_create_min_max_credit_hours_from_credit_hours"
    }
},
{
    "pk": 4, 
    "model": "south.migrationhistory", 
    "fields": {
        "applied": "2013-06-18T20:42:24.051Z", 
        "app_name": "planner", 
        "migration": "0004_auto__del_field_course_credit_hours__chg_field_course_min_credit_hours"
    }
},
{
    "pk": 5, 
    "model": "south.migrationhistory", 
    "fields": {
        "applied": "2013-06-20T20:12:06.596Z", 
        "app_name": "planner", 
        "migration": "0005_auto__del_requirementblock__del_transfercourse__add_coursesubstitution"
    }
},
{
    "pk": 6, 
    "model": "south.migrationhistory", 
    "fields": {
        "applied": "2013-06-20T20:31:41.413Z", 
        "app_name": "planner", 
        "migration": "0006_auto__add_plannedcourse"
    }
},
{
    "pk": 7, 
    "model": "south.migrationhistory", 
    "fields": {
        "applied": "2013-06-21T19:52:04.462Z", 
        "app_name": "planner", 
        "migration": "0007_auto__add_field_courseoffering_status"
    }
},
{
    "pk": 8, 
    "model": "south.migrationhistory", 
    "fields": {
        "applied": "2013-06-21T20:26:38.313Z", 
        "app_name": "planner", 
        "migration": "0008_auto__add_credithour__add_field_course_credit_hour"
    }
},
{
    "pk": 9, 
    "model": "south.migrationhistory", 
    "fields": {
        "applied": "2013-06-21T20:26:38.675Z", 
        "app_name": "planner", 
        "migration": "0009_replace_min_max_credit_hour_with_credit_hour"
    }
},
{
    "pk": 10, 
    "model": "south.migrationhistory", 
    "fields": {
        "applied": "2013-06-21T20:26:38.995Z", 
        "app_name": "planner", 
        "migration": "0010_auto__del_field_course_min_credit_hours__del_field_course_max_credit_h"
    }
},
{
    "pk": 11, 
    "model": "south.migrationhistory", 
    "fields": {
        "applied": "2013-06-21T20:27:54.829Z", 
        "app_name": "planner", 
        "migration": "0011_auto__chg_field_course_credit_hour"
    }
},
{
    "pk": 12, 
    "model": "south.migrationhistory", 
    "fields": {
        "applied": "2013-06-21T20:37:16.709Z", 
        "app_name": "planner", 
        "migration": "0012_auto__add_field_course_credit_hours"
    }
},
{
    "pk": 13, 
    "model": "south.migrationhistory", 
    "fields": {
        "applied": "2013-06-21T20:37:17.050Z", 
        "app_name": "planner", 
        "migration": "0013_replace_credit_hour_with_credit_hours"
    }
},
{
    "pk": 14, 
    "model": "south.migrationhistory", 
    "fields": {
        "applied": "2013-06-21T20:38:49.239Z", 
        "app_name": "planner", 
        "migration": "0014_auto__del_field_course_credit_hour__chg_field_course_credit_hours"
    }
},
{
    "pk": 15, 
    "model": "south.migrationhistory", 
    "fields": {
        "applied": "2013-06-25T21:49:36.903Z", 
        "app_name": "planner", 
        "migration": "0015_auto__add_unique_semester_name_year"
    }
},
{
    "pk": 1, 
    "model": "planner.person", 
    "fields": {
        "first_name": "Professor", 
        "last_name": "X", 
        "work_phone": "", 
        "photo": "", 
        "created_at": "2013-06-04T20:36:40.160Z", 
        "updated_at": "2013-06-04T20:36:40.160Z", 
        "home_phone": "", 
        "cell_phone": "", 
        "nickname": ""
    }
},
{
    "pk": 2, 
    "model": "planner.person", 
    "fields": {
        "first_name": "John", 
        "last_name": "Doe", 
        "work_phone": "", 
        "photo": "", 
        "created_at": "2013-06-05T17:02:52.054Z", 
        "updated_at": "2013-06-05T17:02:52.054Z", 
        "home_phone": "", 
        "cell_phone": "", 
        "nickname": ""
    }
},
{
    "pk": 1, 
    "model": "planner.university", 
    "fields": {
        "url": "http://www.taylor.edu/", 
        "created_at": "2013-06-04T19:39:37.002Z", 
        "updated_at": "2013-06-04T19:39:37.002Z", 
        "name": "Taylor University"
    }
},
{
    "pk": 1, 
    "model": "planner.school", 
    "fields": {
        "university": 1, 
        "created_at": "2013-06-04T19:49:22.863Z", 
        "dean": null, 
        "updated_at": "2013-06-04T19:49:22.863Z", 
        "name": "Natural and Applied Sciences"
    }
},
{
    "pk": 2, 
    "model": "planner.school", 
    "fields": {
        "university": 1, 
        "created_at": "2013-06-10T17:13:25.341Z", 
        "dean": null, 
        "updated_at": "2013-06-10T17:13:25.341Z", 
        "name": "Liberal Arts"
    }
},
{
    "pk": 3, 
    "model": "planner.school", 
    "fields": {
        "university": 1, 
        "created_at": "2013-06-10T17:13:38.098Z", 
        "dean": null, 
        "updated_at": "2013-06-10T17:13:38.098Z", 
        "name": "Business"
    }
},
{
    "pk": 4, 
    "model": "planner.school", 
    "fields": {
        "university": 1, 
        "created_at": "2013-06-10T17:13:53.455Z", 
        "dean": null, 
        "updated_at": "2013-06-10T17:13:53.455Z", 
        "name": "Professional Studies"
    }
},
{
    "pk": 1, 
    "model": "planner.department", 
    "fields": {
        "abbrev": "CSE", 
        "chair": null, 
        "name": "Computer Science and Engineering", 
        "school": 1
    }
},
{
    "pk": 2, 
    "model": "planner.department", 
    "fields": {
        "abbrev": "Biology", 
        "chair": null, 
        "name": "Biology", 
        "school": 1
    }
},
{
    "pk": 3, 
    "model": "planner.department", 
    "fields": {
        "abbrev": "ART", 
        "chair": null, 
        "name": "Art", 
        "school": 2
    }
},
{
    "pk": 4, 
    "model": "planner.department", 
    "fields": {
        "abbrev": "BIB", 
        "chair": null, 
        "name": "Biblical Studies", 
        "school": 2
    }
},
{
    "pk": 5, 
    "model": "planner.department", 
    "fields": {
        "abbrev": "CEM", 
        "chair": null, 
        "name": "Christian Educational Ministries", 
        "school": 2
    }
},
{
    "pk": 6, 
    "model": "planner.department", 
    "fields": {
        "abbrev": "COM", 
        "chair": null, 
        "name": "Communication", 
        "school": 2
    }
},
{
    "pk": 7, 
    "model": "planner.department", 
    "fields": {
        "abbrev": "ENG", 
        "chair": null, 
        "name": "English", 
        "school": 2
    }
},
{
    "pk": 8, 
    "model": "planner.department", 
    "fields": {
        "abbrev": "GEO", 
        "chair": null, 
        "name": "Geography", 
        "school": 2
    }
},
{
    "pk": 9, 
    "model": "planner.department", 
    "fields": {
        "abbrev": "MCM", 
        "chair": null, 
        "name": "Media Communication", 
        "school": 2
    }
},
{
    "pk": 10, 
    "model": "planner.department", 
    "fields": {
        "abbrev": "MUS", 
        "chair": null, 
        "name": "Music", 
        "school": 2
    }
},
{
    "pk": 11, 
    "model": "planner.department", 
    "fields": {
        "abbrev": "PHI", 
        "chair": null, 
        "name": "Philosophy", 
        "school": 2
    }
},
{
    "pk": 12, 
    "model": "planner.department", 
    "fields": {
        "abbrev": "POS", 
        "chair": null, 
        "name": "Political Science", 
        "school": 2
    }
},
{
    "pk": 13, 
    "model": "planner.department", 
    "fields": {
        "abbrev": "PSY", 
        "chair": null, 
        "name": "Psychology", 
        "school": 2
    }
},
{
    "pk": 14, 
    "model": "planner.department", 
    "fields": {
        "abbrev": "SOC", 
        "chair": null, 
        "name": "Sociology", 
        "school": 2
    }
},
{
    "pk": 15, 
    "model": "planner.department", 
    "fields": {
        "abbrev": "CHE", 
        "chair": null, 
        "name": "Chemistry and Biochemistry", 
        "school": 1
    }
},
{
    "pk": 16, 
    "model": "planner.department", 
    "fields": {
        "abbrev": "EES", 
        "chair": null, 
        "name": "Earth and Environmental Science", 
        "school": 1
    }
},
{
    "pk": 17, 
    "model": "planner.department", 
    "fields": {
        "abbrev": "MAT", 
        "chair": null, 
        "name": "Mathematics", 
        "school": 1
    }
},
{
    "pk": 18, 
    "model": "planner.department", 
    "fields": {
        "abbrev": "MDL", 
        "chair": null, 
        "name": "Modern Languages", 
        "school": 2
    }
},
{
    "pk": 19, 
    "model": "planner.department", 
    "fields": {
        "abbrev": "", 
        "chair": null, 
        "name": "Physics and Engineering", 
        "school": 1
    }
},
{
    "pk": 20, 
    "model": "planner.department", 
    "fields": {
        "abbrev": "PHP", 
        "chair": null, 
        "name": "Physical Education and Human Performance", 
        "school": 4
    }
},
{
    "pk": 1, 
    "model": "planner.major", 
    "fields": {
        "department": 1, 
        "name": "Computer Science (BS)"
    }
},
{
    "pk": 1, 
    "model": "planner.minor", 
    "fields": {
        "department": 1, 
        "name": "Computer Science"
    }
},
{
    "pk": 1, 
    "model": "planner.facultymember", 
    "fields": {
        "department": 1, 
        "university": 1, 
        "faculty_id": "1", 
        "rank": "Full"
    }
},
{
    "pk": 1, 
    "model": "planner.academicyear", 
    "fields": {
        "end_on": "2013-08-18", 
        "begin_on": "2012-08-27"
    }
},
{
    "pk": 2, 
    "model": "planner.academicyear", 
    "fields": {
        "end_on": "2012-08-26", 
        "begin_on": "2011-08-29"
    }
},
{
    "pk": 3, 
    "model": "planner.academicyear", 
    "fields": {
        "end_on": "2014-07-31", 
        "begin_on": "2013-08-01"
    }
},
{
    "pk": 4, 
    "model": "planner.academicyear", 
    "fields": {
        "end_on": "2015-07-31", 
        "begin_on": "2014-08-01"
    }
},
{
    "pk": 5, 
    "model": "planner.academicyear", 
    "fields": {
        "end_on": "2016-07-31", 
        "begin_on": "2015-08-01"
    }
},
{
    "pk": 6, 
    "model": "planner.academicyear", 
    "fields": {
        "end_on": "2017-07-31", 
        "begin_on": "2016-08-01"
    }
},
{
    "pk": 8, 
    "model": "planner.academicyear", 
    "fields": {
        "end_on": "2019-07-31", 
        "begin_on": "2018-08-01"
    }
},
{
    "pk": 9, 
    "model": "planner.academicyear", 
    "fields": {
        "end_on": "2018-07-31", 
        "begin_on": "2017-08-01"
    }
},
{
    "pk": 1, 
    "model": "planner.semestername", 
    "fields": {
        "name": "Fall", 
        "seq": 10
    }
},
{
    "pk": 2, 
    "model": "planner.semestername", 
    "fields": {
        "name": "J-Term", 
        "seq": 20
    }
},
{
    "pk": 3, 
    "model": "planner.semestername", 
    "fields": {
        "name": "Spring", 
        "seq": 30
    }
},
{
    "pk": 4, 
    "model": "planner.semestername", 
    "fields": {
        "name": "Summer", 
        "seq": 40
    }
},
{
    "pk": 1, 
    "model": "planner.semester", 
    "fields": {
        "begin_on": "2012-08-27", 
        "end_on": "2012-12-18", 
        "name": 1, 
        "year": 1
    }
},
{
    "pk": 2, 
    "model": "planner.semester", 
    "fields": {
        "begin_on": "2013-01-03", 
        "end_on": "2013-01-28", 
        "name": 2, 
        "year": 1
    }
},
{
    "pk": 3, 
    "model": "planner.semester", 
    "fields": {
        "begin_on": "2013-01-31", 
        "end_on": "2013-05-21", 
        "name": 3, 
        "year": 1
    }
},
{
    "pk": 4, 
    "model": "planner.semester", 
    "fields": {
        "begin_on": "2013-05-23", 
        "end_on": "2013-08-18", 
        "name": 4, 
        "year": 1
    }
},
{
    "pk": 5, 
    "model": "planner.semester", 
    "fields": {
        "begin_on": "2013-08-01", 
        "end_on": "2013-12-18", 
        "name": 1, 
        "year": 3
    }
},
{
    "pk": 6, 
    "model": "planner.semester", 
    "fields": {
        "begin_on": "2014-01-03", 
        "end_on": "2014-01-28", 
        "name": 2, 
        "year": 3
    }
},
{
    "pk": 7, 
    "model": "planner.semester", 
    "fields": {
        "begin_on": "2014-01-31", 
        "end_on": "2014-05-21", 
        "name": 3, 
        "year": 3
    }
},
{
    "pk": 8, 
    "model": "planner.semester", 
    "fields": {
        "begin_on": "2014-05-23", 
        "end_on": "2014-07-31", 
        "name": 4, 
        "year": 3
    }
},
{
    "pk": 9, 
    "model": "planner.semester", 
    "fields": {
        "begin_on": "2014-08-01", 
        "end_on": "2014-12-18", 
        "name": 1, 
        "year": 4
    }
},
{
    "pk": 10, 
    "model": "planner.semester", 
    "fields": {
        "begin_on": "2015-01-03", 
        "end_on": "2015-01-28", 
        "name": 2, 
        "year": 4
    }
},
{
    "pk": 11, 
    "model": "planner.semester", 
    "fields": {
        "begin_on": "2015-01-31", 
        "end_on": "2015-05-21", 
        "name": 3, 
        "year": 4
    }
},
{
    "pk": 12, 
    "model": "planner.semester", 
    "fields": {
        "begin_on": "2015-05-23", 
        "end_on": "2015-07-31", 
        "name": 4, 
        "year": 4
    }
},
{
    "pk": 13, 
    "model": "planner.semester", 
    "fields": {
        "begin_on": "2015-08-01", 
        "end_on": "2015-12-18", 
        "name": 1, 
        "year": 5
    }
},
{
    "pk": 14, 
    "model": "planner.semester", 
    "fields": {
        "begin_on": "2016-01-03", 
        "end_on": "2016-01-28", 
        "name": 2, 
        "year": 5
    }
},
{
    "pk": 15, 
    "model": "planner.semester", 
    "fields": {
        "begin_on": "2016-01-31", 
        "end_on": "2016-05-21", 
        "name": 3, 
        "year": 5
    }
},
{
    "pk": 16, 
    "model": "planner.semester", 
    "fields": {
        "begin_on": "2016-05-23", 
        "end_on": "2016-07-31", 
        "name": 4, 
        "year": 5
    }
},
{
    "pk": 17, 
    "model": "planner.semester", 
    "fields": {
        "begin_on": "2016-08-01", 
        "end_on": "2016-12-18", 
        "name": 1, 
        "year": 6
    }
},
{
    "pk": 18, 
    "model": "planner.semester", 
    "fields": {
        "begin_on": "2017-01-03", 
        "end_on": "2017-01-28", 
        "name": 2, 
        "year": 6
    }
},
{
    "pk": 19, 
    "model": "planner.semester", 
    "fields": {
        "begin_on": "2017-01-31", 
        "end_on": "2017-05-21", 
        "name": 3, 
        "year": 6
    }
},
{
    "pk": 20, 
    "model": "planner.semester", 
    "fields": {
        "begin_on": "2017-05-23", 
        "end_on": "2017-07-31", 
        "name": 4, 
        "year": 6
    }
},
{
    "pk": 21, 
    "model": "planner.semester", 
    "fields": {
        "begin_on": "2017-08-01", 
        "end_on": "2017-12-18", 
        "name": 1, 
        "year": 9
    }
},
{
    "pk": 22, 
    "model": "planner.semester", 
    "fields": {
        "begin_on": "2018-01-03", 
        "end_on": "2018-01-28", 
        "name": 2, 
        "year": 9
    }
},
{
    "pk": 23, 
    "model": "planner.semester", 
    "fields": {
        "begin_on": "2018-01-31", 
        "end_on": "2018-05-21", 
        "name": 3, 
        "year": 9
    }
},
{
    "pk": 24, 
    "model": "planner.semester", 
    "fields": {
        "begin_on": "2018-05-23", 
        "end_on": "2018-07-31", 
        "name": 4, 
        "year": 9
    }
},
{
    "pk": 1, 
    "model": "planner.subject", 
    "fields": {
        "department": 1, 
        "abbrev": "COS", 
        "created_at": "2013-06-04T20:21:31.584Z", 
        "updated_at": "2013-06-04T20:21:31.584Z", 
        "name": "Computer Science"
    }
},
{
    "pk": 2, 
    "model": "planner.subject", 
    "fields": {
        "department": 2, 
        "abbrev": "BIO", 
        "created_at": "2013-06-06T20:38:00.273Z", 
        "updated_at": "2013-06-06T20:38:00.273Z", 
        "name": "Biology"
    }
},
{
    "pk": 3, 
    "model": "planner.subject", 
    "fields": {
        "department": 17, 
        "abbrev": "MAT", 
        "created_at": "2013-06-10T19:04:01.140Z", 
        "updated_at": "2013-06-10T19:04:01.140Z", 
        "name": "Mathematics"
    }
},
{
    "pk": 4, 
    "model": "planner.subject", 
    "fields": {
        "department": 1, 
        "abbrev": "SYS", 
        "created_at": "2013-06-10T19:10:20.354Z", 
        "updated_at": "2013-06-10T19:10:20.354Z", 
        "name": "Systems"
    }
},
{
    "pk": 5, 
    "model": "planner.subject", 
    "fields": {
        "department": 15, 
        "abbrev": "CHE", 
        "created_at": "2013-06-11T20:23:23.525Z", 
        "updated_at": "2013-06-11T20:23:23.525Z", 
        "name": "Chemistry"
    }
},
{
    "pk": 6, 
    "model": "planner.subject", 
    "fields": {
        "department": 16, 
        "abbrev": "ENS", 
        "created_at": "2013-06-11T20:24:07.283Z", 
        "updated_at": "2013-06-11T20:24:07.283Z", 
        "name": "Environmental Science"
    }
},
{
    "pk": 7, 
    "model": "planner.subject", 
    "fields": {
        "department": 19, 
        "abbrev": "PHY", 
        "created_at": "2013-06-11T20:27:14.852Z", 
        "updated_at": "2013-06-11T20:27:14.852Z", 
        "name": "Physics"
    }
},
{
    "pk": 8, 
    "model": "planner.subject", 
    "fields": {
        "department": 19, 
        "abbrev": "ENP", 
        "created_at": "2013-06-11T20:29:11.836Z", 
        "updated_at": "2013-06-11T20:29:11.836Z", 
        "name": "Engineering"
    }
},
{
    "pk": 9, 
    "model": "planner.subject", 
    "fields": {
        "department": 16, 
        "abbrev": "GEO", 
        "created_at": "2013-06-11T20:31:10.179Z", 
        "updated_at": "2013-06-11T20:31:10.179Z", 
        "name": "Geology"
    }
},
{
    "pk": 10, 
    "model": "planner.subject", 
    "fields": {
        "department": null, 
        "abbrev": "IAS", 
        "created_at": "2013-06-12T22:30:47.726Z", 
        "updated_at": "2013-06-12T22:30:47.726Z", 
        "name": "Interarea Studies"
    }
},
{
    "pk": 11, 
    "model": "planner.subject", 
    "fields": {
        "department": 4, 
        "abbrev": "BIB", 
        "created_at": "2013-06-12T22:33:27.860Z", 
        "updated_at": "2013-06-12T22:33:27.860Z", 
        "name": "Biblical Studies"
    }
},
{
    "pk": 12, 
    "model": "planner.subject", 
    "fields": {
        "department": 4, 
        "abbrev": "REL", 
        "created_at": "2013-06-12T22:34:37.131Z", 
        "updated_at": "2013-06-12T22:34:37.131Z", 
        "name": "Religion"
    }
},
{
    "pk": 13, 
    "model": "planner.subject", 
    "fields": {
        "department": 11, 
        "abbrev": "PHI", 
        "created_at": "2013-06-12T22:35:31.234Z", 
        "updated_at": "2013-06-12T22:35:31.234Z", 
        "name": "Philosophy"
    }
},
{
    "pk": 14, 
    "model": "planner.subject", 
    "fields": {
        "department": 20, 
        "abbrev": "PHP", 
        "created_at": "2013-06-12T22:41:32.309Z", 
        "updated_at": "2013-06-12T22:41:32.309Z", 
        "name": "Physical Education and Human Performance"
    }
},
{
    "pk": 15, 
    "model": "planner.subject", 
    "fields": {
        "department": null, 
        "abbrev": "HUM", 
        "created_at": "2013-06-13T19:16:54.153Z", 
        "updated_at": "2013-06-13T19:16:54.153Z", 
        "name": "Humanities"
    }
},
{
    "pk": 16, 
    "model": "planner.subject", 
    "fields": {
        "department": 9, 
        "abbrev": "MCM", 
        "created_at": "2013-06-13T19:22:55.661Z", 
        "updated_at": "2013-06-13T19:22:55.661Z", 
        "name": "332"
    }
},
{
    "pk": 17, 
    "model": "planner.subject", 
    "fields": {
        "department": 10, 
        "abbrev": "MUS", 
        "created_at": "2013-06-13T19:23:50.823Z", 
        "updated_at": "2013-06-13T19:23:50.823Z", 
        "name": "Music"
    }
},
{
    "pk": 18, 
    "model": "planner.subject", 
    "fields": {
        "department": 7, 
        "abbrev": "ENG", 
        "created_at": "2013-06-13T19:51:01.309Z", 
        "updated_at": "2013-06-13T19:51:01.309Z", 
        "name": "English"
    }
},
{
    "pk": 19, 
    "model": "planner.subject", 
    "fields": {
        "department": 6, 
        "abbrev": "CAS", 
        "created_at": "2013-06-13T19:54:49.485Z", 
        "updated_at": "2013-06-13T19:54:49.485Z", 
        "name": "Communication Studies"
    }
},
{
    "pk": 20, 
    "model": "planner.subject", 
    "fields": {
        "department": 14, 
        "abbrev": "SOC", 
        "created_at": "2013-06-13T20:07:04.253Z", 
        "updated_at": "2013-06-13T20:07:04.253Z", 
        "name": "Sociology"
    }
},
{
    "pk": 21, 
    "model": "planner.subject", 
    "fields": {
        "department": null, 
        "abbrev": "CAT", 
        "created_at": "2013-06-13T20:22:19.838Z", 
        "updated_at": "2013-06-13T20:22:19.838Z", 
        "name": "Communication Arts"
    }
},
{
    "pk": 22, 
    "model": "planner.subject", 
    "fields": {
        "department": null, 
        "abbrev": "ECO", 
        "created_at": "2013-06-13T20:26:06.333Z", 
        "updated_at": "2013-06-13T20:26:06.333Z", 
        "name": "Economics"
    }
},
{
    "pk": 23, 
    "model": "planner.subject", 
    "fields": {
        "department": null, 
        "abbrev": "HIS", 
        "created_at": "2013-06-13T20:54:12.111Z", 
        "updated_at": "2013-06-13T20:54:12.111Z", 
        "name": "History"
    }
},
{
    "pk": 24, 
    "model": "planner.subject", 
    "fields": {
        "department": 12, 
        "abbrev": "POS", 
        "created_at": "2013-06-13T20:54:33.073Z", 
        "updated_at": "2013-06-13T20:54:39.447Z", 
        "name": "Political Science"
    }
},
{
    "pk": 25, 
    "model": "planner.subject", 
    "fields": {
        "department": 13, 
        "abbrev": "PSY", 
        "created_at": "2013-06-13T20:56:33.080Z", 
        "updated_at": "2013-06-13T20:56:33.080Z", 
        "name": "Psychology"
    }
},
{
    "pk": 26, 
    "model": "planner.subject", 
    "fields": {
        "department": null, 
        "abbrev": "SWK", 
        "created_at": "2013-06-13T20:56:47.147Z", 
        "updated_at": "2013-06-13T20:56:47.147Z", 
        "name": "Social Work"
    }
},
{
    "pk": 1, 
    "model": "planner.courseattribute", 
    "fields": {
        "abbrev": "SP", 
        "created_at": "2013-06-04T20:26:04.492Z", 
        "updated_at": "2013-06-04T20:26:04.492Z", 
        "name": "Speaking"
    }
},
{
    "pk": 2, 
    "model": "planner.courseattribute", 
    "fields": {
        "abbrev": "CC", 
        "created_at": "2013-06-04T20:26:14.871Z", 
        "updated_at": "2013-06-04T20:26:14.871Z", 
        "name": "Cross Cultural"
    }
},
{
    "pk": 3, 
    "model": "planner.courseattribute", 
    "fields": {
        "abbrev": "WR", 
        "created_at": "2013-06-04T20:26:23.753Z", 
        "updated_at": "2013-06-04T20:26:23.753Z", 
        "name": "Writing"
    }
},
{
    "pk": 1, 
    "model": "planner.constraint", 
    "fields": {
        "constraint_text": "any", 
        "name": "Any - When any of the courses will meet requirements"
    }
},
{
    "pk": 2, 
    "model": "planner.constraint", 
    "fields": {
        "constraint_text": "all", 
        "name": "All - when all courses are requried"
    }
},
{
    "pk": 3, 
    "model": "planner.constraint", 
    "fields": {
        "constraint_text": "meet_some at_least 2", 
        "name": "Two of the Following"
    }
},
{
    "pk": 4, 
    "model": "planner.constraint", 
    "fields": {
        "constraint_text": "min_required_credit_hours at_least 7", 
        "name": "Need Seven Credit Hours"
    }
},
{
    "pk": 5, 
    "model": "planner.constraint", 
    "fields": {
        "constraint_text": "all_sub_categories_satisfied", 
        "name": "All sub_categories need to be satisfied"
    }
},
{
    "pk": 6, 
    "model": "planner.constraint", 
    "fields": {
        "constraint_text": "satisfy_some_sub_categories at_least 2", 
        "name": "Two sub categories satisfied"
    }
},
{
    "pk": 7, 
    "model": "planner.constraint", 
    "fields": {
        "constraint_text": "different_departments at_least 2", 
        "name": "Courses Must be From Two Different Departments"
    }
},
{
    "pk": 1, 
    "model": "planner.requirement", 
    "fields": {
        "courses": [
            4
        ], 
        "requirements": [], 
        "display_name": "COS 120", 
        "name": "COS 120 ", 
        "constraints": [
            2
        ]
    }
},
{
    "pk": 2, 
    "model": "planner.requirement", 
    "fields": {
        "courses": [
            10, 
            25, 
            11, 
            40, 
            26, 
            27, 
            41, 
            42, 
            32, 
            22, 
            12, 
            23, 
            28, 
            29, 
            13, 
            24, 
            14, 
            15, 
            43, 
            44, 
            16
        ], 
        "requirements": [], 
        "display_name": "Any COS 300 ", 
        "name": "Any COS 300", 
        "constraints": [
            1
        ]
    }
},
{
    "pk": 3, 
    "model": "planner.requirement", 
    "fields": {
        "courses": [
            6
        ], 
        "requirements": [], 
        "display_name": "COS 143", 
        "name": "COS 143", 
        "constraints": [
            2
        ]
    }
},
{
    "pk": 4, 
    "model": "planner.requirement", 
    "fields": {
        "courses": [
            11, 
            12, 
            13
        ], 
        "requirements": [], 
        "display_name": "CS Theory Courses", 
        "name": "CS Theory Courses", 
        "constraints": [
            3
        ]
    }
},
{
    "pk": 5, 
    "model": "planner.requirement", 
    "fields": {
        "courses": [
            1, 
            2, 
            46, 
            47, 
            48, 
            49, 
            50, 
            51, 
            52, 
            53, 
            54
        ], 
        "requirements": [], 
        "display_name": "Life Science Gen Eds", 
        "name": "Life Science Gen Eds", 
        "constraints": [
            1
        ]
    }
},
{
    "pk": 6, 
    "model": "planner.requirement", 
    "fields": {
        "courses": [
            55, 
            52, 
            56, 
            57, 
            58, 
            59, 
            60
        ], 
        "requirements": [], 
        "display_name": "Physical Science Gen Eds", 
        "name": "Physical Science Gen Eds", 
        "constraints": [
            1
        ]
    }
},
{
    "pk": 7, 
    "model": "planner.requirement", 
    "fields": {
        "courses": [
            62, 
            61, 
            64, 
            65, 
            66
        ], 
        "requirements": [], 
        "display_name": "Earth Science Gen Eds", 
        "name": "Earth Science Gen Eds", 
        "constraints": [
            1
        ]
    }
},
{
    "pk": 8, 
    "model": "planner.requirement", 
    "fields": {
        "courses": [], 
        "requirements": [
            7, 
            5, 
            6
        ], 
        "display_name": "Science Gen Eds", 
        "name": "Science Gen Eds", 
        "constraints": [
            4, 
            6
        ]
    }
},
{
    "pk": 9, 
    "model": "planner.requirement", 
    "fields": {
        "courses": [
            67
        ], 
        "requirements": [], 
        "display_name": "Orientation Gen Eds", 
        "name": "Orientation Gen Eds", 
        "constraints": [
            2
        ]
    }
},
{
    "pk": 10, 
    "model": "planner.requirement", 
    "fields": {
        "courses": [
            69, 
            70, 
            68, 
            73, 
            72, 
            71
        ], 
        "requirements": [], 
        "display_name": "Spiritual Foundation Gen Eds", 
        "name": "Spiritual Foundation Gen Eds", 
        "constraints": [
            2
        ]
    }
},
{
    "pk": 11, 
    "model": "planner.requirement", 
    "fields": {
        "courses": [
            75, 
            76, 
            77, 
            78, 
            79, 
            80, 
            81, 
            82
        ], 
        "requirements": [], 
        "display_name": "Stewardship of the Body Gen Eds Sub", 
        "name": "Stewardship of the Body Gen Eds Sub", 
        "constraints": [
            1
        ]
    }
},
{
    "pk": 12, 
    "model": "planner.requirement", 
    "fields": {
        "courses": [
            74
        ], 
        "requirements": [
            11
        ], 
        "display_name": "Stewardship of the Body Gen Eds", 
        "name": "Stewardship of the Body Gen Eds", 
        "constraints": [
            2, 
            5
        ]
    }
},
{
    "pk": 13, 
    "model": "planner.requirement", 
    "fields": {
        "courses": [
            90, 
            91
        ], 
        "requirements": [], 
        "display_name": "Speaking Gen Ed", 
        "name": "Speaking Gen Ed", 
        "constraints": [
            1
        ]
    }
},
{
    "pk": 14, 
    "model": "planner.requirement", 
    "fields": {
        "courses": [
            89
        ], 
        "requirements": [], 
        "display_name": "Writing Gen Ed", 
        "name": "Writing Gen Ed", 
        "constraints": [
            2
        ]
    }
},
{
    "pk": 15, 
    "model": "planner.requirement", 
    "fields": {
        "courses": [
            92, 
            93, 
            94, 
            95, 
            17, 
            96, 
            97, 
            98, 
            99
        ], 
        "requirements": [], 
        "display_name": "Mathematics Gen Ed", 
        "name": "Mathematics Gen Ed", 
        "constraints": [
            1
        ]
    }
},
{
    "pk": 16, 
    "model": "planner.requirement", 
    "fields": {
        "courses": [
            87, 
            88
        ], 
        "requirements": [], 
        "display_name": "Computer Science Gen Eds", 
        "name": "Computer Science Gen Eds", 
        "constraints": [
            1
        ]
    }
},
{
    "pk": 17, 
    "model": "planner.requirement", 
    "fields": {
        "courses": [
            103, 
            100, 
            101, 
            102
        ], 
        "requirements": [], 
        "display_name": "Literature Gen Eds", 
        "name": "Literature Gen Eds", 
        "constraints": [
            1
        ]
    }
},
{
    "pk": 18, 
    "model": "planner.requirement", 
    "fields": {
        "courses": [
            104, 
            106, 
            107, 
            108, 
            109, 
            110, 
            111, 
            112, 
            113, 
            114, 
            115, 
            116, 
            117, 
            118, 
            119, 
            120, 
            121
        ], 
        "requirements": [], 
        "display_name": "Civic Engagement Gen Eds", 
        "name": "Civic Engagement Gen Eds", 
        "constraints": [
            1
        ]
    }
},
{
    "pk": 19, 
    "model": "planner.requirement", 
    "fields": {
        "courses": [
            122, 
            123, 
            124, 
            125, 
            126, 
            127, 
            128, 
            129, 
            130, 
            131, 
            132, 
            133, 
            134, 
            135, 
            136, 
            137, 
            138, 
            139, 
            140
        ], 
        "requirements": [], 
        "display_name": "General Social Science Gen Eds", 
        "name": "General Social Science Gen Eds", 
        "constraints": []
    }
},
{
    "pk": 20, 
    "model": "planner.requirement", 
    "fields": {
        "courses": [], 
        "requirements": [
            18, 
            19
        ], 
        "display_name": "Social Science Gen Eds", 
        "name": "Social Science Gen Eds", 
        "constraints": [
            5, 
            7
        ]
    }
},
{
    "pk": 1, 
    "model": "planner.credithour", 
    "fields": {
        "name": "3", 
        "value": "3"
    }
},
{
    "pk": 2, 
    "model": "planner.credithour", 
    "fields": {
        "name": "4", 
        "value": "4"
    }
},
{
    "pk": 3, 
    "model": "planner.credithour", 
    "fields": {
        "name": "5", 
        "value": "5"
    }
},
{
    "pk": 4, 
    "model": "planner.credithour", 
    "fields": {
        "name": "2", 
        "value": "2"
    }
},
{
    "pk": 5, 
    "model": "planner.credithour", 
    "fields": {
        "name": "1", 
        "value": "1"
    }
},
{
    "pk": 6, 
    "model": "planner.credithour", 
    "fields": {
        "name": "3 to 4", 
        "value": "3 - 4"
    }
},
{
    "pk": 1, 
    "model": "planner.course", 
    "fields": {
        "credit_hours": 2, 
        "title": "General Biology", 
        "created_at": "2013-06-06T20:38:24.031Z", 
        "number": "100", 
        "updated_at": "2013-06-21T20:37:16.806Z", 
        "schedule_semester": [
            1, 
            3
        ], 
        "prereqs": [], 
        "schedule_year": "B", 
        "attributes": [], 
        "coreqs": [], 
        "subject": 2
    }
},
{
    "pk": 2, 
    "model": "planner.course", 
    "fields": {
        "credit_hours": 2, 
        "title": "Principles of Cell Biology", 
        "created_at": "2013-06-06T20:39:09.347Z", 
        "number": "101", 
        "updated_at": "2013-06-21T20:37:16.808Z", 
        "schedule_semester": [
            1, 
            3
        ], 
        "prereqs": [], 
        "schedule_year": "B", 
        "attributes": [], 
        "coreqs": [], 
        "subject": 2
    }
},
{
    "pk": 3, 
    "model": "planner.course", 
    "fields": {
        "credit_hours": 1, 
        "title": "Current Literature Survey", 
        "created_at": "2013-06-10T18:59:49.706Z", 
        "number": "310", 
        "updated_at": "2013-06-21T20:37:16.852Z", 
        "schedule_semester": [
            1
        ], 
        "prereqs": [
            2
        ], 
        "schedule_year": "B", 
        "attributes": [], 
        "coreqs": [], 
        "subject": 1
    }
},
{
    "pk": 4, 
    "model": "planner.course", 
    "fields": {
        "credit_hours": 2, 
        "title": "Introduction to Computational Problem Solving", 
        "created_at": "2013-06-10T19:01:22.908Z", 
        "number": "120", 
        "updated_at": "2013-06-21T20:37:16.839Z", 
        "schedule_semester": [
            1, 
            3
        ], 
        "prereqs": [], 
        "schedule_year": "B", 
        "attributes": [], 
        "coreqs": [], 
        "subject": 1
    }
},
{
    "pk": 5, 
    "model": "planner.course", 
    "fields": {
        "credit_hours": 2, 
        "title": "Foundations of Computer Science", 
        "created_at": "2013-06-10T19:01:58.957Z", 
        "number": "121", 
        "updated_at": "2013-06-21T20:37:16.841Z", 
        "schedule_semester": [
            1, 
            3
        ], 
        "prereqs": [
            1
        ], 
        "schedule_year": "B", 
        "attributes": [], 
        "coreqs": [], 
        "subject": 1
    }
},
{
    "pk": 6, 
    "model": "planner.course", 
    "fields": {
        "credit_hours": 1, 
        "title": "Interactive Web Page Development", 
        "created_at": "2013-06-10T19:02:17.287Z", 
        "number": "143", 
        "updated_at": "2013-06-21T20:37:16.843Z", 
        "schedule_semester": [
            3
        ], 
        "prereqs": [], 
        "schedule_year": "B", 
        "attributes": [], 
        "coreqs": [], 
        "subject": 1
    }
},
{
    "pk": 7, 
    "model": "planner.course", 
    "fields": {
        "credit_hours": 1, 
        "title": "Multi-tier Web Application Development", 
        "created_at": "2013-06-10T19:02:45.895Z", 
        "number": "243", 
        "updated_at": "2013-06-21T20:37:16.844Z", 
        "schedule_semester": [
            1
        ], 
        "prereqs": [], 
        "schedule_year": "B", 
        "attributes": [], 
        "coreqs": [], 
        "subject": 1
    }
},
{
    "pk": 8, 
    "model": "planner.course", 
    "fields": {
        "credit_hours": 1, 
        "title": "Data Structures and Algorithms", 
        "created_at": "2013-06-10T19:04:29.277Z", 
        "number": "265", 
        "updated_at": "2013-06-21T20:37:16.846Z", 
        "schedule_semester": [
            1
        ], 
        "prereqs": [], 
        "schedule_year": "B", 
        "attributes": [], 
        "coreqs": [], 
        "subject": 1
    }
},
{
    "pk": 9, 
    "model": "planner.course", 
    "fields": {
        "credit_hours": 1, 
        "title": "Introduction to Computer Systems", 
        "created_at": "2013-06-10T19:04:50.258Z", 
        "number": "284", 
        "updated_at": "2013-06-21T20:37:16.850Z", 
        "schedule_semester": [
            3
        ], 
        "prereqs": [], 
        "schedule_year": "B", 
        "attributes": [], 
        "coreqs": [], 
        "subject": 1
    }
},
{
    "pk": 10, 
    "model": "planner.course", 
    "fields": {
        "credit_hours": 4, 
        "title": "Ethics in Computer Science", 
        "created_at": "2013-06-10T19:05:53.300Z", 
        "number": "311", 
        "updated_at": "2013-06-21T20:37:16.853Z", 
        "schedule_semester": [
            1, 
            2
        ], 
        "prereqs": [], 
        "schedule_year": "B", 
        "attributes": [], 
        "coreqs": [], 
        "subject": 1
    }
},
{
    "pk": 11, 
    "model": "planner.course", 
    "fields": {
        "credit_hours": 1, 
        "title": "Algorithm Design", 
        "created_at": "2013-06-10T19:06:36.746Z", 
        "number": "320", 
        "updated_at": "2013-06-21T20:37:16.857Z", 
        "schedule_semester": [
            3
        ], 
        "prereqs": [], 
        "schedule_year": "E", 
        "attributes": [], 
        "coreqs": [], 
        "subject": 1
    }
},
{
    "pk": 12, 
    "model": "planner.course", 
    "fields": {
        "credit_hours": 1, 
        "title": "Language Structures", 
        "created_at": "2013-06-10T19:06:56.439Z", 
        "number": "382", 
        "updated_at": "2013-06-21T20:37:16.871Z", 
        "schedule_semester": [
            3
        ], 
        "prereqs": [], 
        "schedule_year": "O", 
        "attributes": [], 
        "coreqs": [], 
        "subject": 1
    }
},
{
    "pk": 13, 
    "model": "planner.course", 
    "fields": {
        "credit_hours": 1, 
        "title": "Theory of Computation", 
        "created_at": "2013-06-10T19:07:24.787Z", 
        "number": "435", 
        "updated_at": "2013-06-21T20:37:16.878Z", 
        "schedule_semester": [
            1
        ], 
        "prereqs": [], 
        "schedule_year": "E", 
        "attributes": [], 
        "coreqs": [], 
        "subject": 1
    }
},
{
    "pk": 14, 
    "model": "planner.course", 
    "fields": {
        "credit_hours": 1, 
        "title": "Research I", 
        "created_at": "2013-06-10T19:07:46.200Z", 
        "number": "452", 
        "updated_at": "2013-06-21T20:37:16.881Z", 
        "schedule_semester": [
            1, 
            2, 
            3
        ], 
        "prereqs": [], 
        "schedule_year": "B", 
        "attributes": [], 
        "coreqs": [], 
        "subject": 1
    }
},
{
    "pk": 15, 
    "model": "planner.course", 
    "fields": {
        "credit_hours": 1, 
        "title": "Research II", 
        "created_at": "2013-06-10T19:08:06.063Z", 
        "number": "453", 
        "updated_at": "2013-06-21T20:37:16.883Z", 
        "schedule_semester": [
            1, 
            2, 
            3
        ], 
        "prereqs": [], 
        "schedule_year": "B", 
        "attributes": [], 
        "coreqs": [], 
        "subject": 1
    }
},
{
    "pk": 16, 
    "model": "planner.course", 
    "fields": {
        "credit_hours": 5, 
        "title": "Computer Science Senior Capstone", 
        "created_at": "2013-06-10T19:09:03.005Z", 
        "number": "493", 
        "updated_at": "2013-06-21T20:37:16.889Z", 
        "schedule_semester": [
            2
        ], 
        "prereqs": [], 
        "schedule_year": "B", 
        "attributes": [], 
        "coreqs": [], 
        "subject": 1
    }
},
{
    "pk": 17, 
    "model": "planner.course", 
    "fields": {
        "credit_hours": 2, 
        "title": "Calculus I", 
        "created_at": "2013-06-10T19:09:33.450Z", 
        "number": "151", 
        "updated_at": "2013-06-21T20:37:16.944Z", 
        "schedule_semester": [
            1, 
            3
        ], 
        "prereqs": [], 
        "schedule_year": "B", 
        "attributes": [], 
        "coreqs": [], 
        "subject": 3
    }
},
{
    "pk": 18, 
    "model": "planner.course", 
    "fields": {
        "credit_hours": 1, 
        "title": "Discrete Mathematics for Computer Science", 
        "created_at": "2013-06-10T19:10:03.763Z", 
        "number": "215", 
        "updated_at": "2013-06-21T20:37:16.950Z", 
        "schedule_semester": [
            1
        ], 
        "prereqs": [], 
        "schedule_year": "B", 
        "attributes": [], 
        "coreqs": [], 
        "subject": 3
    }
},
{
    "pk": 19, 
    "model": "planner.course", 
    "fields": {
        "credit_hours": 1, 
        "title": "Introduction to Systems", 
        "created_at": "2013-06-10T19:10:49.987Z", 
        "number": "101", 
        "updated_at": "2013-06-21T20:37:17.041Z", 
        "schedule_semester": [
            1, 
            3
        ], 
        "prereqs": [], 
        "schedule_year": "B", 
        "attributes": [], 
        "coreqs": [], 
        "subject": 4
    }
},
{
    "pk": 21, 
    "model": "planner.course", 
    "fields": {
        "credit_hours": 2, 
        "title": "Mathematical Statistics", 
        "created_at": "2013-06-10T19:11:47.499Z", 
        "number": "352", 
        "updated_at": "2013-06-21T20:37:16.962Z", 
        "schedule_semester": [
            3
        ], 
        "prereqs": [], 
        "schedule_year": "B", 
        "attributes": [], 
        "coreqs": [], 
        "subject": 3
    }
},
{
    "pk": 22, 
    "model": "planner.course", 
    "fields": {
        "credit_hours": 1, 
        "title": "Computer Architecture", 
        "created_at": "2013-06-10T19:12:31.086Z", 
        "number": "381", 
        "updated_at": "2013-06-21T20:37:16.869Z", 
        "schedule_semester": [
            1
        ], 
        "prereqs": [], 
        "schedule_year": "B", 
        "attributes": [], 
        "coreqs": [], 
        "subject": 1
    }
},
{
    "pk": 23, 
    "model": "planner.course", 
    "fields": {
        "credit_hours": 1, 
        "title": "Operating Systems", 
        "created_at": "2013-06-10T19:12:56.465Z", 
        "number": "421", 
        "updated_at": "2013-06-21T20:37:16.873Z", 
        "schedule_semester": [
            3
        ], 
        "prereqs": [], 
        "schedule_year": "O", 
        "attributes": [], 
        "coreqs": [], 
        "subject": 1
    }
},
{
    "pk": 24, 
    "model": "planner.course", 
    "fields": {
        "credit_hours": 1, 
        "title": "Distributed Processing", 
        "created_at": "2013-06-10T19:13:36.293Z", 
        "number": "436", 
        "updated_at": "2013-06-21T20:37:16.880Z", 
        "schedule_semester": [
            1, 
            3
        ], 
        "prereqs": [], 
        "schedule_year": "B", 
        "attributes": [], 
        "coreqs": [], 
        "subject": 1
    }
},
{
    "pk": 25, 
    "model": "planner.course", 
    "fields": {
        "credit_hours": 1, 
        "title": "Human Computer Interaction", 
        "created_at": "2013-06-10T19:14:02.703Z", 
        "number": "314", 
        "updated_at": "2013-06-21T20:37:16.855Z", 
        "schedule_semester": [
            3
        ], 
        "prereqs": [], 
        "schedule_year": "B", 
        "attributes": [], 
        "coreqs": [], 
        "subject": 1
    }
},
{
    "pk": 26, 
    "model": "planner.course", 
    "fields": {
        "credit_hours": 1, 
        "title": "Computer Graphics", 
        "created_at": "2013-06-10T19:14:26.743Z", 
        "number": "350", 
        "updated_at": "2013-06-21T20:37:16.860Z", 
        "schedule_semester": [
            1
        ], 
        "prereqs": [], 
        "schedule_year": "B", 
        "attributes": [], 
        "coreqs": [], 
        "subject": 1
    }
},
{
    "pk": 27, 
    "model": "planner.course", 
    "fields": {
        "credit_hours": 1, 
        "title": "Computer Vision", 
        "created_at": "2013-06-10T19:14:49.769Z", 
        "number": "351", 
        "updated_at": "2013-06-21T20:37:16.862Z", 
        "schedule_semester": [
            3
        ], 
        "prereqs": [], 
        "schedule_year": "E", 
        "attributes": [], 
        "coreqs": [], 
        "subject": 1
    }
},
{
    "pk": 28, 
    "model": "planner.course", 
    "fields": {
        "credit_hours": 1, 
        "title": "Surfaces and Modeling", 
        "created_at": "2013-06-10T19:15:19.277Z", 
        "number": "424", 
        "updated_at": "2013-06-21T20:37:16.875Z", 
        "schedule_semester": [
            3
        ], 
        "prereqs": [], 
        "schedule_year": "O", 
        "attributes": [], 
        "coreqs": [], 
        "subject": 1
    }
},
{
    "pk": 29, 
    "model": "planner.course", 
    "fields": {
        "credit_hours": 1, 
        "title": "Animation", 
        "created_at": "2013-06-10T19:15:40.517Z", 
        "number": "425", 
        "updated_at": "2013-06-21T20:37:16.876Z", 
        "schedule_semester": [
            3
        ], 
        "prereqs": [], 
        "schedule_year": "O", 
        "attributes": [], 
        "coreqs": [], 
        "subject": 1
    }
},
{
    "pk": 30, 
    "model": "planner.course", 
    "fields": {
        "credit_hours": 1, 
        "title": "Principles of Human Computer Interaction", 
        "created_at": "2013-06-10T19:16:09.863Z", 
        "number": "214", 
        "updated_at": "2013-06-21T20:37:17.043Z", 
        "schedule_semester": [
            1, 
            3
        ], 
        "prereqs": [], 
        "schedule_year": "B", 
        "attributes": [], 
        "coreqs": [], 
        "subject": 4
    }
},
{
    "pk": 31, 
    "model": "planner.course", 
    "fields": {
        "credit_hours": 1, 
        "title": "Introduction to Artificial Intelligence", 
        "created_at": "2013-06-10T19:16:32.853Z", 
        "number": "280", 
        "updated_at": "2013-06-21T20:37:16.848Z", 
        "schedule_semester": [
            3
        ], 
        "prereqs": [], 
        "schedule_year": "B", 
        "attributes": [], 
        "coreqs": [], 
        "subject": 1
    }
},
{
    "pk": 32, 
    "model": "planner.course", 
    "fields": {
        "credit_hours": 1, 
        "title": "Natural Language Processing", 
        "created_at": "2013-06-10T19:17:05.349Z", 
        "number": "380", 
        "updated_at": "2013-06-21T20:37:16.867Z", 
        "schedule_semester": [
            3
        ], 
        "prereqs": [], 
        "schedule_year": "O", 
        "attributes": [], 
        "coreqs": [], 
        "subject": 1
    }
},
{
    "pk": 33, 
    "model": "planner.course", 
    "fields": {
        "credit_hours": 1, 
        "title": "Knowledge Based Systems", 
        "created_at": "2013-06-10T19:18:05.564Z", 
        "number": "352", 
        "updated_at": "2013-06-21T20:37:17.045Z", 
        "schedule_semester": [
            3
        ], 
        "prereqs": [], 
        "schedule_year": "E", 
        "attributes": [], 
        "coreqs": [], 
        "subject": 4
    }
},
{
    "pk": 34, 
    "model": "planner.course", 
    "fields": {
        "credit_hours": 1, 
        "title": "Machine Learning", 
        "created_at": "2013-06-10T19:18:30.176Z", 
        "number": "411", 
        "updated_at": "2013-06-21T20:37:17.048Z", 
        "schedule_semester": [
            3
        ], 
        "prereqs": [], 
        "schedule_year": "E", 
        "attributes": [], 
        "coreqs": [], 
        "subject": 4
    }
},
{
    "pk": 35, 
    "model": "planner.course", 
    "fields": {
        "credit_hours": 2, 
        "title": "Calculus II", 
        "created_at": "2013-06-10T19:18:56.169Z", 
        "number": "230", 
        "updated_at": "2013-06-21T20:37:16.953Z", 
        "schedule_semester": [
            1, 
            3
        ], 
        "prereqs": [], 
        "schedule_year": "B", 
        "attributes": [], 
        "coreqs": [], 
        "subject": 3
    }
},
{
    "pk": 36, 
    "model": "planner.course", 
    "fields": {
        "credit_hours": 2, 
        "title": "Calculus III", 
        "created_at": "2013-06-10T19:19:22.482Z", 
        "number": "240", 
        "updated_at": "2013-06-21T20:37:16.955Z", 
        "schedule_semester": [
            1, 
            3
        ], 
        "prereqs": [], 
        "schedule_year": "B", 
        "attributes": [], 
        "coreqs": [], 
        "subject": 3
    }
},
{
    "pk": 37, 
    "model": "planner.course", 
    "fields": {
        "credit_hours": 2, 
        "title": "Linear Algebra", 
        "created_at": "2013-06-10T19:19:49.793Z", 
        "number": "245", 
        "updated_at": "2013-06-21T20:37:16.957Z", 
        "schedule_semester": [
            1, 
            3
        ], 
        "prereqs": [], 
        "schedule_year": "B", 
        "attributes": [], 
        "coreqs": [], 
        "subject": 3
    }
},
{
    "pk": 38, 
    "model": "planner.course", 
    "fields": {
        "credit_hours": 2, 
        "title": "Differential Equations ", 
        "created_at": "2013-06-10T19:20:18.168Z", 
        "number": "251", 
        "updated_at": "2013-06-21T20:37:16.958Z", 
        "schedule_semester": [
            1, 
            3
        ], 
        "prereqs": [], 
        "schedule_year": "B", 
        "attributes": [], 
        "coreqs": [], 
        "subject": 3
    }
},
{
    "pk": 39, 
    "model": "planner.course", 
    "fields": {
        "credit_hours": 1, 
        "title": "Mathematical Modeling with Numerical Analysis", 
        "created_at": "2013-06-10T19:20:50.387Z", 
        "number": "310", 
        "updated_at": "2013-06-21T20:37:16.960Z", 
        "schedule_semester": [
            1, 
            3
        ], 
        "prereqs": [], 
        "schedule_year": "B", 
        "attributes": [], 
        "coreqs": [], 
        "subject": 3
    }
},
{
    "pk": 40, 
    "model": "planner.course", 
    "fields": {
        "credit_hours": 1, 
        "title": "Software Engineering", 
        "created_at": "2013-06-10T19:21:19.387Z", 
        "number": "340", 
        "updated_at": "2013-06-21T20:37:16.859Z", 
        "schedule_semester": [
            1
        ], 
        "prereqs": [], 
        "schedule_year": "B", 
        "attributes": [], 
        "coreqs": [], 
        "subject": 1
    }
},
{
    "pk": 41, 
    "model": "planner.course", 
    "fields": {
        "credit_hours": 2, 
        "title": "Software Studio I", 
        "created_at": "2013-06-10T19:21:40.963Z", 
        "number": "371", 
        "updated_at": "2013-06-21T20:37:16.864Z", 
        "schedule_semester": [
            1, 
            3
        ], 
        "prereqs": [], 
        "schedule_year": "B", 
        "attributes": [], 
        "coreqs": [], 
        "subject": 1
    }
},
{
    "pk": 42, 
    "model": "planner.course", 
    "fields": {
        "credit_hours": 2, 
        "title": "Software Studio II", 
        "created_at": "2013-06-10T19:22:05.722Z", 
        "number": "372", 
        "updated_at": "2013-06-21T20:37:16.866Z", 
        "schedule_semester": [
            1, 
            3
        ], 
        "prereqs": [], 
        "schedule_year": "B", 
        "attributes": [], 
        "coreqs": [], 
        "subject": 1
    }
},
{
    "pk": 43, 
    "model": "planner.course", 
    "fields": {
        "credit_hours": 2, 
        "title": "Software Studio III", 
        "created_at": "2013-06-10T19:22:26.216Z", 
        "number": "471", 
        "updated_at": "2013-06-21T20:37:16.885Z", 
        "schedule_semester": [
            1, 
            3
        ], 
        "prereqs": [], 
        "schedule_year": "B", 
        "attributes": [], 
        "coreqs": [], 
        "subject": 1
    }
},
{
    "pk": 44, 
    "model": "planner.course", 
    "fields": {
        "credit_hours": 2, 
        "title": "Software Studio IV", 
        "created_at": "2013-06-10T19:23:01.510Z", 
        "number": "472", 
        "updated_at": "2013-06-21T20:37:16.887Z", 
        "schedule_semester": [
            1, 
            3
        ], 
        "prereqs": [], 
        "schedule_year": "B", 
        "attributes": [], 
        "coreqs": [], 
        "subject": 1
    }
},
{
    "pk": 45, 
    "model": "planner.course", 
    "fields": {
        "credit_hours": 1, 
        "title": "Information System Analysis", 
        "created_at": "2013-06-10T19:23:51.593Z", 
        "number": "390", 
        "updated_at": "2013-06-21T20:37:17.046Z", 
        "schedule_semester": [
            1
        ], 
        "prereqs": [], 
        "schedule_year": "B", 
        "attributes": [], 
        "coreqs": [], 
        "subject": 4
    }
},
{
    "pk": 46, 
    "model": "planner.course", 
    "fields": {
        "credit_hours": 1, 
        "title": "Introductory Plant Biology", 
        "created_at": "2013-06-11T20:20:46.577Z", 
        "number": "103", 
        "updated_at": "2013-06-21T20:37:16.810Z", 
        "schedule_semester": [
            1, 
            3
        ], 
        "prereqs": [], 
        "schedule_year": "B", 
        "attributes": [], 
        "coreqs": [], 
        "subject": 2
    }
},
{
    "pk": 47, 
    "model": "planner.course", 
    "fields": {
        "credit_hours": 1, 
        "title": "Introductory Animal Biology", 
        "created_at": "2013-06-11T20:21:14.369Z", 
        "number": "104", 
        "updated_at": "2013-06-21T20:37:16.812Z", 
        "schedule_semester": [
            1, 
            3
        ], 
        "prereqs": [], 
        "schedule_year": "B", 
        "attributes": [], 
        "coreqs": [], 
        "subject": 2
    }
},
{
    "pk": 48, 
    "model": "planner.course", 
    "fields": {
        "credit_hours": 2, 
        "title": "Human Nutrition", 
        "created_at": "2013-06-11T20:21:37.559Z", 
        "number": "200", 
        "updated_at": "2013-06-21T20:37:16.816Z", 
        "schedule_semester": [
            1, 
            3
        ], 
        "prereqs": [], 
        "schedule_year": "B", 
        "attributes": [], 
        "coreqs": [], 
        "subject": 2
    }
},
{
    "pk": 49, 
    "model": "planner.course", 
    "fields": {
        "credit_hours": 2, 
        "title": "Human Biology", 
        "created_at": "2013-06-11T20:21:57.575Z", 
        "number": "205", 
        "updated_at": "2013-06-21T20:37:16.817Z", 
        "schedule_semester": [
            1, 
            3
        ], 
        "prereqs": [], 
        "schedule_year": "B", 
        "attributes": [], 
        "coreqs": [], 
        "subject": 2
    }
},
{
    "pk": 50, 
    "model": "planner.course", 
    "fields": {
        "credit_hours": 3, 
        "title": "Human Anatomy and Physiology", 
        "created_at": "2013-06-11T20:22:25.820Z", 
        "number": "243", 
        "updated_at": "2013-06-21T20:37:16.819Z", 
        "schedule_semester": [
            1, 
            3
        ], 
        "prereqs": [], 
        "schedule_year": "B", 
        "attributes": [], 
        "coreqs": [], 
        "subject": 2
    }
},
{
    "pk": 51, 
    "model": "planner.course", 
    "fields": {
        "credit_hours": 2, 
        "title": "Human Anatomy and Physiology I ", 
        "created_at": "2013-06-11T20:22:53.387Z", 
        "number": "244", 
        "updated_at": "2013-06-21T20:37:16.821Z", 
        "schedule_semester": [
            1, 
            3
        ], 
        "prereqs": [], 
        "schedule_year": "B", 
        "attributes": [], 
        "coreqs": [], 
        "subject": 2
    }
},
{
    "pk": 52, 
    "model": "planner.course", 
    "fields": {
        "credit_hours": 2, 
        "title": "Forensic Science", 
        "created_at": "2013-06-11T20:23:44.705Z", 
        "number": "120", 
        "updated_at": "2013-06-21T20:37:16.830Z", 
        "schedule_semester": [
            1, 
            3
        ], 
        "prereqs": [], 
        "schedule_year": "B", 
        "attributes": [], 
        "coreqs": [], 
        "subject": 5
    }
},
{
    "pk": 53, 
    "model": "planner.course", 
    "fields": {
        "credit_hours": 1, 
        "title": "Environment and Society", 
        "created_at": "2013-06-11T20:24:31.225Z", 
        "number": "200", 
        "updated_at": "2013-06-21T20:37:16.906Z", 
        "schedule_semester": [
            1, 
            3
        ], 
        "prereqs": [], 
        "schedule_year": "B", 
        "attributes": [], 
        "coreqs": [], 
        "subject": 6
    }
},
{
    "pk": 54, 
    "model": "planner.course", 
    "fields": {
        "credit_hours": 2, 
        "title": "Introduction to Environmental Science", 
        "created_at": "2013-06-11T20:25:06.859Z", 
        "number": "231", 
        "updated_at": "2013-06-21T20:37:16.908Z", 
        "schedule_semester": [
            1, 
            3
        ], 
        "prereqs": [], 
        "schedule_year": "B", 
        "attributes": [], 
        "coreqs": [], 
        "subject": 6
    }
},
{
    "pk": 55, 
    "model": "planner.course", 
    "fields": {
        "credit_hours": 2, 
        "title": "Chemistry for Living", 
        "created_at": "2013-06-11T20:25:40.637Z", 
        "number": "100", 
        "updated_at": "2013-06-21T20:37:16.828Z", 
        "schedule_semester": [
            1, 
            3
        ], 
        "prereqs": [], 
        "schedule_year": "B", 
        "attributes": [], 
        "coreqs": [], 
        "subject": 5
    }
},
{
    "pk": 56, 
    "model": "planner.course", 
    "fields": {
        "credit_hours": 2, 
        "title": "General, Organic, and Biochemistry I", 
        "created_at": "2013-06-11T20:26:14.197Z", 
        "number": "201", 
        "updated_at": "2013-06-21T20:37:16.832Z", 
        "schedule_semester": [
            1, 
            3
        ], 
        "prereqs": [], 
        "schedule_year": "B", 
        "attributes": [], 
        "coreqs": [], 
        "subject": 5
    }
},
{
    "pk": 57, 
    "model": "planner.course", 
    "fields": {
        "credit_hours": 2, 
        "title": "College Chemistry I", 
        "created_at": "2013-06-11T20:26:36.521Z", 
        "number": "211", 
        "updated_at": "2013-06-21T20:37:16.834Z", 
        "schedule_semester": [
            1, 
            3
        ], 
        "prereqs": [], 
        "schedule_year": "B", 
        "attributes": [], 
        "coreqs": [], 
        "subject": 5
    }
},
{
    "pk": 58, 
    "model": "planner.course", 
    "fields": {
        "credit_hours": 2, 
        "title": "Experiences in Physical Science", 
        "created_at": "2013-06-11T20:27:46.021Z", 
        "number": "120", 
        "updated_at": "2013-06-21T20:37:16.987Z", 
        "schedule_semester": [
            1, 
            3
        ], 
        "prereqs": [], 
        "schedule_year": "B", 
        "attributes": [], 
        "coreqs": [], 
        "subject": 7
    }
},
{
    "pk": 59, 
    "model": "planner.course", 
    "fields": {
        "credit_hours": 2, 
        "title": "General Physics I", 
        "created_at": "2013-06-11T20:28:20.897Z", 
        "number": "203", 
        "updated_at": "2013-06-21T20:37:16.990Z", 
        "schedule_semester": [
            1, 
            3
        ], 
        "prereqs": [], 
        "schedule_year": "B", 
        "attributes": [], 
        "coreqs": [], 
        "subject": 7
    }
},
{
    "pk": 60, 
    "model": "planner.course", 
    "fields": {
        "credit_hours": 2, 
        "title": "University Physics I", 
        "created_at": "2013-06-11T20:28:48.901Z", 
        "number": "211", 
        "updated_at": "2013-06-21T20:37:16.992Z", 
        "schedule_semester": [
            1, 
            3
        ], 
        "prereqs": [], 
        "schedule_year": "B", 
        "attributes": [], 
        "coreqs": [], 
        "subject": 7
    }
},
{
    "pk": 61, 
    "model": "planner.course", 
    "fields": {
        "credit_hours": 1, 
        "title": "Fundamentals of Space Systems", 
        "created_at": "2013-06-11T20:29:40.737Z", 
        "number": "345", 
        "updated_at": "2013-06-21T20:37:16.904Z", 
        "schedule_semester": [
            1, 
            3
        ], 
        "prereqs": [], 
        "schedule_year": "B", 
        "attributes": [], 
        "coreqs": [], 
        "subject": 8
    }
},
{
    "pk": 62, 
    "model": "planner.course", 
    "fields": {
        "credit_hours": 2, 
        "title": "Physical Geology", 
        "created_at": "2013-06-11T20:30:08.510Z", 
        "number": "241", 
        "updated_at": "2013-06-21T20:37:16.903Z", 
        "schedule_semester": [
            1, 
            3
        ], 
        "prereqs": [], 
        "schedule_year": "B", 
        "attributes": [], 
        "coreqs": [], 
        "subject": 8
    }
},
{
    "pk": 63, 
    "model": "planner.course", 
    "fields": {
        "credit_hours": 2, 
        "title": "Geology of Indiana", 
        "created_at": "2013-06-11T20:30:45.190Z", 
        "number": "241", 
        "updated_at": "2013-06-21T20:37:16.909Z", 
        "schedule_semester": [
            1, 
            3
        ], 
        "prereqs": [], 
        "schedule_year": "B", 
        "attributes": [], 
        "coreqs": [], 
        "subject": 6
    }
},
{
    "pk": 64, 
    "model": "planner.course", 
    "fields": {
        "credit_hours": 2, 
        "title": "Physical Geography", 
        "created_at": "2013-06-11T20:31:35.274Z", 
        "number": "210", 
        "updated_at": "2013-06-21T20:37:16.911Z", 
        "schedule_semester": [
            1, 
            3
        ], 
        "prereqs": [], 
        "schedule_year": "B", 
        "attributes": [], 
        "coreqs": [], 
        "subject": 9
    }
},
{
    "pk": 65, 
    "model": "planner.course", 
    "fields": {
        "credit_hours": 1, 
        "title": "Introduction to Geology", 
        "created_at": "2013-06-11T20:32:30.700Z", 
        "number": "240", 
        "updated_at": "2013-06-21T20:37:16.916Z", 
        "schedule_semester": [
            1, 
            3
        ], 
        "prereqs": [], 
        "schedule_year": "B", 
        "attributes": [], 
        "coreqs": [], 
        "subject": 9
    }
},
{
    "pk": 66, 
    "model": "planner.course", 
    "fields": {
        "credit_hours": 1, 
        "title": "Introductory Astronomy", 
        "created_at": "2013-06-11T20:33:03.168Z", 
        "number": "201", 
        "updated_at": "2013-06-21T20:37:16.988Z", 
        "schedule_semester": [
            1, 
            3
        ], 
        "prereqs": [], 
        "schedule_year": "B", 
        "attributes": [], 
        "coreqs": [], 
        "subject": 7
    }
},
{
    "pk": 67, 
    "model": "planner.course", 
    "fields": {
        "credit_hours": 5, 
        "title": "New Student Orientation", 
        "created_at": "2013-06-12T22:32:40.885Z", 
        "number": "101", 
        "updated_at": "2013-06-21T20:37:16.931Z", 
        "schedule_semester": [
            1, 
            2, 
            3
        ], 
        "prereqs": [], 
        "schedule_year": "B", 
        "attributes": [], 
        "coreqs": [], 
        "subject": 10
    }
},
{
    "pk": 68, 
    "model": "planner.course", 
    "fields": {
        "credit_hours": 1, 
        "title": "Foundations of Christian Thought", 
        "created_at": "2013-06-12T22:33:12.305Z", 
        "number": "110", 
        "updated_at": "2013-06-21T20:37:16.932Z", 
        "schedule_semester": [
            1
        ], 
        "prereqs": [], 
        "schedule_year": "B", 
        "attributes": [], 
        "coreqs": [], 
        "subject": 10
    }
},
{
    "pk": 69, 
    "model": "planner.course", 
    "fields": {
        "credit_hours": 1, 
        "title": "Biblical Literature I", 
        "created_at": "2013-06-12T22:33:45.524Z", 
        "number": "110", 
        "updated_at": "2013-06-21T20:37:16.798Z", 
        "schedule_semester": [
            1, 
            2, 
            3
        ], 
        "prereqs": [], 
        "schedule_year": "B", 
        "attributes": [], 
        "coreqs": [], 
        "subject": 11
    }
},
{
    "pk": 70, 
    "model": "planner.course", 
    "fields": {
        "credit_hours": 1, 
        "title": "Biblical Literature II", 
        "created_at": "2013-06-12T22:34:10.826Z", 
        "number": "210", 
        "updated_at": "2013-06-21T20:37:16.804Z", 
        "schedule_semester": [
            1, 
            2, 
            3
        ], 
        "prereqs": [], 
        "schedule_year": "B", 
        "attributes": [], 
        "coreqs": [], 
        "subject": 11
    }
},
{
    "pk": 71, 
    "model": "planner.course", 
    "fields": {
        "credit_hours": 1, 
        "title": "Historic Christian Belief", 
        "created_at": "2013-06-12T22:35:08.010Z", 
        "number": "313", 
        "updated_at": "2013-06-21T20:37:17.017Z", 
        "schedule_semester": [
            1, 
            2, 
            3
        ], 
        "prereqs": [], 
        "schedule_year": "B", 
        "attributes": [], 
        "coreqs": [], 
        "subject": 12
    }
},
{
    "pk": 72, 
    "model": "planner.course", 
    "fields": {
        "credit_hours": 1, 
        "title": "Contemporary Chrisitian Belief", 
        "created_at": "2013-06-12T22:36:02.873Z", 
        "number": "413", 
        "updated_at": "2013-06-21T20:37:16.965Z", 
        "schedule_semester": [
            1, 
            2, 
            3
        ], 
        "prereqs": [], 
        "schedule_year": "B", 
        "attributes": [], 
        "coreqs": [], 
        "subject": 13
    }
},
{
    "pk": 73, 
    "model": "planner.course", 
    "fields": {
        "credit_hours": 5, 
        "title": "Senior Seminar", 
        "created_at": "2013-06-12T22:36:23.807Z", 
        "number": "495", 
        "updated_at": "2013-06-21T20:37:16.936Z", 
        "schedule_semester": [
            1, 
            2, 
            3
        ], 
        "prereqs": [], 
        "schedule_year": "B", 
        "attributes": [], 
        "coreqs": [], 
        "subject": 10
    }
},
{
    "pk": 74, 
    "model": "planner.course", 
    "fields": {
        "credit_hours": 4, 
        "title": "Fitness for Life", 
        "created_at": "2013-06-12T22:41:57.224Z", 
        "number": "100", 
        "updated_at": "2013-06-21T20:37:16.969Z", 
        "schedule_semester": [
            1, 
            3
        ], 
        "prereqs": [], 
        "schedule_year": "B", 
        "attributes": [], 
        "coreqs": [], 
        "subject": 14
    }
},
{
    "pk": 75, 
    "model": "planner.course", 
    "fields": {
        "credit_hours": 5, 
        "title": "General Physical Education", 
        "created_at": "2013-06-12T22:42:34.602Z", 
        "number": "200", 
        "updated_at": "2013-06-21T20:37:16.970Z", 
        "schedule_semester": [
            1, 
            2, 
            3
        ], 
        "prereqs": [], 
        "schedule_year": "B", 
        "attributes": [], 
        "coreqs": [], 
        "subject": 14
    }
},
{
    "pk": 76, 
    "model": "planner.course", 
    "fields": {
        "credit_hours": 4, 
        "title": "Elementary School Health and Physical Education", 
        "created_at": "2013-06-12T22:43:06.017Z", 
        "number": "250", 
        "updated_at": "2013-06-21T20:37:16.972Z", 
        "schedule_semester": [
            1, 
            2, 
            3
        ], 
        "prereqs": [], 
        "schedule_year": "B", 
        "attributes": [], 
        "coreqs": [], 
        "subject": 14
    }
},
{
    "pk": 77, 
    "model": "planner.course", 
    "fields": {
        "credit_hours": 5, 
        "title": "Exercise Techniques for Physical Fitness", 
        "created_at": "2013-06-12T22:43:39.679Z", 
        "number": "280", 
        "updated_at": "2013-06-21T20:37:16.974Z", 
        "schedule_semester": [
            1, 
            2, 
            3
        ], 
        "prereqs": [], 
        "schedule_year": "B", 
        "attributes": [], 
        "coreqs": [], 
        "subject": 14
    }
},
{
    "pk": 78, 
    "model": "planner.course", 
    "fields": {
        "credit_hours": 5, 
        "title": "Basic Swimming Skills", 
        "created_at": "2013-06-12T22:44:03.158Z", 
        "number": "300", 
        "updated_at": "2013-06-21T20:37:16.976Z", 
        "schedule_semester": [
            1, 
            2, 
            3
        ], 
        "prereqs": [], 
        "schedule_year": "B", 
        "attributes": [], 
        "coreqs": [], 
        "subject": 14
    }
},
{
    "pk": 79, 
    "model": "planner.course", 
    "fields": {
        "credit_hours": 4, 
        "title": "Lifeguard Training ", 
        "created_at": "2013-06-12T22:44:34.854Z", 
        "number": "302", 
        "updated_at": "2013-06-21T20:37:16.977Z", 
        "schedule_semester": [
            1, 
            2, 
            3
        ], 
        "prereqs": [], 
        "schedule_year": "B", 
        "attributes": [], 
        "coreqs": [], 
        "subject": 14
    }
},
{
    "pk": 80, 
    "model": "planner.course", 
    "fields": {
        "credit_hours": 4, 
        "title": "Water Safety Instructor", 
        "created_at": "2013-06-12T22:45:33.019Z", 
        "number": "333", 
        "updated_at": "2013-06-21T20:37:16.979Z", 
        "schedule_semester": [
            1, 
            2, 
            3
        ], 
        "prereqs": [], 
        "schedule_year": "B", 
        "attributes": [], 
        "coreqs": [], 
        "subject": 14
    }
},
{
    "pk": 81, 
    "model": "planner.course", 
    "fields": {
        "credit_hours": 5, 
        "title": "Lifeguard Training Instructor", 
        "created_at": "2013-06-12T22:46:15.330Z", 
        "number": "334", 
        "updated_at": "2013-06-21T20:37:16.981Z", 
        "schedule_semester": [
            1, 
            2, 
            3
        ], 
        "prereqs": [], 
        "schedule_year": "B", 
        "attributes": [], 
        "coreqs": [], 
        "subject": 14
    }
},
{
    "pk": 82, 
    "model": "planner.course", 
    "fields": {
        "credit_hours": 1, 
        "title": "Challenge Course Facilitator Certification", 
        "created_at": "2013-06-12T22:46:44.749Z", 
        "number": "345", 
        "updated_at": "2013-06-21T20:37:16.983Z", 
        "schedule_semester": [
            1, 
            2, 
            3
        ], 
        "prereqs": [], 
        "schedule_year": "B", 
        "attributes": [], 
        "coreqs": [], 
        "subject": 14
    }
},
{
    "pk": 83, 
    "model": "planner.course", 
    "fields": {
        "credit_hours": 2, 
        "title": "Art as an Experience", 
        "created_at": "2013-06-13T19:19:35.445Z", 
        "number": "230", 
        "updated_at": "2013-06-21T20:37:16.925Z", 
        "schedule_semester": [
            1, 
            2, 
            3
        ], 
        "prereqs": [], 
        "schedule_year": "B", 
        "attributes": [], 
        "coreqs": [], 
        "subject": 15
    }
},
{
    "pk": 84, 
    "model": "planner.course", 
    "fields": {
        "credit_hours": 2, 
        "title": "Arts and Ideas", 
        "created_at": "2013-06-13T19:19:57.121Z", 
        "number": "330", 
        "updated_at": "2013-06-21T20:37:16.929Z", 
        "schedule_semester": [
            1, 
            2, 
            3
        ], 
        "prereqs": [], 
        "schedule_year": "B", 
        "attributes": [], 
        "coreqs": [], 
        "subject": 15
    }
},
{
    "pk": 85, 
    "model": "planner.course", 
    "fields": {
        "credit_hours": 5, 
        "title": "Paricipation in the Arts", 
        "created_at": "2013-06-13T19:22:22.515Z", 
        "number": "250", 
        "updated_at": "2013-06-21T20:37:16.927Z", 
        "schedule_semester": [
            1, 
            2, 
            3
        ], 
        "prereqs": [], 
        "schedule_year": "B", 
        "attributes": [
            1
        ], 
        "coreqs": [], 
        "subject": 15
    }
},
{
    "pk": 86, 
    "model": "planner.course", 
    "fields": {
        "credit_hours": 1, 
        "title": "Layout and Design", 
        "created_at": "2013-06-13T19:23:25.188Z", 
        "number": "332", 
        "updated_at": "2013-06-21T20:37:16.964Z", 
        "schedule_semester": [
            1, 
            2, 
            3
        ], 
        "prereqs": [], 
        "schedule_year": "B", 
        "attributes": [], 
        "coreqs": [], 
        "subject": 16
    }
},
{
    "pk": 87, 
    "model": "planner.course", 
    "fields": {
        "credit_hours": 4, 
        "title": "Computing and Culture - Applications and Context", 
        "created_at": "2013-06-13T19:49:34.438Z", 
        "number": "104", 
        "updated_at": "2013-06-21T20:37:16.835Z", 
        "schedule_semester": [
            1, 
            3
        ], 
        "prereqs": [], 
        "schedule_year": "B", 
        "attributes": [], 
        "coreqs": [], 
        "subject": 1
    }
},
{
    "pk": 88, 
    "model": "planner.course", 
    "fields": {
        "credit_hours": 4, 
        "title": "Computing and Culture - Applications and Context", 
        "created_at": "2013-06-13T19:50:08.226Z", 
        "number": "106", 
        "updated_at": "2013-06-21T20:37:16.837Z", 
        "schedule_semester": [
            1, 
            3
        ], 
        "prereqs": [], 
        "schedule_year": "B", 
        "attributes": [], 
        "coreqs": [], 
        "subject": 1
    }
},
{
    "pk": 89, 
    "model": "planner.course", 
    "fields": {
        "credit_hours": 1, 
        "title": "Expository Writing", 
        "created_at": "2013-06-13T19:51:30.782Z", 
        "number": "110", 
        "updated_at": "2013-06-21T20:37:16.896Z", 
        "schedule_semester": [
            1, 
            3
        ], 
        "prereqs": [], 
        "schedule_year": "B", 
        "attributes": [], 
        "coreqs": [], 
        "subject": 18
    }
},
{
    "pk": 90, 
    "model": "planner.course", 
    "fields": {
        "credit_hours": 1, 
        "title": "Public Speaking", 
        "created_at": "2013-06-13T19:55:07.389Z", 
        "number": "110", 
        "updated_at": "2013-06-21T20:37:16.823Z", 
        "schedule_semester": [
            1, 
            3
        ], 
        "prereqs": [], 
        "schedule_year": "B", 
        "attributes": [], 
        "coreqs": [], 
        "subject": 19
    }
},
{
    "pk": 91, 
    "model": "planner.course", 
    "fields": {
        "credit_hours": 1, 
        "title": "Interpersonal Communication", 
        "created_at": "2013-06-13T19:55:30.971Z", 
        "number": "120", 
        "updated_at": "2013-06-21T20:37:16.825Z", 
        "schedule_semester": [
            1, 
            3
        ], 
        "prereqs": [], 
        "schedule_year": "B", 
        "attributes": [], 
        "coreqs": [], 
        "subject": 19
    }
},
{
    "pk": 92, 
    "model": "planner.course", 
    "fields": {
        "credit_hours": 1, 
        "title": "Finite Mathematics", 
        "created_at": "2013-06-13T20:03:02.493Z", 
        "number": "110", 
        "updated_at": "2013-06-21T20:37:16.937Z", 
        "schedule_semester": [
            1, 
            3
        ], 
        "prereqs": [], 
        "schedule_year": "B", 
        "attributes": [], 
        "coreqs": [], 
        "subject": 3
    }
},
{
    "pk": 93, 
    "model": "planner.course", 
    "fields": {
        "credit_hours": 1, 
        "title": "Investigations in Mathematics", 
        "created_at": "2013-06-13T20:03:30.493Z", 
        "number": "120", 
        "updated_at": "2013-06-21T20:37:16.939Z", 
        "schedule_semester": [
            1, 
            3
        ], 
        "prereqs": [], 
        "schedule_year": "B", 
        "attributes": [], 
        "coreqs": [], 
        "subject": 3
    }
},
{
    "pk": 94, 
    "model": "planner.course", 
    "fields": {
        "credit_hours": 1, 
        "title": "Fundamental Calculus for Applications", 
        "created_at": "2013-06-13T20:04:02.962Z", 
        "number": "140", 
        "updated_at": "2013-06-21T20:37:16.941Z", 
        "schedule_semester": [
            1, 
            3
        ], 
        "prereqs": [], 
        "schedule_year": "B", 
        "attributes": [], 
        "coreqs": [], 
        "subject": 3
    }
},
{
    "pk": 95, 
    "model": "planner.course", 
    "fields": {
        "credit_hours": 1, 
        "title": "Introduction to Functions and Calculus", 
        "created_at": "2013-06-13T20:04:27.940Z", 
        "number": "145", 
        "updated_at": "2013-06-21T20:37:16.943Z", 
        "schedule_semester": [
            1, 
            3
        ], 
        "prereqs": [], 
        "schedule_year": "B", 
        "attributes": [], 
        "coreqs": [], 
        "subject": 3
    }
},
{
    "pk": 96, 
    "model": "planner.course", 
    "fields": {
        "credit_hours": 1, 
        "title": "Problem Solving", 
        "created_at": "2013-06-13T20:04:50.696Z", 
        "number": "180", 
        "updated_at": "2013-06-21T20:37:16.946Z", 
        "schedule_semester": [
            1, 
            3
        ], 
        "prereqs": [], 
        "schedule_year": "B", 
        "attributes": [], 
        "coreqs": [], 
        "subject": 3
    }
},
{
    "pk": 97, 
    "model": "planner.course", 
    "fields": {
        "credit_hours": 2, 
        "title": "Introductory Statistics", 
        "created_at": "2013-06-13T20:05:48.150Z", 
        "number": "210", 
        "updated_at": "2013-06-21T20:37:16.948Z", 
        "schedule_semester": [
            1, 
            3
        ], 
        "prereqs": [], 
        "schedule_year": "B", 
        "attributes": [], 
        "coreqs": [], 
        "subject": 3
    }
},
{
    "pk": 98, 
    "model": "planner.course", 
    "fields": {
        "credit_hours": 2, 
        "title": "Ways of Knowing", 
        "created_at": "2013-06-13T20:06:49.873Z", 
        "number": "220", 
        "updated_at": "2013-06-21T20:37:16.951Z", 
        "schedule_semester": [
            1, 
            3
        ], 
        "prereqs": [], 
        "schedule_year": "B", 
        "attributes": [], 
        "coreqs": [], 
        "subject": 3
    }
},
{
    "pk": 99, 
    "model": "planner.course", 
    "fields": {
        "credit_hours": 1, 
        "title": "Applied Social Statistics", 
        "created_at": "2013-06-13T20:07:40.170Z", 
        "number": "355", 
        "updated_at": "2013-06-21T20:37:17.031Z", 
        "schedule_semester": [
            1, 
            3
        ], 
        "prereqs": [], 
        "schedule_year": "B", 
        "attributes": [], 
        "coreqs": [], 
        "subject": 20
    }
},
{
    "pk": 100, 
    "model": "planner.course", 
    "fields": {
        "credit_hours": 1, 
        "title": "World Literature", 
        "created_at": "2013-06-13T20:21:18.143Z", 
        "number": "230", 
        "updated_at": "2013-06-21T20:37:16.897Z", 
        "schedule_semester": [
            1, 
            2, 
            3
        ], 
        "prereqs": [], 
        "schedule_year": "B", 
        "attributes": [], 
        "coreqs": [], 
        "subject": 18
    }
},
{
    "pk": 101, 
    "model": "planner.course", 
    "fields": {
        "credit_hours": 1, 
        "title": "American Literature", 
        "created_at": "2013-06-13T20:21:40.898Z", 
        "number": "240", 
        "updated_at": "2013-06-21T20:37:16.899Z", 
        "schedule_semester": [
            1, 
            3
        ], 
        "prereqs": [], 
        "schedule_year": "B", 
        "attributes": [], 
        "coreqs": [], 
        "subject": 18
    }
},
{
    "pk": 102, 
    "model": "planner.course", 
    "fields": {
        "credit_hours": 1, 
        "title": "British Literature", 
        "created_at": "2013-06-13T20:21:59.041Z", 
        "number": "250", 
        "updated_at": "2013-06-21T20:37:16.901Z", 
        "schedule_semester": [
            1, 
            3
        ], 
        "prereqs": [], 
        "schedule_year": "B", 
        "attributes": [], 
        "coreqs": [], 
        "subject": 18
    }
},
{
    "pk": 103, 
    "model": "planner.course", 
    "fields": {
        "credit_hours": 1, 
        "title": "Performing Literature", 
        "created_at": "2013-06-13T20:22:40.913Z", 
        "number": "200", 
        "updated_at": "2013-06-21T20:37:16.826Z", 
        "schedule_semester": [
            1, 
            3
        ], 
        "prereqs": [], 
        "schedule_year": "B", 
        "attributes": [], 
        "coreqs": [], 
        "subject": 21
    }
},
{
    "pk": 104, 
    "model": "planner.course", 
    "fields": {
        "credit_hours": 1, 
        "title": "Issues in Economics", 
        "created_at": "2013-06-13T20:26:34.904Z", 
        "number": "190", 
        "updated_at": "2013-06-21T20:37:16.890Z", 
        "schedule_semester": [
            1, 
            3
        ], 
        "prereqs": [], 
        "schedule_year": "B", 
        "attributes": [], 
        "coreqs": [], 
        "subject": 22
    }
},
{
    "pk": 106, 
    "model": "planner.course", 
    "fields": {
        "credit_hours": 2, 
        "title": "Principles of Microeconomics", 
        "created_at": "2013-06-14T19:21:10.461Z", 
        "number": "201", 
        "updated_at": "2013-06-21T20:37:16.892Z", 
        "schedule_semester": [], 
        "prereqs": [], 
        "schedule_year": "B", 
        "attributes": [], 
        "coreqs": [], 
        "subject": 22
    }
},
{
    "pk": 107, 
    "model": "planner.course", 
    "fields": {
        "credit_hours": 1, 
        "title": "Principles of Macroeconomics", 
        "created_at": "2013-06-14T19:23:59.804Z", 
        "number": "202", 
        "updated_at": "2013-06-21T20:37:16.894Z", 
        "schedule_semester": [
            1, 
            3
        ], 
        "prereqs": [], 
        "schedule_year": "B", 
        "attributes": [], 
        "coreqs": [], 
        "subject": 22
    }
},
{
    "pk": 108, 
    "model": "planner.course", 
    "fields": {
        "credit_hours": 1, 
        "title": "Political Geography", 
        "created_at": "2013-06-14T19:23:59.869Z", 
        "number": "230", 
        "updated_at": "2013-06-21T20:37:16.915Z", 
        "schedule_semester": [
            1, 
            3
        ], 
        "prereqs": [], 
        "schedule_year": "B", 
        "attributes": [], 
        "coreqs": [], 
        "subject": 9
    }
},
{
    "pk": 109, 
    "model": "planner.course", 
    "fields": {
        "credit_hours": 1, 
        "title": "Public and Community Health", 
        "created_at": "2013-06-14T19:23:59.935Z", 
        "number": "346", 
        "updated_at": "2013-06-21T20:37:16.985Z", 
        "schedule_semester": [
            1, 
            3
        ], 
        "prereqs": [], 
        "schedule_year": "B", 
        "attributes": [], 
        "coreqs": [], 
        "subject": 14
    }
},
{
    "pk": 110, 
    "model": "planner.course", 
    "fields": {
        "credit_hours": 1, 
        "title": "American Politics", 
        "created_at": "2013-06-14T19:24:00.002Z", 
        "number": "100", 
        "updated_at": "2013-06-21T20:37:16.994Z", 
        "schedule_semester": [
            1, 
            3
        ], 
        "prereqs": [], 
        "schedule_year": "B", 
        "attributes": [], 
        "coreqs": [], 
        "subject": 24
    }
},
{
    "pk": 111, 
    "model": "planner.course", 
    "fields": {
        "credit_hours": 1, 
        "title": "World Politics", 
        "created_at": "2013-06-14T19:24:00.069Z", 
        "number": "150", 
        "updated_at": "2013-06-21T20:37:16.995Z", 
        "schedule_semester": [
            1, 
            3
        ], 
        "prereqs": [], 
        "schedule_year": "B", 
        "attributes": [], 
        "coreqs": [], 
        "subject": 24
    }
},
{
    "pk": 112, 
    "model": "planner.course", 
    "fields": {
        "credit_hours": 1, 
        "title": "International Political Economy", 
        "created_at": "2013-06-14T19:24:00.133Z", 
        "number": "213", 
        "updated_at": "2013-06-21T20:37:16.997Z", 
        "schedule_semester": [
            1, 
            3
        ], 
        "prereqs": [], 
        "schedule_year": "B", 
        "attributes": [], 
        "coreqs": [], 
        "subject": 24
    }
},
{
    "pk": 113, 
    "model": "planner.course", 
    "fields": {
        "credit_hours": 1, 
        "title": "Public Policy", 
        "created_at": "2013-06-14T19:24:00.199Z", 
        "number": "331", 
        "updated_at": "2013-06-21T20:37:17.004Z", 
        "schedule_semester": [
            1, 
            3
        ], 
        "prereqs": [], 
        "schedule_year": "B", 
        "attributes": [], 
        "coreqs": [], 
        "subject": 24
    }
},
{
    "pk": 114, 
    "model": "planner.course", 
    "fields": {
        "credit_hours": 1, 
        "title": "Introduction to Sociology", 
        "created_at": "2013-06-14T19:24:00.272Z", 
        "number": "100", 
        "updated_at": "2013-06-21T20:37:17.018Z", 
        "schedule_semester": [
            1, 
            3
        ], 
        "prereqs": [], 
        "schedule_year": "B", 
        "attributes": [], 
        "coreqs": [], 
        "subject": 20
    }
},
{
    "pk": 115, 
    "model": "planner.course", 
    "fields": {
        "credit_hours": 1, 
        "title": "Introduction to Global Societies", 
        "created_at": "2013-06-14T19:24:00.339Z", 
        "number": "110", 
        "updated_at": "2013-06-21T20:37:17.020Z", 
        "schedule_semester": [
            1, 
            3
        ], 
        "prereqs": [], 
        "schedule_year": "B", 
        "attributes": [], 
        "coreqs": [], 
        "subject": 20
    }
},
{
    "pk": 116, 
    "model": "planner.course", 
    "fields": {
        "credit_hours": 1, 
        "title": "Cultural Anthropology", 
        "created_at": "2013-06-14T19:24:00.404Z", 
        "number": "200", 
        "updated_at": "2013-06-21T20:37:17.022Z", 
        "schedule_semester": [
            1, 
            3
        ], 
        "prereqs": [], 
        "schedule_year": "B", 
        "attributes": [], 
        "coreqs": [], 
        "subject": 20
    }
},
{
    "pk": 117, 
    "model": "planner.course", 
    "fields": {
        "credit_hours": 1, 
        "title": "Contemporary Social Issues", 
        "created_at": "2013-06-14T19:24:00.470Z", 
        "number": "210", 
        "updated_at": "2013-06-21T20:37:17.024Z", 
        "schedule_semester": [
            1, 
            3
        ], 
        "prereqs": [], 
        "schedule_year": "B", 
        "attributes": [], 
        "coreqs": [], 
        "subject": 20
    }
},
{
    "pk": 118, 
    "model": "planner.course", 
    "fields": {
        "credit_hours": 1, 
        "title": "Ethnic and Minority Issues", 
        "created_at": "2013-06-14T19:24:00.536Z", 
        "number": "220", 
        "updated_at": "2013-06-21T20:37:17.025Z", 
        "schedule_semester": [
            1, 
            3
        ], 
        "prereqs": [], 
        "schedule_year": "B", 
        "attributes": [], 
        "coreqs": [], 
        "subject": 20
    }
},
{
    "pk": 119, 
    "model": "planner.course", 
    "fields": {
        "credit_hours": 1, 
        "title": "Community and Urban Affairs", 
        "created_at": "2013-06-14T19:24:00.600Z", 
        "number": "410", 
        "updated_at": "2013-06-21T20:37:17.036Z", 
        "schedule_semester": [
            1, 
            3
        ], 
        "prereqs": [], 
        "schedule_year": "B", 
        "attributes": [], 
        "coreqs": [], 
        "subject": 20
    }
},
{
    "pk": 120, 
    "model": "planner.course", 
    "fields": {
        "credit_hours": 1, 
        "title": "Exploration in Social Work", 
        "created_at": "2013-06-14T19:24:00.666Z", 
        "number": "200", 
        "updated_at": "2013-06-21T20:37:17.038Z", 
        "schedule_semester": [
            1, 
            3
        ], 
        "prereqs": [], 
        "schedule_year": "B", 
        "attributes": [], 
        "coreqs": [], 
        "subject": 26
    }
},
{
    "pk": 121, 
    "model": "planner.course", 
    "fields": {
        "credit_hours": 1, 
        "title": "Unleashing the Oppressed", 
        "created_at": "2013-06-14T19:24:00.732Z", 
        "number": "320", 
        "updated_at": "2013-06-21T20:37:17.039Z", 
        "schedule_semester": [
            1, 
            3
        ], 
        "prereqs": [], 
        "schedule_year": "B", 
        "attributes": [], 
        "coreqs": [], 
        "subject": 26
    }
},
{
    "pk": 122, 
    "model": "planner.course", 
    "fields": {
        "credit_hours": 2, 
        "title": "Regional Geography", 
        "created_at": "2013-06-14T19:24:00.794Z", 
        "number": "220", 
        "updated_at": "2013-06-21T20:37:16.913Z", 
        "schedule_semester": [
            1, 
            3
        ], 
        "prereqs": [], 
        "schedule_year": "B", 
        "attributes": [], 
        "coreqs": [], 
        "subject": 9
    }
},
{
    "pk": 123, 
    "model": "planner.course", 
    "fields": {
        "credit_hours": 2, 
        "title": "History and Geography of Latin America", 
        "created_at": "2013-06-14T19:24:00.858Z", 
        "number": "211", 
        "updated_at": "2013-06-21T20:37:16.918Z", 
        "schedule_semester": [
            1, 
            3
        ], 
        "prereqs": [], 
        "schedule_year": "B", 
        "attributes": [], 
        "coreqs": [], 
        "subject": 23
    }
},
{
    "pk": 124, 
    "model": "planner.course", 
    "fields": {
        "credit_hours": 2, 
        "title": "History and Geography of East Asia", 
        "created_at": "2013-06-14T19:24:00.929Z", 
        "number": "212", 
        "updated_at": "2013-06-21T20:37:16.920Z", 
        "schedule_semester": [
            1, 
            3
        ], 
        "prereqs": [], 
        "schedule_year": "B", 
        "attributes": [], 
        "coreqs": [], 
        "subject": 23
    }
},
{
    "pk": 125, 
    "model": "planner.course", 
    "fields": {
        "credit_hours": 2, 
        "title": "History and Geography of Africa", 
        "created_at": "2013-06-14T19:24:00.994Z", 
        "number": "213", 
        "updated_at": "2013-06-21T20:37:16.922Z", 
        "schedule_semester": [
            1, 
            3
        ], 
        "prereqs": [], 
        "schedule_year": "B", 
        "attributes": [], 
        "coreqs": [], 
        "subject": 23
    }
},
{
    "pk": 126, 
    "model": "planner.course", 
    "fields": {
        "credit_hours": 1, 
        "title": "History and Geography of South Asia", 
        "created_at": "2013-06-14T19:24:01.065Z", 
        "number": "215", 
        "updated_at": "2013-06-21T20:37:16.924Z", 
        "schedule_semester": [
            1, 
            3
        ], 
        "prereqs": [], 
        "schedule_year": "B", 
        "attributes": [], 
        "coreqs": [], 
        "subject": 23
    }
},
{
    "pk": 127, 
    "model": "planner.course", 
    "fields": {
        "credit_hours": 1, 
        "title": "Human Relations in Organizations", 
        "created_at": "2013-06-14T19:24:01.139Z", 
        "number": "330", 
        "updated_at": "2013-06-21T20:37:16.934Z", 
        "schedule_semester": [
            1, 
            3
        ], 
        "prereqs": [], 
        "schedule_year": "B", 
        "attributes": [], 
        "coreqs": [], 
        "subject": 10
    }
},
{
    "pk": 128, 
    "model": "planner.course", 
    "fields": {
        "credit_hours": 1, 
        "title": "Comparaitve Politics", 
        "created_at": "2013-06-14T19:24:01.203Z", 
        "number": "222", 
        "updated_at": "2013-06-21T20:37:16.999Z", 
        "schedule_semester": [
            1, 
            3
        ], 
        "prereqs": [], 
        "schedule_year": "B", 
        "attributes": [], 
        "coreqs": [], 
        "subject": 24
    }
},
{
    "pk": 129, 
    "model": "planner.course", 
    "fields": {
        "credit_hours": 1, 
        "title": "Political Behavior", 
        "created_at": "2013-06-14T19:24:01.272Z", 
        "number": "312", 
        "updated_at": "2013-06-21T20:37:17.001Z", 
        "schedule_semester": [
            1, 
            3
        ], 
        "prereqs": [], 
        "schedule_year": "B", 
        "attributes": [], 
        "coreqs": [], 
        "subject": 24
    }
},
{
    "pk": 130, 
    "model": "planner.course", 
    "fields": {
        "credit_hours": 1, 
        "title": "Modern Middle East", 
        "created_at": "2013-06-14T19:24:01.339Z", 
        "number": "321", 
        "updated_at": "2013-06-21T20:37:17.003Z", 
        "schedule_semester": [
            1, 
            3
        ], 
        "prereqs": [], 
        "schedule_year": "B", 
        "attributes": [], 
        "coreqs": [], 
        "subject": 24
    }
},
{
    "pk": 131, 
    "model": "planner.course", 
    "fields": {
        "credit_hours": 1, 
        "title": "Foundations of Psychology", 
        "created_at": "2013-06-14T19:24:01.402Z", 
        "number": "110", 
        "updated_at": "2013-06-21T20:37:17.006Z", 
        "schedule_semester": [
            1, 
            3
        ], 
        "prereqs": [], 
        "schedule_year": "B", 
        "attributes": [], 
        "coreqs": [], 
        "subject": 25
    }
},
{
    "pk": 132, 
    "model": "planner.course", 
    "fields": {
        "credit_hours": 1, 
        "title": "Introduction to Psychology", 
        "created_at": "2013-06-14T19:24:01.468Z", 
        "number": "200", 
        "updated_at": "2013-06-21T20:37:17.008Z", 
        "schedule_semester": [
            1, 
            3
        ], 
        "prereqs": [], 
        "schedule_year": "B", 
        "attributes": [], 
        "coreqs": [], 
        "subject": 25
    }
},
{
    "pk": 133, 
    "model": "planner.course", 
    "fields": {
        "credit_hours": 1, 
        "title": "Child Psychology", 
        "created_at": "2013-06-14T19:24:01.532Z", 
        "number": "240", 
        "updated_at": "2013-06-21T20:37:17.010Z", 
        "schedule_semester": [
            1, 
            3
        ], 
        "prereqs": [], 
        "schedule_year": "B", 
        "attributes": [], 
        "coreqs": [], 
        "subject": 25
    }
},
{
    "pk": 134, 
    "model": "planner.course", 
    "fields": {
        "credit_hours": 1, 
        "title": "Life Span Development", 
        "created_at": "2013-06-14T19:24:01.596Z", 
        "number": "250", 
        "updated_at": "2013-06-21T20:37:17.011Z", 
        "schedule_semester": [
            1, 
            3
        ], 
        "prereqs": [], 
        "schedule_year": "B", 
        "attributes": [], 
        "coreqs": [], 
        "subject": 25
    }
},
{
    "pk": 135, 
    "model": "planner.course", 
    "fields": {
        "credit_hours": 1, 
        "title": "Adolescent Psychology", 
        "created_at": "2013-06-14T19:24:01.662Z", 
        "number": "340", 
        "updated_at": "2013-06-21T20:37:17.013Z", 
        "schedule_semester": [
            1, 
            3
        ], 
        "prereqs": [], 
        "schedule_year": "B", 
        "attributes": [], 
        "coreqs": [], 
        "subject": 25
    }
},
{
    "pk": 136, 
    "model": "planner.course", 
    "fields": {
        "credit_hours": 1, 
        "title": "Child and Adolescent Psychology", 
        "created_at": "2013-06-14T19:24:01.729Z", 
        "number": "350", 
        "updated_at": "2013-06-21T20:37:17.015Z", 
        "schedule_semester": [
            1, 
            3
        ], 
        "prereqs": [], 
        "schedule_year": "B", 
        "attributes": [], 
        "coreqs": [], 
        "subject": 25
    }
},
{
    "pk": 137, 
    "model": "planner.course", 
    "fields": {
        "credit_hours": 1, 
        "title": "Religion and Society", 
        "created_at": "2013-06-14T19:24:01.796Z", 
        "number": "310", 
        "updated_at": "2013-06-21T20:37:17.027Z", 
        "schedule_semester": [
            1, 
            3
        ], 
        "prereqs": [], 
        "schedule_year": "B", 
        "attributes": [], 
        "coreqs": [], 
        "subject": 20
    }
},
{
    "pk": 138, 
    "model": "planner.course", 
    "fields": {
        "credit_hours": 1, 
        "title": "Social Change and Social Movements", 
        "created_at": "2013-06-14T19:24:01.859Z", 
        "number": "330", 
        "updated_at": "2013-06-21T20:37:17.029Z", 
        "schedule_semester": [
            1, 
            3
        ], 
        "prereqs": [], 
        "schedule_year": "B", 
        "attributes": [], 
        "coreqs": [], 
        "subject": 20
    }
},
{
    "pk": 139, 
    "model": "planner.course", 
    "fields": {
        "credit_hours": 1, 
        "title": "History of Social Thought", 
        "created_at": "2013-06-14T19:24:01.925Z", 
        "number": "361", 
        "updated_at": "2013-06-21T20:37:17.032Z", 
        "schedule_semester": [
            1, 
            3
        ], 
        "prereqs": [], 
        "schedule_year": "B", 
        "attributes": [], 
        "coreqs": [], 
        "subject": 20
    }
},
{
    "pk": 140, 
    "model": "planner.course", 
    "fields": {
        "credit_hours": 1, 
        "title": "Marraige and Family Systems", 
        "created_at": "2013-06-14T19:24:01.993Z", 
        "number": "381", 
        "updated_at": "2013-06-21T20:37:17.034Z", 
        "schedule_semester": [
            1, 
            3
        ], 
        "prereqs": [], 
        "schedule_year": "B", 
        "attributes": [], 
        "coreqs": [], 
        "subject": 20
    }
},
{
    "pk": 2, 
    "model": "planner.student", 
    "fields": {
        "majors": [], 
        "entering_year": 1, 
        "minors": [], 
        "student_id": "@00555555", 
        "university": 1, 
        "catalog_year": 1
    }
},
{
    "pk": 1, 
    "model": "planner.courseoffering", 
    "fields": {
        "status": 0, 
        "course": 69, 
        "created_at": "2013-06-25T22:34:47.536Z", 
        "updated_at": "2013-06-25T22:34:47.536Z", 
        "semester": 1
    }
},
{
    "pk": 2, 
    "model": "planner.courseoffering", 
    "fields": {
        "status": 0, 
        "course": 69, 
        "created_at": "2013-06-25T22:34:47.564Z", 
        "updated_at": "2013-06-25T22:34:47.564Z", 
        "semester": 2
    }
},
{
    "pk": 3, 
    "model": "planner.courseoffering", 
    "fields": {
        "status": 0, 
        "course": 69, 
        "created_at": "2013-06-25T22:34:47.593Z", 
        "updated_at": "2013-06-25T22:34:47.593Z", 
        "semester": 3
    }
},
{
    "pk": 4, 
    "model": "planner.courseoffering", 
    "fields": {
        "status": 0, 
        "course": 70, 
        "created_at": "2013-06-25T22:34:47.623Z", 
        "updated_at": "2013-06-25T22:34:47.624Z", 
        "semester": 1
    }
},
{
    "pk": 5, 
    "model": "planner.courseoffering", 
    "fields": {
        "status": 0, 
        "course": 70, 
        "created_at": "2013-06-25T22:34:47.646Z", 
        "updated_at": "2013-06-25T22:34:47.646Z", 
        "semester": 2
    }
},
{
    "pk": 6, 
    "model": "planner.courseoffering", 
    "fields": {
        "status": 0, 
        "course": 70, 
        "created_at": "2013-06-25T22:34:47.668Z", 
        "updated_at": "2013-06-25T22:34:47.668Z", 
        "semester": 3
    }
},
{
    "pk": 7, 
    "model": "planner.courseoffering", 
    "fields": {
        "status": 0, 
        "course": 1, 
        "created_at": "2013-06-25T22:34:47.700Z", 
        "updated_at": "2013-06-25T22:34:47.700Z", 
        "semester": 1
    }
},
{
    "pk": 8, 
    "model": "planner.courseoffering", 
    "fields": {
        "status": 0, 
        "course": 1, 
        "created_at": "2013-06-25T22:34:47.721Z", 
        "updated_at": "2013-06-25T22:34:47.721Z", 
        "semester": 3
    }
},
{
    "pk": 9, 
    "model": "planner.courseoffering", 
    "fields": {
        "status": 0, 
        "course": 2, 
        "created_at": "2013-06-25T22:34:47.750Z", 
        "updated_at": "2013-06-25T22:34:47.750Z", 
        "semester": 1
    }
},
{
    "pk": 10, 
    "model": "planner.courseoffering", 
    "fields": {
        "status": 0, 
        "course": 2, 
        "created_at": "2013-06-25T22:34:47.770Z", 
        "updated_at": "2013-06-25T22:34:47.770Z", 
        "semester": 3
    }
},
{
    "pk": 11, 
    "model": "planner.courseoffering", 
    "fields": {
        "status": 0, 
        "course": 46, 
        "created_at": "2013-06-25T22:34:47.852Z", 
        "updated_at": "2013-06-25T22:34:47.852Z", 
        "semester": 1
    }
},
{
    "pk": 12, 
    "model": "planner.courseoffering", 
    "fields": {
        "status": 0, 
        "course": 46, 
        "created_at": "2013-06-25T22:34:47.926Z", 
        "updated_at": "2013-06-25T22:34:47.926Z", 
        "semester": 3
    }
},
{
    "pk": 13, 
    "model": "planner.courseoffering", 
    "fields": {
        "status": 0, 
        "course": 47, 
        "created_at": "2013-06-25T22:34:48.002Z", 
        "updated_at": "2013-06-25T22:34:48.002Z", 
        "semester": 1
    }
},
{
    "pk": 14, 
    "model": "planner.courseoffering", 
    "fields": {
        "status": 0, 
        "course": 47, 
        "created_at": "2013-06-25T22:34:48.039Z", 
        "updated_at": "2013-06-25T22:34:48.039Z", 
        "semester": 3
    }
},
{
    "pk": 15, 
    "model": "planner.courseoffering", 
    "fields": {
        "status": 0, 
        "course": 48, 
        "created_at": "2013-06-25T22:34:48.067Z", 
        "updated_at": "2013-06-25T22:34:48.067Z", 
        "semester": 1
    }
},
{
    "pk": 16, 
    "model": "planner.courseoffering", 
    "fields": {
        "status": 0, 
        "course": 48, 
        "created_at": "2013-06-25T22:34:48.087Z", 
        "updated_at": "2013-06-25T22:34:48.087Z", 
        "semester": 3
    }
},
{
    "pk": 17, 
    "model": "planner.courseoffering", 
    "fields": {
        "status": 0, 
        "course": 49, 
        "created_at": "2013-06-25T22:34:48.119Z", 
        "updated_at": "2013-06-25T22:34:48.119Z", 
        "semester": 1
    }
},
{
    "pk": 18, 
    "model": "planner.courseoffering", 
    "fields": {
        "status": 0, 
        "course": 49, 
        "created_at": "2013-06-25T22:34:48.139Z", 
        "updated_at": "2013-06-25T22:34:48.139Z", 
        "semester": 3
    }
},
{
    "pk": 19, 
    "model": "planner.courseoffering", 
    "fields": {
        "status": 0, 
        "course": 50, 
        "created_at": "2013-06-25T22:34:48.167Z", 
        "updated_at": "2013-06-25T22:34:48.168Z", 
        "semester": 1
    }
},
{
    "pk": 20, 
    "model": "planner.courseoffering", 
    "fields": {
        "status": 0, 
        "course": 50, 
        "created_at": "2013-06-25T22:34:48.189Z", 
        "updated_at": "2013-06-25T22:34:48.189Z", 
        "semester": 3
    }
},
{
    "pk": 21, 
    "model": "planner.courseoffering", 
    "fields": {
        "status": 0, 
        "course": 51, 
        "created_at": "2013-06-25T22:34:48.220Z", 
        "updated_at": "2013-06-25T22:34:48.220Z", 
        "semester": 1
    }
},
{
    "pk": 22, 
    "model": "planner.courseoffering", 
    "fields": {
        "status": 0, 
        "course": 51, 
        "created_at": "2013-06-25T22:34:48.240Z", 
        "updated_at": "2013-06-25T22:34:48.241Z", 
        "semester": 3
    }
},
{
    "pk": 23, 
    "model": "planner.courseoffering", 
    "fields": {
        "status": 0, 
        "course": 90, 
        "created_at": "2013-06-25T22:34:48.269Z", 
        "updated_at": "2013-06-25T22:34:48.269Z", 
        "semester": 1
    }
},
{
    "pk": 24, 
    "model": "planner.courseoffering", 
    "fields": {
        "status": 0, 
        "course": 90, 
        "created_at": "2013-06-25T22:34:48.289Z", 
        "updated_at": "2013-06-25T22:34:48.289Z", 
        "semester": 3
    }
},
{
    "pk": 25, 
    "model": "planner.courseoffering", 
    "fields": {
        "status": 0, 
        "course": 91, 
        "created_at": "2013-06-25T22:34:48.318Z", 
        "updated_at": "2013-06-25T22:34:48.318Z", 
        "semester": 1
    }
},
{
    "pk": 26, 
    "model": "planner.courseoffering", 
    "fields": {
        "status": 0, 
        "course": 91, 
        "created_at": "2013-06-25T22:34:48.338Z", 
        "updated_at": "2013-06-25T22:34:48.338Z", 
        "semester": 3
    }
},
{
    "pk": 27, 
    "model": "planner.courseoffering", 
    "fields": {
        "status": 0, 
        "course": 103, 
        "created_at": "2013-06-25T22:34:48.367Z", 
        "updated_at": "2013-06-25T22:34:48.367Z", 
        "semester": 1
    }
},
{
    "pk": 28, 
    "model": "planner.courseoffering", 
    "fields": {
        "status": 0, 
        "course": 103, 
        "created_at": "2013-06-25T22:34:48.388Z", 
        "updated_at": "2013-06-25T22:34:48.388Z", 
        "semester": 3
    }
},
{
    "pk": 29, 
    "model": "planner.courseoffering", 
    "fields": {
        "status": 0, 
        "course": 55, 
        "created_at": "2013-06-25T22:34:48.417Z", 
        "updated_at": "2013-06-25T22:34:48.417Z", 
        "semester": 1
    }
},
{
    "pk": 30, 
    "model": "planner.courseoffering", 
    "fields": {
        "status": 0, 
        "course": 55, 
        "created_at": "2013-06-25T22:34:48.437Z", 
        "updated_at": "2013-06-25T22:34:48.437Z", 
        "semester": 3
    }
},
{
    "pk": 31, 
    "model": "planner.courseoffering", 
    "fields": {
        "status": 0, 
        "course": 52, 
        "created_at": "2013-06-25T22:34:48.466Z", 
        "updated_at": "2013-06-25T22:34:48.466Z", 
        "semester": 1
    }
},
{
    "pk": 32, 
    "model": "planner.courseoffering", 
    "fields": {
        "status": 0, 
        "course": 52, 
        "created_at": "2013-06-25T22:34:48.487Z", 
        "updated_at": "2013-06-25T22:34:48.487Z", 
        "semester": 3
    }
},
{
    "pk": 33, 
    "model": "planner.courseoffering", 
    "fields": {
        "status": 0, 
        "course": 56, 
        "created_at": "2013-06-25T22:34:48.516Z", 
        "updated_at": "2013-06-25T22:34:48.516Z", 
        "semester": 1
    }
},
{
    "pk": 34, 
    "model": "planner.courseoffering", 
    "fields": {
        "status": 0, 
        "course": 56, 
        "created_at": "2013-06-25T22:34:48.538Z", 
        "updated_at": "2013-06-25T22:34:48.538Z", 
        "semester": 3
    }
},
{
    "pk": 35, 
    "model": "planner.courseoffering", 
    "fields": {
        "status": 0, 
        "course": 57, 
        "created_at": "2013-06-25T22:34:48.567Z", 
        "updated_at": "2013-06-25T22:34:48.567Z", 
        "semester": 1
    }
},
{
    "pk": 36, 
    "model": "planner.courseoffering", 
    "fields": {
        "status": 0, 
        "course": 57, 
        "created_at": "2013-06-25T22:34:48.588Z", 
        "updated_at": "2013-06-25T22:34:48.588Z", 
        "semester": 3
    }
},
{
    "pk": 37, 
    "model": "planner.courseoffering", 
    "fields": {
        "status": 0, 
        "course": 87, 
        "created_at": "2013-06-25T22:34:48.617Z", 
        "updated_at": "2013-06-25T22:34:48.617Z", 
        "semester": 1
    }
},
{
    "pk": 38, 
    "model": "planner.courseoffering", 
    "fields": {
        "status": 0, 
        "course": 87, 
        "created_at": "2013-06-25T22:34:48.638Z", 
        "updated_at": "2013-06-25T22:34:48.638Z", 
        "semester": 3
    }
},
{
    "pk": 39, 
    "model": "planner.courseoffering", 
    "fields": {
        "status": 0, 
        "course": 88, 
        "created_at": "2013-06-25T22:34:48.667Z", 
        "updated_at": "2013-06-25T22:34:48.667Z", 
        "semester": 1
    }
},
{
    "pk": 40, 
    "model": "planner.courseoffering", 
    "fields": {
        "status": 0, 
        "course": 88, 
        "created_at": "2013-06-25T22:34:48.688Z", 
        "updated_at": "2013-06-25T22:34:48.688Z", 
        "semester": 3
    }
},
{
    "pk": 41, 
    "model": "planner.courseoffering", 
    "fields": {
        "status": 0, 
        "course": 4, 
        "created_at": "2013-06-25T22:34:48.716Z", 
        "updated_at": "2013-06-25T22:34:48.716Z", 
        "semester": 1
    }
},
{
    "pk": 42, 
    "model": "planner.courseoffering", 
    "fields": {
        "status": 0, 
        "course": 4, 
        "created_at": "2013-06-25T22:34:48.738Z", 
        "updated_at": "2013-06-25T22:34:48.738Z", 
        "semester": 3
    }
},
{
    "pk": 43, 
    "model": "planner.courseoffering", 
    "fields": {
        "status": 0, 
        "course": 5, 
        "created_at": "2013-06-25T22:34:48.768Z", 
        "updated_at": "2013-06-25T22:34:48.768Z", 
        "semester": 1
    }
},
{
    "pk": 44, 
    "model": "planner.courseoffering", 
    "fields": {
        "status": 0, 
        "course": 5, 
        "created_at": "2013-06-25T22:34:48.793Z", 
        "updated_at": "2013-06-25T22:34:48.793Z", 
        "semester": 3
    }
},
{
    "pk": 45, 
    "model": "planner.courseoffering", 
    "fields": {
        "status": 0, 
        "course": 6, 
        "created_at": "2013-06-25T22:34:48.824Z", 
        "updated_at": "2013-06-25T22:34:48.824Z", 
        "semester": 3
    }
},
{
    "pk": 46, 
    "model": "planner.courseoffering", 
    "fields": {
        "status": 0, 
        "course": 7, 
        "created_at": "2013-06-25T22:34:48.853Z", 
        "updated_at": "2013-06-25T22:34:48.853Z", 
        "semester": 1
    }
},
{
    "pk": 47, 
    "model": "planner.courseoffering", 
    "fields": {
        "status": 0, 
        "course": 8, 
        "created_at": "2013-06-25T22:34:48.883Z", 
        "updated_at": "2013-06-25T22:34:48.883Z", 
        "semester": 1
    }
},
{
    "pk": 48, 
    "model": "planner.courseoffering", 
    "fields": {
        "status": 0, 
        "course": 31, 
        "created_at": "2013-06-25T22:34:48.911Z", 
        "updated_at": "2013-06-25T22:34:48.911Z", 
        "semester": 3
    }
},
{
    "pk": 49, 
    "model": "planner.courseoffering", 
    "fields": {
        "status": 0, 
        "course": 9, 
        "created_at": "2013-06-25T22:34:48.941Z", 
        "updated_at": "2013-06-25T22:34:48.941Z", 
        "semester": 3
    }
},
{
    "pk": 50, 
    "model": "planner.courseoffering", 
    "fields": {
        "status": 0, 
        "course": 3, 
        "created_at": "2013-06-25T22:34:48.970Z", 
        "updated_at": "2013-06-25T22:34:48.970Z", 
        "semester": 1
    }
},
{
    "pk": 51, 
    "model": "planner.courseoffering", 
    "fields": {
        "status": 0, 
        "course": 10, 
        "created_at": "2013-06-25T22:34:48.999Z", 
        "updated_at": "2013-06-25T22:34:48.999Z", 
        "semester": 1
    }
},
{
    "pk": 52, 
    "model": "planner.courseoffering", 
    "fields": {
        "status": 0, 
        "course": 10, 
        "created_at": "2013-06-25T22:34:49.019Z", 
        "updated_at": "2013-06-25T22:34:49.019Z", 
        "semester": 2
    }
},
{
    "pk": 53, 
    "model": "planner.courseoffering", 
    "fields": {
        "status": 0, 
        "course": 25, 
        "created_at": "2013-06-25T22:34:49.048Z", 
        "updated_at": "2013-06-25T22:34:49.048Z", 
        "semester": 3
    }
},
{
    "pk": 54, 
    "model": "planner.courseoffering", 
    "fields": {
        "status": 0, 
        "course": 40, 
        "created_at": "2013-06-25T22:34:49.079Z", 
        "updated_at": "2013-06-25T22:34:49.079Z", 
        "semester": 1
    }
},
{
    "pk": 55, 
    "model": "planner.courseoffering", 
    "fields": {
        "status": 0, 
        "course": 26, 
        "created_at": "2013-06-25T22:34:49.107Z", 
        "updated_at": "2013-06-25T22:34:49.107Z", 
        "semester": 1
    }
},
{
    "pk": 56, 
    "model": "planner.courseoffering", 
    "fields": {
        "status": 0, 
        "course": 41, 
        "created_at": "2013-06-25T22:34:49.140Z", 
        "updated_at": "2013-06-25T22:34:49.140Z", 
        "semester": 1
    }
},
{
    "pk": 57, 
    "model": "planner.courseoffering", 
    "fields": {
        "status": 0, 
        "course": 41, 
        "created_at": "2013-06-25T22:34:49.160Z", 
        "updated_at": "2013-06-25T22:34:49.160Z", 
        "semester": 3
    }
},
{
    "pk": 58, 
    "model": "planner.courseoffering", 
    "fields": {
        "status": 0, 
        "course": 42, 
        "created_at": "2013-06-25T22:34:49.188Z", 
        "updated_at": "2013-06-25T22:34:49.188Z", 
        "semester": 1
    }
},
{
    "pk": 59, 
    "model": "planner.courseoffering", 
    "fields": {
        "status": 0, 
        "course": 42, 
        "created_at": "2013-06-25T22:34:49.208Z", 
        "updated_at": "2013-06-25T22:34:49.209Z", 
        "semester": 3
    }
},
{
    "pk": 60, 
    "model": "planner.courseoffering", 
    "fields": {
        "status": 0, 
        "course": 32, 
        "created_at": "2013-06-25T22:34:49.237Z", 
        "updated_at": "2013-06-25T22:34:49.237Z", 
        "semester": 3
    }
},
{
    "pk": 61, 
    "model": "planner.courseoffering", 
    "fields": {
        "status": 0, 
        "course": 22, 
        "created_at": "2013-06-25T22:34:49.265Z", 
        "updated_at": "2013-06-25T22:34:49.266Z", 
        "semester": 1
    }
},
{
    "pk": 62, 
    "model": "planner.courseoffering", 
    "fields": {
        "status": 0, 
        "course": 12, 
        "created_at": "2013-06-25T22:34:49.307Z", 
        "updated_at": "2013-06-25T22:34:49.307Z", 
        "semester": 3
    }
},
{
    "pk": 63, 
    "model": "planner.courseoffering", 
    "fields": {
        "status": 0, 
        "course": 23, 
        "created_at": "2013-06-25T22:34:49.337Z", 
        "updated_at": "2013-06-25T22:34:49.337Z", 
        "semester": 3
    }
},
{
    "pk": 64, 
    "model": "planner.courseoffering", 
    "fields": {
        "status": 0, 
        "course": 28, 
        "created_at": "2013-06-25T22:34:49.365Z", 
        "updated_at": "2013-06-25T22:34:49.365Z", 
        "semester": 3
    }
},
{
    "pk": 65, 
    "model": "planner.courseoffering", 
    "fields": {
        "status": 0, 
        "course": 29, 
        "created_at": "2013-06-25T22:34:49.393Z", 
        "updated_at": "2013-06-25T22:34:49.393Z", 
        "semester": 3
    }
},
{
    "pk": 66, 
    "model": "planner.courseoffering", 
    "fields": {
        "status": 0, 
        "course": 13, 
        "created_at": "2013-06-25T22:34:49.423Z", 
        "updated_at": "2013-06-25T22:34:49.423Z", 
        "semester": 1
    }
},
{
    "pk": 67, 
    "model": "planner.courseoffering", 
    "fields": {
        "status": 0, 
        "course": 24, 
        "created_at": "2013-06-25T22:34:49.452Z", 
        "updated_at": "2013-06-25T22:34:49.452Z", 
        "semester": 1
    }
},
{
    "pk": 68, 
    "model": "planner.courseoffering", 
    "fields": {
        "status": 0, 
        "course": 24, 
        "created_at": "2013-06-25T22:34:49.472Z", 
        "updated_at": "2013-06-25T22:34:49.472Z", 
        "semester": 3
    }
},
{
    "pk": 69, 
    "model": "planner.courseoffering", 
    "fields": {
        "status": 0, 
        "course": 14, 
        "created_at": "2013-06-25T22:34:49.501Z", 
        "updated_at": "2013-06-25T22:34:49.501Z", 
        "semester": 1
    }
},
{
    "pk": 70, 
    "model": "planner.courseoffering", 
    "fields": {
        "status": 0, 
        "course": 14, 
        "created_at": "2013-06-25T22:34:49.522Z", 
        "updated_at": "2013-06-25T22:34:49.522Z", 
        "semester": 2
    }
},
{
    "pk": 71, 
    "model": "planner.courseoffering", 
    "fields": {
        "status": 0, 
        "course": 14, 
        "created_at": "2013-06-25T22:34:49.542Z", 
        "updated_at": "2013-06-25T22:34:49.542Z", 
        "semester": 3
    }
},
{
    "pk": 72, 
    "model": "planner.courseoffering", 
    "fields": {
        "status": 0, 
        "course": 15, 
        "created_at": "2013-06-25T22:34:49.571Z", 
        "updated_at": "2013-06-25T22:34:49.571Z", 
        "semester": 1
    }
},
{
    "pk": 73, 
    "model": "planner.courseoffering", 
    "fields": {
        "status": 0, 
        "course": 15, 
        "created_at": "2013-06-25T22:34:49.593Z", 
        "updated_at": "2013-06-25T22:34:49.593Z", 
        "semester": 2
    }
},
{
    "pk": 74, 
    "model": "planner.courseoffering", 
    "fields": {
        "status": 0, 
        "course": 15, 
        "created_at": "2013-06-25T22:34:49.614Z", 
        "updated_at": "2013-06-25T22:34:49.614Z", 
        "semester": 3
    }
},
{
    "pk": 75, 
    "model": "planner.courseoffering", 
    "fields": {
        "status": 0, 
        "course": 43, 
        "created_at": "2013-06-25T22:34:49.643Z", 
        "updated_at": "2013-06-25T22:34:49.643Z", 
        "semester": 1
    }
},
{
    "pk": 76, 
    "model": "planner.courseoffering", 
    "fields": {
        "status": 0, 
        "course": 43, 
        "created_at": "2013-06-25T22:34:49.664Z", 
        "updated_at": "2013-06-25T22:34:49.664Z", 
        "semester": 3
    }
},
{
    "pk": 77, 
    "model": "planner.courseoffering", 
    "fields": {
        "status": 0, 
        "course": 44, 
        "created_at": "2013-06-25T22:34:49.693Z", 
        "updated_at": "2013-06-25T22:34:49.693Z", 
        "semester": 1
    }
},
{
    "pk": 78, 
    "model": "planner.courseoffering", 
    "fields": {
        "status": 0, 
        "course": 44, 
        "created_at": "2013-06-25T22:34:49.713Z", 
        "updated_at": "2013-06-25T22:34:49.713Z", 
        "semester": 3
    }
},
{
    "pk": 79, 
    "model": "planner.courseoffering", 
    "fields": {
        "status": 0, 
        "course": 16, 
        "created_at": "2013-06-25T22:34:49.742Z", 
        "updated_at": "2013-06-25T22:34:49.742Z", 
        "semester": 2
    }
},
{
    "pk": 80, 
    "model": "planner.courseoffering", 
    "fields": {
        "status": 0, 
        "course": 104, 
        "created_at": "2013-06-25T22:34:49.771Z", 
        "updated_at": "2013-06-25T22:34:49.771Z", 
        "semester": 1
    }
},
{
    "pk": 81, 
    "model": "planner.courseoffering", 
    "fields": {
        "status": 0, 
        "course": 104, 
        "created_at": "2013-06-25T22:34:49.796Z", 
        "updated_at": "2013-06-25T22:34:49.796Z", 
        "semester": 3
    }
},
{
    "pk": 82, 
    "model": "planner.courseoffering", 
    "fields": {
        "status": 0, 
        "course": 107, 
        "created_at": "2013-06-25T22:34:49.841Z", 
        "updated_at": "2013-06-25T22:34:49.841Z", 
        "semester": 1
    }
},
{
    "pk": 83, 
    "model": "planner.courseoffering", 
    "fields": {
        "status": 0, 
        "course": 107, 
        "created_at": "2013-06-25T22:34:49.862Z", 
        "updated_at": "2013-06-25T22:34:49.862Z", 
        "semester": 3
    }
},
{
    "pk": 84, 
    "model": "planner.courseoffering", 
    "fields": {
        "status": 0, 
        "course": 89, 
        "created_at": "2013-06-25T22:34:49.890Z", 
        "updated_at": "2013-06-25T22:34:49.890Z", 
        "semester": 1
    }
},
{
    "pk": 85, 
    "model": "planner.courseoffering", 
    "fields": {
        "status": 0, 
        "course": 89, 
        "created_at": "2013-06-25T22:34:49.911Z", 
        "updated_at": "2013-06-25T22:34:49.911Z", 
        "semester": 3
    }
},
{
    "pk": 86, 
    "model": "planner.courseoffering", 
    "fields": {
        "status": 0, 
        "course": 100, 
        "created_at": "2013-06-25T22:34:49.940Z", 
        "updated_at": "2013-06-25T22:34:49.940Z", 
        "semester": 1
    }
},
{
    "pk": 87, 
    "model": "planner.courseoffering", 
    "fields": {
        "status": 0, 
        "course": 100, 
        "created_at": "2013-06-25T22:34:49.961Z", 
        "updated_at": "2013-06-25T22:34:49.961Z", 
        "semester": 2
    }
},
{
    "pk": 88, 
    "model": "planner.courseoffering", 
    "fields": {
        "status": 0, 
        "course": 100, 
        "created_at": "2013-06-25T22:34:49.982Z", 
        "updated_at": "2013-06-25T22:34:49.982Z", 
        "semester": 3
    }
},
{
    "pk": 89, 
    "model": "planner.courseoffering", 
    "fields": {
        "status": 0, 
        "course": 101, 
        "created_at": "2013-06-25T22:34:50.010Z", 
        "updated_at": "2013-06-25T22:34:50.010Z", 
        "semester": 1
    }
},
{
    "pk": 90, 
    "model": "planner.courseoffering", 
    "fields": {
        "status": 0, 
        "course": 101, 
        "created_at": "2013-06-25T22:34:50.031Z", 
        "updated_at": "2013-06-25T22:34:50.031Z", 
        "semester": 3
    }
},
{
    "pk": 91, 
    "model": "planner.courseoffering", 
    "fields": {
        "status": 0, 
        "course": 102, 
        "created_at": "2013-06-25T22:34:50.060Z", 
        "updated_at": "2013-06-25T22:34:50.060Z", 
        "semester": 1
    }
},
{
    "pk": 92, 
    "model": "planner.courseoffering", 
    "fields": {
        "status": 0, 
        "course": 102, 
        "created_at": "2013-06-25T22:34:50.082Z", 
        "updated_at": "2013-06-25T22:34:50.082Z", 
        "semester": 3
    }
},
{
    "pk": 93, 
    "model": "planner.courseoffering", 
    "fields": {
        "status": 0, 
        "course": 62, 
        "created_at": "2013-06-25T22:34:50.111Z", 
        "updated_at": "2013-06-25T22:34:50.111Z", 
        "semester": 1
    }
},
{
    "pk": 94, 
    "model": "planner.courseoffering", 
    "fields": {
        "status": 0, 
        "course": 62, 
        "created_at": "2013-06-25T22:34:50.133Z", 
        "updated_at": "2013-06-25T22:34:50.133Z", 
        "semester": 3
    }
},
{
    "pk": 95, 
    "model": "planner.courseoffering", 
    "fields": {
        "status": 0, 
        "course": 61, 
        "created_at": "2013-06-25T22:34:50.162Z", 
        "updated_at": "2013-06-25T22:34:50.162Z", 
        "semester": 1
    }
},
{
    "pk": 96, 
    "model": "planner.courseoffering", 
    "fields": {
        "status": 0, 
        "course": 61, 
        "created_at": "2013-06-25T22:34:50.183Z", 
        "updated_at": "2013-06-25T22:34:50.183Z", 
        "semester": 3
    }
},
{
    "pk": 97, 
    "model": "planner.courseoffering", 
    "fields": {
        "status": 0, 
        "course": 53, 
        "created_at": "2013-06-25T22:34:50.212Z", 
        "updated_at": "2013-06-25T22:34:50.212Z", 
        "semester": 1
    }
},
{
    "pk": 98, 
    "model": "planner.courseoffering", 
    "fields": {
        "status": 0, 
        "course": 53, 
        "created_at": "2013-06-25T22:34:50.233Z", 
        "updated_at": "2013-06-25T22:34:50.233Z", 
        "semester": 3
    }
},
{
    "pk": 99, 
    "model": "planner.courseoffering", 
    "fields": {
        "status": 0, 
        "course": 54, 
        "created_at": "2013-06-25T22:34:50.261Z", 
        "updated_at": "2013-06-25T22:34:50.261Z", 
        "semester": 1
    }
},
{
    "pk": 100, 
    "model": "planner.courseoffering", 
    "fields": {
        "status": 0, 
        "course": 54, 
        "created_at": "2013-06-25T22:34:50.280Z", 
        "updated_at": "2013-06-25T22:34:50.281Z", 
        "semester": 3
    }
},
{
    "pk": 101, 
    "model": "planner.courseoffering", 
    "fields": {
        "status": 0, 
        "course": 63, 
        "created_at": "2013-06-25T22:34:50.308Z", 
        "updated_at": "2013-06-25T22:34:50.308Z", 
        "semester": 1
    }
},
{
    "pk": 102, 
    "model": "planner.courseoffering", 
    "fields": {
        "status": 0, 
        "course": 63, 
        "created_at": "2013-06-25T22:34:50.329Z", 
        "updated_at": "2013-06-25T22:34:50.329Z", 
        "semester": 3
    }
},
{
    "pk": 103, 
    "model": "planner.courseoffering", 
    "fields": {
        "status": 0, 
        "course": 64, 
        "created_at": "2013-06-25T22:34:50.356Z", 
        "updated_at": "2013-06-25T22:34:50.356Z", 
        "semester": 1
    }
},
{
    "pk": 104, 
    "model": "planner.courseoffering", 
    "fields": {
        "status": 0, 
        "course": 64, 
        "created_at": "2013-06-25T22:34:50.377Z", 
        "updated_at": "2013-06-25T22:34:50.377Z", 
        "semester": 3
    }
},
{
    "pk": 105, 
    "model": "planner.courseoffering", 
    "fields": {
        "status": 0, 
        "course": 122, 
        "created_at": "2013-06-25T22:34:50.406Z", 
        "updated_at": "2013-06-25T22:34:50.406Z", 
        "semester": 1
    }
},
{
    "pk": 106, 
    "model": "planner.courseoffering", 
    "fields": {
        "status": 0, 
        "course": 122, 
        "created_at": "2013-06-25T22:34:50.427Z", 
        "updated_at": "2013-06-25T22:34:50.427Z", 
        "semester": 3
    }
},
{
    "pk": 107, 
    "model": "planner.courseoffering", 
    "fields": {
        "status": 0, 
        "course": 108, 
        "created_at": "2013-06-25T22:34:50.456Z", 
        "updated_at": "2013-06-25T22:34:50.456Z", 
        "semester": 1
    }
},
{
    "pk": 108, 
    "model": "planner.courseoffering", 
    "fields": {
        "status": 0, 
        "course": 108, 
        "created_at": "2013-06-25T22:34:50.477Z", 
        "updated_at": "2013-06-25T22:34:50.477Z", 
        "semester": 3
    }
},
{
    "pk": 109, 
    "model": "planner.courseoffering", 
    "fields": {
        "status": 0, 
        "course": 65, 
        "created_at": "2013-06-25T22:34:50.505Z", 
        "updated_at": "2013-06-25T22:34:50.506Z", 
        "semester": 1
    }
},
{
    "pk": 110, 
    "model": "planner.courseoffering", 
    "fields": {
        "status": 0, 
        "course": 65, 
        "created_at": "2013-06-25T22:34:50.526Z", 
        "updated_at": "2013-06-25T22:34:50.526Z", 
        "semester": 3
    }
},
{
    "pk": 111, 
    "model": "planner.courseoffering", 
    "fields": {
        "status": 0, 
        "course": 123, 
        "created_at": "2013-06-25T22:34:50.555Z", 
        "updated_at": "2013-06-25T22:34:50.555Z", 
        "semester": 1
    }
},
{
    "pk": 112, 
    "model": "planner.courseoffering", 
    "fields": {
        "status": 0, 
        "course": 123, 
        "created_at": "2013-06-25T22:34:50.575Z", 
        "updated_at": "2013-06-25T22:34:50.575Z", 
        "semester": 3
    }
},
{
    "pk": 113, 
    "model": "planner.courseoffering", 
    "fields": {
        "status": 0, 
        "course": 124, 
        "created_at": "2013-06-25T22:34:50.604Z", 
        "updated_at": "2013-06-25T22:34:50.604Z", 
        "semester": 1
    }
},
{
    "pk": 114, 
    "model": "planner.courseoffering", 
    "fields": {
        "status": 0, 
        "course": 124, 
        "created_at": "2013-06-25T22:34:50.641Z", 
        "updated_at": "2013-06-25T22:34:50.641Z", 
        "semester": 3
    }
},
{
    "pk": 115, 
    "model": "planner.courseoffering", 
    "fields": {
        "status": 0, 
        "course": 125, 
        "created_at": "2013-06-25T22:34:50.671Z", 
        "updated_at": "2013-06-25T22:34:50.671Z", 
        "semester": 1
    }
},
{
    "pk": 116, 
    "model": "planner.courseoffering", 
    "fields": {
        "status": 0, 
        "course": 125, 
        "created_at": "2013-06-25T22:34:50.690Z", 
        "updated_at": "2013-06-25T22:34:50.691Z", 
        "semester": 3
    }
},
{
    "pk": 117, 
    "model": "planner.courseoffering", 
    "fields": {
        "status": 0, 
        "course": 126, 
        "created_at": "2013-06-25T22:34:50.719Z", 
        "updated_at": "2013-06-25T22:34:50.719Z", 
        "semester": 1
    }
},
{
    "pk": 118, 
    "model": "planner.courseoffering", 
    "fields": {
        "status": 0, 
        "course": 126, 
        "created_at": "2013-06-25T22:34:50.739Z", 
        "updated_at": "2013-06-25T22:34:50.739Z", 
        "semester": 3
    }
},
{
    "pk": 119, 
    "model": "planner.courseoffering", 
    "fields": {
        "status": 0, 
        "course": 83, 
        "created_at": "2013-06-25T22:34:50.767Z", 
        "updated_at": "2013-06-25T22:34:50.768Z", 
        "semester": 1
    }
},
{
    "pk": 120, 
    "model": "planner.courseoffering", 
    "fields": {
        "status": 0, 
        "course": 83, 
        "created_at": "2013-06-25T22:34:50.787Z", 
        "updated_at": "2013-06-25T22:34:50.787Z", 
        "semester": 2
    }
},
{
    "pk": 121, 
    "model": "planner.courseoffering", 
    "fields": {
        "status": 0, 
        "course": 83, 
        "created_at": "2013-06-25T22:34:50.812Z", 
        "updated_at": "2013-06-25T22:34:50.812Z", 
        "semester": 3
    }
},
{
    "pk": 122, 
    "model": "planner.courseoffering", 
    "fields": {
        "status": 0, 
        "course": 85, 
        "created_at": "2013-06-25T22:34:50.839Z", 
        "updated_at": "2013-06-25T22:34:50.839Z", 
        "semester": 1
    }
},
{
    "pk": 123, 
    "model": "planner.courseoffering", 
    "fields": {
        "status": 0, 
        "course": 85, 
        "created_at": "2013-06-25T22:34:50.860Z", 
        "updated_at": "2013-06-25T22:34:50.860Z", 
        "semester": 2
    }
},
{
    "pk": 124, 
    "model": "planner.courseoffering", 
    "fields": {
        "status": 0, 
        "course": 85, 
        "created_at": "2013-06-25T22:34:50.880Z", 
        "updated_at": "2013-06-25T22:34:50.880Z", 
        "semester": 3
    }
},
{
    "pk": 125, 
    "model": "planner.courseoffering", 
    "fields": {
        "status": 0, 
        "course": 84, 
        "created_at": "2013-06-25T22:34:50.907Z", 
        "updated_at": "2013-06-25T22:34:50.907Z", 
        "semester": 1
    }
},
{
    "pk": 126, 
    "model": "planner.courseoffering", 
    "fields": {
        "status": 0, 
        "course": 84, 
        "created_at": "2013-06-25T22:34:50.928Z", 
        "updated_at": "2013-06-25T22:34:50.928Z", 
        "semester": 2
    }
},
{
    "pk": 127, 
    "model": "planner.courseoffering", 
    "fields": {
        "status": 0, 
        "course": 84, 
        "created_at": "2013-06-25T22:34:50.949Z", 
        "updated_at": "2013-06-25T22:34:50.949Z", 
        "semester": 3
    }
},
{
    "pk": 128, 
    "model": "planner.courseoffering", 
    "fields": {
        "status": 0, 
        "course": 67, 
        "created_at": "2013-06-25T22:34:50.978Z", 
        "updated_at": "2013-06-25T22:34:50.978Z", 
        "semester": 1
    }
},
{
    "pk": 129, 
    "model": "planner.courseoffering", 
    "fields": {
        "status": 0, 
        "course": 67, 
        "created_at": "2013-06-25T22:34:50.999Z", 
        "updated_at": "2013-06-25T22:34:50.999Z", 
        "semester": 2
    }
},
{
    "pk": 130, 
    "model": "planner.courseoffering", 
    "fields": {
        "status": 0, 
        "course": 67, 
        "created_at": "2013-06-25T22:34:51.019Z", 
        "updated_at": "2013-06-25T22:34:51.019Z", 
        "semester": 3
    }
},
{
    "pk": 131, 
    "model": "planner.courseoffering", 
    "fields": {
        "status": 0, 
        "course": 68, 
        "created_at": "2013-06-25T22:34:51.048Z", 
        "updated_at": "2013-06-25T22:34:51.048Z", 
        "semester": 1
    }
},
{
    "pk": 132, 
    "model": "planner.courseoffering", 
    "fields": {
        "status": 0, 
        "course": 127, 
        "created_at": "2013-06-25T22:34:51.076Z", 
        "updated_at": "2013-06-25T22:34:51.076Z", 
        "semester": 1
    }
},
{
    "pk": 133, 
    "model": "planner.courseoffering", 
    "fields": {
        "status": 0, 
        "course": 127, 
        "created_at": "2013-06-25T22:34:51.097Z", 
        "updated_at": "2013-06-25T22:34:51.097Z", 
        "semester": 3
    }
},
{
    "pk": 134, 
    "model": "planner.courseoffering", 
    "fields": {
        "status": 0, 
        "course": 73, 
        "created_at": "2013-06-25T22:34:51.126Z", 
        "updated_at": "2013-06-25T22:34:51.126Z", 
        "semester": 1
    }
},
{
    "pk": 135, 
    "model": "planner.courseoffering", 
    "fields": {
        "status": 0, 
        "course": 73, 
        "created_at": "2013-06-25T22:34:51.146Z", 
        "updated_at": "2013-06-25T22:34:51.146Z", 
        "semester": 2
    }
},
{
    "pk": 136, 
    "model": "planner.courseoffering", 
    "fields": {
        "status": 0, 
        "course": 73, 
        "created_at": "2013-06-25T22:34:51.167Z", 
        "updated_at": "2013-06-25T22:34:51.167Z", 
        "semester": 3
    }
},
{
    "pk": 137, 
    "model": "planner.courseoffering", 
    "fields": {
        "status": 0, 
        "course": 92, 
        "created_at": "2013-06-25T22:34:51.196Z", 
        "updated_at": "2013-06-25T22:34:51.196Z", 
        "semester": 1
    }
},
{
    "pk": 138, 
    "model": "planner.courseoffering", 
    "fields": {
        "status": 0, 
        "course": 92, 
        "created_at": "2013-06-25T22:34:51.217Z", 
        "updated_at": "2013-06-25T22:34:51.217Z", 
        "semester": 3
    }
},
{
    "pk": 139, 
    "model": "planner.courseoffering", 
    "fields": {
        "status": 0, 
        "course": 93, 
        "created_at": "2013-06-25T22:34:51.245Z", 
        "updated_at": "2013-06-25T22:34:51.245Z", 
        "semester": 1
    }
},
{
    "pk": 140, 
    "model": "planner.courseoffering", 
    "fields": {
        "status": 0, 
        "course": 93, 
        "created_at": "2013-06-25T22:34:51.266Z", 
        "updated_at": "2013-06-25T22:34:51.266Z", 
        "semester": 3
    }
},
{
    "pk": 141, 
    "model": "planner.courseoffering", 
    "fields": {
        "status": 0, 
        "course": 94, 
        "created_at": "2013-06-25T22:34:51.295Z", 
        "updated_at": "2013-06-25T22:34:51.296Z", 
        "semester": 1
    }
},
{
    "pk": 142, 
    "model": "planner.courseoffering", 
    "fields": {
        "status": 0, 
        "course": 94, 
        "created_at": "2013-06-25T22:34:51.318Z", 
        "updated_at": "2013-06-25T22:34:51.318Z", 
        "semester": 3
    }
},
{
    "pk": 143, 
    "model": "planner.courseoffering", 
    "fields": {
        "status": 0, 
        "course": 95, 
        "created_at": "2013-06-25T22:34:51.346Z", 
        "updated_at": "2013-06-25T22:34:51.346Z", 
        "semester": 1
    }
},
{
    "pk": 144, 
    "model": "planner.courseoffering", 
    "fields": {
        "status": 0, 
        "course": 95, 
        "created_at": "2013-06-25T22:34:51.367Z", 
        "updated_at": "2013-06-25T22:34:51.367Z", 
        "semester": 3
    }
},
{
    "pk": 145, 
    "model": "planner.courseoffering", 
    "fields": {
        "status": 0, 
        "course": 17, 
        "created_at": "2013-06-25T22:34:51.396Z", 
        "updated_at": "2013-06-25T22:34:51.396Z", 
        "semester": 1
    }
},
{
    "pk": 146, 
    "model": "planner.courseoffering", 
    "fields": {
        "status": 0, 
        "course": 17, 
        "created_at": "2013-06-25T22:34:51.417Z", 
        "updated_at": "2013-06-25T22:34:51.417Z", 
        "semester": 3
    }
},
{
    "pk": 147, 
    "model": "planner.courseoffering", 
    "fields": {
        "status": 0, 
        "course": 96, 
        "created_at": "2013-06-25T22:34:51.447Z", 
        "updated_at": "2013-06-25T22:34:51.447Z", 
        "semester": 1
    }
},
{
    "pk": 148, 
    "model": "planner.courseoffering", 
    "fields": {
        "status": 0, 
        "course": 96, 
        "created_at": "2013-06-25T22:34:51.468Z", 
        "updated_at": "2013-06-25T22:34:51.468Z", 
        "semester": 3
    }
},
{
    "pk": 149, 
    "model": "planner.courseoffering", 
    "fields": {
        "status": 0, 
        "course": 97, 
        "created_at": "2013-06-25T22:34:51.497Z", 
        "updated_at": "2013-06-25T22:34:51.497Z", 
        "semester": 1
    }
},
{
    "pk": 150, 
    "model": "planner.courseoffering", 
    "fields": {
        "status": 0, 
        "course": 97, 
        "created_at": "2013-06-25T22:34:51.517Z", 
        "updated_at": "2013-06-25T22:34:51.517Z", 
        "semester": 3
    }
},
{
    "pk": 151, 
    "model": "planner.courseoffering", 
    "fields": {
        "status": 0, 
        "course": 18, 
        "created_at": "2013-06-25T22:34:51.547Z", 
        "updated_at": "2013-06-25T22:34:51.547Z", 
        "semester": 1
    }
},
{
    "pk": 152, 
    "model": "planner.courseoffering", 
    "fields": {
        "status": 0, 
        "course": 98, 
        "created_at": "2013-06-25T22:34:51.577Z", 
        "updated_at": "2013-06-25T22:34:51.577Z", 
        "semester": 1
    }
},
{
    "pk": 153, 
    "model": "planner.courseoffering", 
    "fields": {
        "status": 0, 
        "course": 98, 
        "created_at": "2013-06-25T22:34:51.597Z", 
        "updated_at": "2013-06-25T22:34:51.597Z", 
        "semester": 3
    }
},
{
    "pk": 154, 
    "model": "planner.courseoffering", 
    "fields": {
        "status": 0, 
        "course": 35, 
        "created_at": "2013-06-25T22:34:51.627Z", 
        "updated_at": "2013-06-25T22:34:51.627Z", 
        "semester": 1
    }
},
{
    "pk": 155, 
    "model": "planner.courseoffering", 
    "fields": {
        "status": 0, 
        "course": 35, 
        "created_at": "2013-06-25T22:34:51.648Z", 
        "updated_at": "2013-06-25T22:34:51.648Z", 
        "semester": 3
    }
},
{
    "pk": 156, 
    "model": "planner.courseoffering", 
    "fields": {
        "status": 0, 
        "course": 36, 
        "created_at": "2013-06-25T22:34:51.677Z", 
        "updated_at": "2013-06-25T22:34:51.677Z", 
        "semester": 1
    }
},
{
    "pk": 157, 
    "model": "planner.courseoffering", 
    "fields": {
        "status": 0, 
        "course": 36, 
        "created_at": "2013-06-25T22:34:51.697Z", 
        "updated_at": "2013-06-25T22:34:51.697Z", 
        "semester": 3
    }
},
{
    "pk": 158, 
    "model": "planner.courseoffering", 
    "fields": {
        "status": 0, 
        "course": 37, 
        "created_at": "2013-06-25T22:34:51.727Z", 
        "updated_at": "2013-06-25T22:34:51.727Z", 
        "semester": 1
    }
},
{
    "pk": 159, 
    "model": "planner.courseoffering", 
    "fields": {
        "status": 0, 
        "course": 37, 
        "created_at": "2013-06-25T22:34:51.747Z", 
        "updated_at": "2013-06-25T22:34:51.747Z", 
        "semester": 3
    }
},
{
    "pk": 160, 
    "model": "planner.courseoffering", 
    "fields": {
        "status": 0, 
        "course": 38, 
        "created_at": "2013-06-25T22:34:51.776Z", 
        "updated_at": "2013-06-25T22:34:51.776Z", 
        "semester": 1
    }
},
{
    "pk": 161, 
    "model": "planner.courseoffering", 
    "fields": {
        "status": 0, 
        "course": 38, 
        "created_at": "2013-06-25T22:34:51.798Z", 
        "updated_at": "2013-06-25T22:34:51.798Z", 
        "semester": 3
    }
},
{
    "pk": 162, 
    "model": "planner.courseoffering", 
    "fields": {
        "status": 0, 
        "course": 39, 
        "created_at": "2013-06-25T22:34:51.832Z", 
        "updated_at": "2013-06-25T22:34:51.832Z", 
        "semester": 1
    }
},
{
    "pk": 163, 
    "model": "planner.courseoffering", 
    "fields": {
        "status": 0, 
        "course": 39, 
        "created_at": "2013-06-25T22:34:51.854Z", 
        "updated_at": "2013-06-25T22:34:51.854Z", 
        "semester": 3
    }
},
{
    "pk": 164, 
    "model": "planner.courseoffering", 
    "fields": {
        "status": 0, 
        "course": 21, 
        "created_at": "2013-06-25T22:34:51.883Z", 
        "updated_at": "2013-06-25T22:34:51.883Z", 
        "semester": 3
    }
},
{
    "pk": 165, 
    "model": "planner.courseoffering", 
    "fields": {
        "status": 0, 
        "course": 86, 
        "created_at": "2013-06-25T22:34:51.911Z", 
        "updated_at": "2013-06-25T22:34:51.911Z", 
        "semester": 1
    }
},
{
    "pk": 166, 
    "model": "planner.courseoffering", 
    "fields": {
        "status": 0, 
        "course": 86, 
        "created_at": "2013-06-25T22:34:51.933Z", 
        "updated_at": "2013-06-25T22:34:51.933Z", 
        "semester": 2
    }
},
{
    "pk": 167, 
    "model": "planner.courseoffering", 
    "fields": {
        "status": 0, 
        "course": 86, 
        "created_at": "2013-06-25T22:34:51.954Z", 
        "updated_at": "2013-06-25T22:34:51.954Z", 
        "semester": 3
    }
},
{
    "pk": 168, 
    "model": "planner.courseoffering", 
    "fields": {
        "status": 0, 
        "course": 72, 
        "created_at": "2013-06-25T22:34:51.982Z", 
        "updated_at": "2013-06-25T22:34:51.982Z", 
        "semester": 1
    }
},
{
    "pk": 169, 
    "model": "planner.courseoffering", 
    "fields": {
        "status": 0, 
        "course": 72, 
        "created_at": "2013-06-25T22:34:52.004Z", 
        "updated_at": "2013-06-25T22:34:52.004Z", 
        "semester": 2
    }
},
{
    "pk": 170, 
    "model": "planner.courseoffering", 
    "fields": {
        "status": 0, 
        "course": 72, 
        "created_at": "2013-06-25T22:34:52.026Z", 
        "updated_at": "2013-06-25T22:34:52.026Z", 
        "semester": 3
    }
},
{
    "pk": 171, 
    "model": "planner.courseoffering", 
    "fields": {
        "status": 0, 
        "course": 74, 
        "created_at": "2013-06-25T22:34:52.055Z", 
        "updated_at": "2013-06-25T22:34:52.055Z", 
        "semester": 1
    }
},
{
    "pk": 172, 
    "model": "planner.courseoffering", 
    "fields": {
        "status": 0, 
        "course": 74, 
        "created_at": "2013-06-25T22:34:52.075Z", 
        "updated_at": "2013-06-25T22:34:52.075Z", 
        "semester": 3
    }
},
{
    "pk": 173, 
    "model": "planner.courseoffering", 
    "fields": {
        "status": 0, 
        "course": 75, 
        "created_at": "2013-06-25T22:34:52.104Z", 
        "updated_at": "2013-06-25T22:34:52.104Z", 
        "semester": 1
    }
},
{
    "pk": 174, 
    "model": "planner.courseoffering", 
    "fields": {
        "status": 0, 
        "course": 75, 
        "created_at": "2013-06-25T22:34:52.124Z", 
        "updated_at": "2013-06-25T22:34:52.124Z", 
        "semester": 2
    }
},
{
    "pk": 175, 
    "model": "planner.courseoffering", 
    "fields": {
        "status": 0, 
        "course": 75, 
        "created_at": "2013-06-25T22:34:52.145Z", 
        "updated_at": "2013-06-25T22:34:52.145Z", 
        "semester": 3
    }
},
{
    "pk": 176, 
    "model": "planner.courseoffering", 
    "fields": {
        "status": 0, 
        "course": 76, 
        "created_at": "2013-06-25T22:34:52.173Z", 
        "updated_at": "2013-06-25T22:34:52.173Z", 
        "semester": 1
    }
},
{
    "pk": 177, 
    "model": "planner.courseoffering", 
    "fields": {
        "status": 0, 
        "course": 76, 
        "created_at": "2013-06-25T22:34:52.194Z", 
        "updated_at": "2013-06-25T22:34:52.194Z", 
        "semester": 2
    }
},
{
    "pk": 178, 
    "model": "planner.courseoffering", 
    "fields": {
        "status": 0, 
        "course": 76, 
        "created_at": "2013-06-25T22:34:52.214Z", 
        "updated_at": "2013-06-25T22:34:52.214Z", 
        "semester": 3
    }
},
{
    "pk": 179, 
    "model": "planner.courseoffering", 
    "fields": {
        "status": 0, 
        "course": 77, 
        "created_at": "2013-06-25T22:34:52.242Z", 
        "updated_at": "2013-06-25T22:34:52.242Z", 
        "semester": 1
    }
},
{
    "pk": 180, 
    "model": "planner.courseoffering", 
    "fields": {
        "status": 0, 
        "course": 77, 
        "created_at": "2013-06-25T22:34:52.263Z", 
        "updated_at": "2013-06-25T22:34:52.263Z", 
        "semester": 2
    }
},
{
    "pk": 181, 
    "model": "planner.courseoffering", 
    "fields": {
        "status": 0, 
        "course": 77, 
        "created_at": "2013-06-25T22:34:52.283Z", 
        "updated_at": "2013-06-25T22:34:52.283Z", 
        "semester": 3
    }
},
{
    "pk": 182, 
    "model": "planner.courseoffering", 
    "fields": {
        "status": 0, 
        "course": 78, 
        "created_at": "2013-06-25T22:34:52.314Z", 
        "updated_at": "2013-06-25T22:34:52.314Z", 
        "semester": 1
    }
},
{
    "pk": 183, 
    "model": "planner.courseoffering", 
    "fields": {
        "status": 0, 
        "course": 78, 
        "created_at": "2013-06-25T22:34:52.335Z", 
        "updated_at": "2013-06-25T22:34:52.335Z", 
        "semester": 2
    }
},
{
    "pk": 184, 
    "model": "planner.courseoffering", 
    "fields": {
        "status": 0, 
        "course": 78, 
        "created_at": "2013-06-25T22:34:52.356Z", 
        "updated_at": "2013-06-25T22:34:52.356Z", 
        "semester": 3
    }
},
{
    "pk": 185, 
    "model": "planner.courseoffering", 
    "fields": {
        "status": 0, 
        "course": 79, 
        "created_at": "2013-06-25T22:34:52.385Z", 
        "updated_at": "2013-06-25T22:34:52.385Z", 
        "semester": 1
    }
},
{
    "pk": 186, 
    "model": "planner.courseoffering", 
    "fields": {
        "status": 0, 
        "course": 79, 
        "created_at": "2013-06-25T22:34:52.405Z", 
        "updated_at": "2013-06-25T22:34:52.405Z", 
        "semester": 2
    }
},
{
    "pk": 187, 
    "model": "planner.courseoffering", 
    "fields": {
        "status": 0, 
        "course": 79, 
        "created_at": "2013-06-25T22:34:52.426Z", 
        "updated_at": "2013-06-25T22:34:52.426Z", 
        "semester": 3
    }
},
{
    "pk": 188, 
    "model": "planner.courseoffering", 
    "fields": {
        "status": 0, 
        "course": 80, 
        "created_at": "2013-06-25T22:34:52.456Z", 
        "updated_at": "2013-06-25T22:34:52.456Z", 
        "semester": 1
    }
},
{
    "pk": 189, 
    "model": "planner.courseoffering", 
    "fields": {
        "status": 0, 
        "course": 80, 
        "created_at": "2013-06-25T22:34:52.476Z", 
        "updated_at": "2013-06-25T22:34:52.476Z", 
        "semester": 2
    }
},
{
    "pk": 190, 
    "model": "planner.courseoffering", 
    "fields": {
        "status": 0, 
        "course": 80, 
        "created_at": "2013-06-25T22:34:52.497Z", 
        "updated_at": "2013-06-25T22:34:52.497Z", 
        "semester": 3
    }
},
{
    "pk": 191, 
    "model": "planner.courseoffering", 
    "fields": {
        "status": 0, 
        "course": 81, 
        "created_at": "2013-06-25T22:34:52.527Z", 
        "updated_at": "2013-06-25T22:34:52.527Z", 
        "semester": 1
    }
},
{
    "pk": 192, 
    "model": "planner.courseoffering", 
    "fields": {
        "status": 0, 
        "course": 81, 
        "created_at": "2013-06-25T22:34:52.550Z", 
        "updated_at": "2013-06-25T22:34:52.550Z", 
        "semester": 2
    }
},
{
    "pk": 193, 
    "model": "planner.courseoffering", 
    "fields": {
        "status": 0, 
        "course": 81, 
        "created_at": "2013-06-25T22:34:52.571Z", 
        "updated_at": "2013-06-25T22:34:52.571Z", 
        "semester": 3
    }
},
{
    "pk": 194, 
    "model": "planner.courseoffering", 
    "fields": {
        "status": 0, 
        "course": 82, 
        "created_at": "2013-06-25T22:34:52.603Z", 
        "updated_at": "2013-06-25T22:34:52.603Z", 
        "semester": 1
    }
},
{
    "pk": 195, 
    "model": "planner.courseoffering", 
    "fields": {
        "status": 0, 
        "course": 82, 
        "created_at": "2013-06-25T22:34:52.623Z", 
        "updated_at": "2013-06-25T22:34:52.623Z", 
        "semester": 2
    }
},
{
    "pk": 196, 
    "model": "planner.courseoffering", 
    "fields": {
        "status": 0, 
        "course": 82, 
        "created_at": "2013-06-25T22:34:52.644Z", 
        "updated_at": "2013-06-25T22:34:52.644Z", 
        "semester": 3
    }
},
{
    "pk": 197, 
    "model": "planner.courseoffering", 
    "fields": {
        "status": 0, 
        "course": 109, 
        "created_at": "2013-06-25T22:34:52.677Z", 
        "updated_at": "2013-06-25T22:34:52.677Z", 
        "semester": 1
    }
},
{
    "pk": 198, 
    "model": "planner.courseoffering", 
    "fields": {
        "status": 0, 
        "course": 109, 
        "created_at": "2013-06-25T22:34:52.701Z", 
        "updated_at": "2013-06-25T22:34:52.701Z", 
        "semester": 3
    }
},
{
    "pk": 199, 
    "model": "planner.courseoffering", 
    "fields": {
        "status": 0, 
        "course": 58, 
        "created_at": "2013-06-25T22:34:52.728Z", 
        "updated_at": "2013-06-25T22:34:52.728Z", 
        "semester": 1
    }
},
{
    "pk": 200, 
    "model": "planner.courseoffering", 
    "fields": {
        "status": 0, 
        "course": 58, 
        "created_at": "2013-06-25T22:34:52.747Z", 
        "updated_at": "2013-06-25T22:34:52.747Z", 
        "semester": 3
    }
},
{
    "pk": 201, 
    "model": "planner.courseoffering", 
    "fields": {
        "status": 0, 
        "course": 66, 
        "created_at": "2013-06-25T22:34:52.774Z", 
        "updated_at": "2013-06-25T22:34:52.774Z", 
        "semester": 1
    }
},
{
    "pk": 202, 
    "model": "planner.courseoffering", 
    "fields": {
        "status": 0, 
        "course": 66, 
        "created_at": "2013-06-25T22:34:52.793Z", 
        "updated_at": "2013-06-25T22:34:52.793Z", 
        "semester": 3
    }
},
{
    "pk": 203, 
    "model": "planner.courseoffering", 
    "fields": {
        "status": 0, 
        "course": 59, 
        "created_at": "2013-06-25T22:34:52.826Z", 
        "updated_at": "2013-06-25T22:34:52.826Z", 
        "semester": 1
    }
},
{
    "pk": 204, 
    "model": "planner.courseoffering", 
    "fields": {
        "status": 0, 
        "course": 59, 
        "created_at": "2013-06-25T22:34:52.847Z", 
        "updated_at": "2013-06-25T22:34:52.847Z", 
        "semester": 3
    }
},
{
    "pk": 205, 
    "model": "planner.courseoffering", 
    "fields": {
        "status": 0, 
        "course": 60, 
        "created_at": "2013-06-25T22:34:52.876Z", 
        "updated_at": "2013-06-25T22:34:52.876Z", 
        "semester": 1
    }
},
{
    "pk": 206, 
    "model": "planner.courseoffering", 
    "fields": {
        "status": 0, 
        "course": 60, 
        "created_at": "2013-06-25T22:34:52.897Z", 
        "updated_at": "2013-06-25T22:34:52.897Z", 
        "semester": 3
    }
},
{
    "pk": 207, 
    "model": "planner.courseoffering", 
    "fields": {
        "status": 0, 
        "course": 110, 
        "created_at": "2013-06-25T22:34:52.927Z", 
        "updated_at": "2013-06-25T22:34:52.927Z", 
        "semester": 1
    }
},
{
    "pk": 208, 
    "model": "planner.courseoffering", 
    "fields": {
        "status": 0, 
        "course": 110, 
        "created_at": "2013-06-25T22:34:52.948Z", 
        "updated_at": "2013-06-25T22:34:52.948Z", 
        "semester": 3
    }
},
{
    "pk": 209, 
    "model": "planner.courseoffering", 
    "fields": {
        "status": 0, 
        "course": 111, 
        "created_at": "2013-06-25T22:34:52.976Z", 
        "updated_at": "2013-06-25T22:34:52.976Z", 
        "semester": 1
    }
},
{
    "pk": 210, 
    "model": "planner.courseoffering", 
    "fields": {
        "status": 0, 
        "course": 111, 
        "created_at": "2013-06-25T22:34:52.996Z", 
        "updated_at": "2013-06-25T22:34:52.996Z", 
        "semester": 3
    }
},
{
    "pk": 211, 
    "model": "planner.courseoffering", 
    "fields": {
        "status": 0, 
        "course": 112, 
        "created_at": "2013-06-25T22:34:53.026Z", 
        "updated_at": "2013-06-25T22:34:53.026Z", 
        "semester": 1
    }
},
{
    "pk": 212, 
    "model": "planner.courseoffering", 
    "fields": {
        "status": 0, 
        "course": 112, 
        "created_at": "2013-06-25T22:34:53.047Z", 
        "updated_at": "2013-06-25T22:34:53.047Z", 
        "semester": 3
    }
},
{
    "pk": 213, 
    "model": "planner.courseoffering", 
    "fields": {
        "status": 0, 
        "course": 128, 
        "created_at": "2013-06-25T22:34:53.076Z", 
        "updated_at": "2013-06-25T22:34:53.076Z", 
        "semester": 1
    }
},
{
    "pk": 214, 
    "model": "planner.courseoffering", 
    "fields": {
        "status": 0, 
        "course": 128, 
        "created_at": "2013-06-25T22:34:53.098Z", 
        "updated_at": "2013-06-25T22:34:53.098Z", 
        "semester": 3
    }
},
{
    "pk": 215, 
    "model": "planner.courseoffering", 
    "fields": {
        "status": 0, 
        "course": 129, 
        "created_at": "2013-06-25T22:34:53.129Z", 
        "updated_at": "2013-06-25T22:34:53.129Z", 
        "semester": 1
    }
},
{
    "pk": 216, 
    "model": "planner.courseoffering", 
    "fields": {
        "status": 0, 
        "course": 129, 
        "created_at": "2013-06-25T22:34:53.150Z", 
        "updated_at": "2013-06-25T22:34:53.150Z", 
        "semester": 3
    }
},
{
    "pk": 217, 
    "model": "planner.courseoffering", 
    "fields": {
        "status": 0, 
        "course": 130, 
        "created_at": "2013-06-25T22:34:53.179Z", 
        "updated_at": "2013-06-25T22:34:53.179Z", 
        "semester": 1
    }
},
{
    "pk": 218, 
    "model": "planner.courseoffering", 
    "fields": {
        "status": 0, 
        "course": 130, 
        "created_at": "2013-06-25T22:34:53.200Z", 
        "updated_at": "2013-06-25T22:34:53.200Z", 
        "semester": 3
    }
},
{
    "pk": 219, 
    "model": "planner.courseoffering", 
    "fields": {
        "status": 0, 
        "course": 113, 
        "created_at": "2013-06-25T22:34:53.229Z", 
        "updated_at": "2013-06-25T22:34:53.229Z", 
        "semester": 1
    }
},
{
    "pk": 220, 
    "model": "planner.courseoffering", 
    "fields": {
        "status": 0, 
        "course": 113, 
        "created_at": "2013-06-25T22:34:53.250Z", 
        "updated_at": "2013-06-25T22:34:53.250Z", 
        "semester": 3
    }
},
{
    "pk": 221, 
    "model": "planner.courseoffering", 
    "fields": {
        "status": 0, 
        "course": 131, 
        "created_at": "2013-06-25T22:34:53.280Z", 
        "updated_at": "2013-06-25T22:34:53.280Z", 
        "semester": 1
    }
},
{
    "pk": 222, 
    "model": "planner.courseoffering", 
    "fields": {
        "status": 0, 
        "course": 131, 
        "created_at": "2013-06-25T22:34:53.300Z", 
        "updated_at": "2013-06-25T22:34:53.300Z", 
        "semester": 3
    }
},
{
    "pk": 223, 
    "model": "planner.courseoffering", 
    "fields": {
        "status": 0, 
        "course": 132, 
        "created_at": "2013-06-25T22:34:53.330Z", 
        "updated_at": "2013-06-25T22:34:53.330Z", 
        "semester": 1
    }
},
{
    "pk": 224, 
    "model": "planner.courseoffering", 
    "fields": {
        "status": 0, 
        "course": 132, 
        "created_at": "2013-06-25T22:34:53.351Z", 
        "updated_at": "2013-06-25T22:34:53.351Z", 
        "semester": 3
    }
},
{
    "pk": 225, 
    "model": "planner.courseoffering", 
    "fields": {
        "status": 0, 
        "course": 133, 
        "created_at": "2013-06-25T22:34:53.380Z", 
        "updated_at": "2013-06-25T22:34:53.380Z", 
        "semester": 1
    }
},
{
    "pk": 226, 
    "model": "planner.courseoffering", 
    "fields": {
        "status": 0, 
        "course": 133, 
        "created_at": "2013-06-25T22:34:53.400Z", 
        "updated_at": "2013-06-25T22:34:53.400Z", 
        "semester": 3
    }
},
{
    "pk": 227, 
    "model": "planner.courseoffering", 
    "fields": {
        "status": 0, 
        "course": 134, 
        "created_at": "2013-06-25T22:34:53.430Z", 
        "updated_at": "2013-06-25T22:34:53.430Z", 
        "semester": 1
    }
},
{
    "pk": 228, 
    "model": "planner.courseoffering", 
    "fields": {
        "status": 0, 
        "course": 134, 
        "created_at": "2013-06-25T22:34:53.451Z", 
        "updated_at": "2013-06-25T22:34:53.451Z", 
        "semester": 3
    }
},
{
    "pk": 229, 
    "model": "planner.courseoffering", 
    "fields": {
        "status": 0, 
        "course": 135, 
        "created_at": "2013-06-25T22:34:53.478Z", 
        "updated_at": "2013-06-25T22:34:53.478Z", 
        "semester": 1
    }
},
{
    "pk": 230, 
    "model": "planner.courseoffering", 
    "fields": {
        "status": 0, 
        "course": 135, 
        "created_at": "2013-06-25T22:34:53.499Z", 
        "updated_at": "2013-06-25T22:34:53.499Z", 
        "semester": 3
    }
},
{
    "pk": 231, 
    "model": "planner.courseoffering", 
    "fields": {
        "status": 0, 
        "course": 136, 
        "created_at": "2013-06-25T22:34:53.528Z", 
        "updated_at": "2013-06-25T22:34:53.528Z", 
        "semester": 1
    }
},
{
    "pk": 232, 
    "model": "planner.courseoffering", 
    "fields": {
        "status": 0, 
        "course": 136, 
        "created_at": "2013-06-25T22:34:53.548Z", 
        "updated_at": "2013-06-25T22:34:53.548Z", 
        "semester": 3
    }
},
{
    "pk": 233, 
    "model": "planner.courseoffering", 
    "fields": {
        "status": 0, 
        "course": 71, 
        "created_at": "2013-06-25T22:34:53.576Z", 
        "updated_at": "2013-06-25T22:34:53.576Z", 
        "semester": 1
    }
},
{
    "pk": 234, 
    "model": "planner.courseoffering", 
    "fields": {
        "status": 0, 
        "course": 71, 
        "created_at": "2013-06-25T22:34:53.596Z", 
        "updated_at": "2013-06-25T22:34:53.597Z", 
        "semester": 2
    }
},
{
    "pk": 235, 
    "model": "planner.courseoffering", 
    "fields": {
        "status": 0, 
        "course": 71, 
        "created_at": "2013-06-25T22:34:53.654Z", 
        "updated_at": "2013-06-25T22:34:53.654Z", 
        "semester": 3
    }
},
{
    "pk": 236, 
    "model": "planner.courseoffering", 
    "fields": {
        "status": 0, 
        "course": 114, 
        "created_at": "2013-06-25T22:34:53.752Z", 
        "updated_at": "2013-06-25T22:34:53.752Z", 
        "semester": 1
    }
},
{
    "pk": 237, 
    "model": "planner.courseoffering", 
    "fields": {
        "status": 0, 
        "course": 114, 
        "created_at": "2013-06-25T22:34:53.824Z", 
        "updated_at": "2013-06-25T22:34:53.824Z", 
        "semester": 3
    }
},
{
    "pk": 238, 
    "model": "planner.courseoffering", 
    "fields": {
        "status": 0, 
        "course": 115, 
        "created_at": "2013-06-25T22:34:53.877Z", 
        "updated_at": "2013-06-25T22:34:53.877Z", 
        "semester": 1
    }
},
{
    "pk": 239, 
    "model": "planner.courseoffering", 
    "fields": {
        "status": 0, 
        "course": 115, 
        "created_at": "2013-06-25T22:34:53.897Z", 
        "updated_at": "2013-06-25T22:34:53.897Z", 
        "semester": 3
    }
},
{
    "pk": 240, 
    "model": "planner.courseoffering", 
    "fields": {
        "status": 0, 
        "course": 116, 
        "created_at": "2013-06-25T22:34:53.926Z", 
        "updated_at": "2013-06-25T22:34:53.926Z", 
        "semester": 1
    }
},
{
    "pk": 241, 
    "model": "planner.courseoffering", 
    "fields": {
        "status": 0, 
        "course": 116, 
        "created_at": "2013-06-25T22:34:53.946Z", 
        "updated_at": "2013-06-25T22:34:53.947Z", 
        "semester": 3
    }
},
{
    "pk": 242, 
    "model": "planner.courseoffering", 
    "fields": {
        "status": 0, 
        "course": 117, 
        "created_at": "2013-06-25T22:34:53.976Z", 
        "updated_at": "2013-06-25T22:34:53.977Z", 
        "semester": 1
    }
},
{
    "pk": 243, 
    "model": "planner.courseoffering", 
    "fields": {
        "status": 0, 
        "course": 117, 
        "created_at": "2013-06-25T22:34:53.998Z", 
        "updated_at": "2013-06-25T22:34:53.998Z", 
        "semester": 3
    }
},
{
    "pk": 244, 
    "model": "planner.courseoffering", 
    "fields": {
        "status": 0, 
        "course": 118, 
        "created_at": "2013-06-25T22:34:54.026Z", 
        "updated_at": "2013-06-25T22:34:54.026Z", 
        "semester": 1
    }
},
{
    "pk": 245, 
    "model": "planner.courseoffering", 
    "fields": {
        "status": 0, 
        "course": 118, 
        "created_at": "2013-06-25T22:34:54.047Z", 
        "updated_at": "2013-06-25T22:34:54.047Z", 
        "semester": 3
    }
},
{
    "pk": 246, 
    "model": "planner.courseoffering", 
    "fields": {
        "status": 0, 
        "course": 137, 
        "created_at": "2013-06-25T22:34:54.076Z", 
        "updated_at": "2013-06-25T22:34:54.077Z", 
        "semester": 1
    }
},
{
    "pk": 247, 
    "model": "planner.courseoffering", 
    "fields": {
        "status": 0, 
        "course": 137, 
        "created_at": "2013-06-25T22:34:54.097Z", 
        "updated_at": "2013-06-25T22:34:54.097Z", 
        "semester": 3
    }
},
{
    "pk": 248, 
    "model": "planner.courseoffering", 
    "fields": {
        "status": 0, 
        "course": 138, 
        "created_at": "2013-06-25T22:34:54.126Z", 
        "updated_at": "2013-06-25T22:34:54.126Z", 
        "semester": 1
    }
},
{
    "pk": 249, 
    "model": "planner.courseoffering", 
    "fields": {
        "status": 0, 
        "course": 138, 
        "created_at": "2013-06-25T22:34:54.146Z", 
        "updated_at": "2013-06-25T22:34:54.146Z", 
        "semester": 3
    }
},
{
    "pk": 250, 
    "model": "planner.courseoffering", 
    "fields": {
        "status": 0, 
        "course": 99, 
        "created_at": "2013-06-25T22:34:54.175Z", 
        "updated_at": "2013-06-25T22:34:54.175Z", 
        "semester": 1
    }
},
{
    "pk": 251, 
    "model": "planner.courseoffering", 
    "fields": {
        "status": 0, 
        "course": 99, 
        "created_at": "2013-06-25T22:34:54.197Z", 
        "updated_at": "2013-06-25T22:34:54.197Z", 
        "semester": 3
    }
},
{
    "pk": 252, 
    "model": "planner.courseoffering", 
    "fields": {
        "status": 0, 
        "course": 139, 
        "created_at": "2013-06-25T22:34:54.227Z", 
        "updated_at": "2013-06-25T22:34:54.227Z", 
        "semester": 1
    }
},
{
    "pk": 253, 
    "model": "planner.courseoffering", 
    "fields": {
        "status": 0, 
        "course": 139, 
        "created_at": "2013-06-25T22:34:54.247Z", 
        "updated_at": "2013-06-25T22:34:54.247Z", 
        "semester": 3
    }
},
{
    "pk": 254, 
    "model": "planner.courseoffering", 
    "fields": {
        "status": 0, 
        "course": 140, 
        "created_at": "2013-06-25T22:34:54.276Z", 
        "updated_at": "2013-06-25T22:34:54.276Z", 
        "semester": 1
    }
},
{
    "pk": 255, 
    "model": "planner.courseoffering", 
    "fields": {
        "status": 0, 
        "course": 140, 
        "created_at": "2013-06-25T22:34:54.296Z", 
        "updated_at": "2013-06-25T22:34:54.296Z", 
        "semester": 3
    }
},
{
    "pk": 256, 
    "model": "planner.courseoffering", 
    "fields": {
        "status": 0, 
        "course": 119, 
        "created_at": "2013-06-25T22:34:54.327Z", 
        "updated_at": "2013-06-25T22:34:54.327Z", 
        "semester": 1
    }
},
{
    "pk": 257, 
    "model": "planner.courseoffering", 
    "fields": {
        "status": 0, 
        "course": 119, 
        "created_at": "2013-06-25T22:34:54.349Z", 
        "updated_at": "2013-06-25T22:34:54.349Z", 
        "semester": 3
    }
},
{
    "pk": 258, 
    "model": "planner.courseoffering", 
    "fields": {
        "status": 0, 
        "course": 120, 
        "created_at": "2013-06-25T22:34:54.377Z", 
        "updated_at": "2013-06-25T22:34:54.377Z", 
        "semester": 1
    }
},
{
    "pk": 259, 
    "model": "planner.courseoffering", 
    "fields": {
        "status": 0, 
        "course": 120, 
        "created_at": "2013-06-25T22:34:54.397Z", 
        "updated_at": "2013-06-25T22:34:54.397Z", 
        "semester": 3
    }
},
{
    "pk": 260, 
    "model": "planner.courseoffering", 
    "fields": {
        "status": 0, 
        "course": 121, 
        "created_at": "2013-06-25T22:34:54.426Z", 
        "updated_at": "2013-06-25T22:34:54.426Z", 
        "semester": 1
    }
},
{
    "pk": 261, 
    "model": "planner.courseoffering", 
    "fields": {
        "status": 0, 
        "course": 121, 
        "created_at": "2013-06-25T22:34:54.446Z", 
        "updated_at": "2013-06-25T22:34:54.446Z", 
        "semester": 3
    }
},
{
    "pk": 262, 
    "model": "planner.courseoffering", 
    "fields": {
        "status": 0, 
        "course": 19, 
        "created_at": "2013-06-25T22:34:54.474Z", 
        "updated_at": "2013-06-25T22:34:54.474Z", 
        "semester": 1
    }
},
{
    "pk": 263, 
    "model": "planner.courseoffering", 
    "fields": {
        "status": 0, 
        "course": 19, 
        "created_at": "2013-06-25T22:34:54.495Z", 
        "updated_at": "2013-06-25T22:34:54.495Z", 
        "semester": 3
    }
},
{
    "pk": 264, 
    "model": "planner.courseoffering", 
    "fields": {
        "status": 0, 
        "course": 30, 
        "created_at": "2013-06-25T22:34:54.525Z", 
        "updated_at": "2013-06-25T22:34:54.525Z", 
        "semester": 1
    }
},
{
    "pk": 265, 
    "model": "planner.courseoffering", 
    "fields": {
        "status": 0, 
        "course": 30, 
        "created_at": "2013-06-25T22:34:54.546Z", 
        "updated_at": "2013-06-25T22:34:54.546Z", 
        "semester": 3
    }
},
{
    "pk": 266, 
    "model": "planner.courseoffering", 
    "fields": {
        "status": 0, 
        "course": 45, 
        "created_at": "2013-06-25T22:34:54.579Z", 
        "updated_at": "2013-06-25T22:34:54.579Z", 
        "semester": 1
    }
},
{
    "pk": 1, 
    "model": "planner.degreeprogram", 
    "fields": {
        "created_at": "2013-06-04T20:19:28.385Z", 
        "entering_year": "E", 
        "major": 1, 
        "updated_at": "2013-06-04T20:19:28.385Z", 
        "name": "Computer Science BS"
    }
}
]
