[{"pk": 1, "model": "auth.permission", "fields": {"codename": "add_permission", "name": "Can add permission", "content_type": 1}}, {"pk": 2, "model": "auth.permission", "fields": {"codename": "change_permission", "name": "Can change permission", "content_type": 1}}, {"pk": 3, "model": "auth.permission", "fields": {"codename": "delete_permission", "name": "Can delete permission", "content_type": 1}}, {"pk": 4, "model": "auth.permission", "fields": {"codename": "add_group", "name": "Can add group", "content_type": 2}}, {"pk": 5, "model": "auth.permission", "fields": {"codename": "change_group", "name": "Can change group", "content_type": 2}}, {"pk": 6, "model": "auth.permission", "fields": {"codename": "delete_group", "name": "Can delete group", "content_type": 2}}, {"pk": 7, "model": "auth.permission", "fields": {"codename": "add_user", "name": "Can add user", "content_type": 3}}, {"pk": 8, "model": "auth.permission", "fields": {"codename": "change_user", "name": "Can change user", "content_type": 3}}, {"pk": 9, "model": "auth.permission", "fields": {"codename": "delete_user", "name": "Can delete user", "content_type": 3}}, {"pk": 10, "model": "auth.permission", "fields": {"codename": "add_contenttype", "name": "Can add content type", "content_type": 4}}, {"pk": 11, "model": "auth.permission", "fields": {"codename": "change_contenttype", "name": "Can change content type", "content_type": 4}}, {"pk": 12, "model": "auth.permission", "fields": {"codename": "delete_contenttype", "name": "Can delete content type", "content_type": 4}}, {"pk": 13, "model": "auth.permission", "fields": {"codename": "add_session", "name": "Can add session", "content_type": 5}}, {"pk": 14, "model": "auth.permission", "fields": {"codename": "change_session", "name": "Can change session", "content_type": 5}}, {"pk": 15, "model": "auth.permission", "fields": {"codename": "delete_session", "name": "Can delete session", "content_type": 5}}, {"pk": 16, "model": "auth.permission", "fields": {"codename": "add_site", "name": "Can add site", "content_type": 6}}, {"pk": 17, "model": "auth.permission", "fields": {"codename": "change_site", "name": "Can change site", "content_type": 6}}, {"pk": 18, "model": "auth.permission", "fields": {"codename": "delete_site", "name": "Can delete site", "content_type": 6}}, {"pk": 19, "model": "auth.permission", "fields": {"codename": "add_logentry", "name": "Can add log entry", "content_type": 7}}, {"pk": 20, "model": "auth.permission", "fields": {"codename": "change_logentry", "name": "Can change log entry", "content_type": 7}}, {"pk": 21, "model": "auth.permission", "fields": {"codename": "delete_logentry", "name": "Can delete log entry", "content_type": 7}}, {"pk": 22, "model": "auth.permission", "fields": {"codename": "add_person", "name": "Can add person", "content_type": 8}}, {"pk": 23, "model": "auth.permission", "fields": {"codename": "change_person", "name": "Can change person", "content_type": 8}}, {"pk": 24, "model": "auth.permission", "fields": {"codename": "delete_person", "name": "Can delete person", "content_type": 8}}, {"pk": 25, "model": "auth.permission", "fields": {"codename": "add_university", "name": "Can add university", "content_type": 9}}, {"pk": 26, "model": "auth.permission", "fields": {"codename": "change_university", "name": "Can change university", "content_type": 9}}, {"pk": 27, "model": "auth.permission", "fields": {"codename": "delete_university", "name": "Can delete university", "content_type": 9}}, {"pk": 28, "model": "auth.permission", "fields": {"codename": "add_school", "name": "Can add school", "content_type": 10}}, {"pk": 29, "model": "auth.permission", "fields": {"codename": "change_school", "name": "Can change school", "content_type": 10}}, {"pk": 30, "model": "auth.permission", "fields": {"codename": "delete_school", "name": "Can delete school", "content_type": 10}}, {"pk": 31, "model": "auth.permission", "fields": {"codename": "add_department", "name": "Can add department", "content_type": 11}}, {"pk": 32, "model": "auth.permission", "fields": {"codename": "change_department", "name": "Can change department", "content_type": 11}}, {"pk": 33, "model": "auth.permission", "fields": {"codename": "delete_department", "name": "Can delete department", "content_type": 11}}, {"pk": 34, "model": "auth.permission", "fields": {"codename": "add_major", "name": "Can add major", "content_type": 12}}, {"pk": 35, "model": "auth.permission", "fields": {"codename": "change_major", "name": "Can change major", "content_type": 12}}, {"pk": 36, "model": "auth.permission", "fields": {"codename": "delete_major", "name": "Can delete major", "content_type": 12}}, {"pk": 37, "model": "auth.permission", "fields": {"codename": "add_minor", "name": "Can add minor", "content_type": 13}}, {"pk": 38, "model": "auth.permission", "fields": {"codename": "change_minor", "name": "Can change minor", "content_type": 13}}, {"pk": 39, "model": "auth.permission", "fields": {"codename": "delete_minor", "name": "Can delete minor", "content_type": 13}}, {"pk": 40, "model": "auth.permission", "fields": {"codename": "add_facultymember", "name": "Can add faculty member", "content_type": 14}}, {"pk": 41, "model": "auth.permission", "fields": {"codename": "change_facultymember", "name": "Can change faculty member", "content_type": 14}}, {"pk": 42, "model": "auth.permission", "fields": {"codename": "delete_facultymember", "name": "Can delete faculty member", "content_type": 14}}, {"pk": 43, "model": "auth.permission", "fields": {"codename": "add_staffmember", "name": "Can add staff member", "content_type": 15}}, {"pk": 44, "model": "auth.permission", "fields": {"codename": "change_staffmember", "name": "Can change staff member", "content_type": 15}}, {"pk": 45, "model": "auth.permission", "fields": {"codename": "delete_staffmember", "name": "Can delete staff member", "content_type": 15}}, {"pk": 46, "model": "auth.permission", "fields": {"codename": "add_academicyear", "name": "Can add academic year", "content_type": 16}}, {"pk": 47, "model": "auth.permission", "fields": {"codename": "change_academicyear", "name": "Can change academic year", "content_type": 16}}, {"pk": 48, "model": "auth.permission", "fields": {"codename": "delete_academicyear", "name": "Can delete academic year", "content_type": 16}}, {"pk": 49, "model": "auth.permission", "fields": {"codename": "add_semestername", "name": "Can add semester name", "content_type": 17}}, {"pk": 50, "model": "auth.permission", "fields": {"codename": "change_semestername", "name": "Can change semester name", "content_type": 17}}, {"pk": 51, "model": "auth.permission", "fields": {"codename": "delete_semestername", "name": "Can delete semester name", "content_type": 17}}, {"pk": 52, "model": "auth.permission", "fields": {"codename": "add_semester", "name": "Can add semester", "content_type": 18}}, {"pk": 53, "model": "auth.permission", "fields": {"codename": "change_semester", "name": "Can change semester", "content_type": 18}}, {"pk": 54, "model": "auth.permission", "fields": {"codename": "delete_semester", "name": "Can delete semester", "content_type": 18}}, {"pk": 55, "model": "auth.permission", "fields": {"codename": "add_holiday", "name": "Can add holiday", "content_type": 19}}, {"pk": 56, "model": "auth.permission", "fields": {"codename": "change_holiday", "name": "Can change holiday", "content_type": 19}}, {"pk": 57, "model": "auth.permission", "fields": {"codename": "delete_holiday", "name": "Can delete holiday", "content_type": 19}}, {"pk": 58, "model": "auth.permission", "fields": {"codename": "add_building", "name": "Can add building", "content_type": 20}}, {"pk": 59, "model": "auth.permission", "fields": {"codename": "change_building", "name": "Can change building", "content_type": 20}}, {"pk": 60, "model": "auth.permission", "fields": {"codename": "delete_building", "name": "Can delete building", "content_type": 20}}, {"pk": 61, "model": "auth.permission", "fields": {"codename": "add_room", "name": "Can add room", "content_type": 21}}, {"pk": 62, "model": "auth.permission", "fields": {"codename": "change_room", "name": "Can change room", "content_type": 21}}, {"pk": 63, "model": "auth.permission", "fields": {"codename": "delete_room", "name": "Can delete room", "content_type": 21}}, {"pk": 64, "model": "auth.permission", "fields": {"codename": "add_subject", "name": "Can add subject", "content_type": 22}}, {"pk": 65, "model": "auth.permission", "fields": {"codename": "change_subject", "name": "Can change subject", "content_type": 22}}, {"pk": 66, "model": "auth.permission", "fields": {"codename": "delete_subject", "name": "Can delete subject", "content_type": 22}}, {"pk": 67, "model": "auth.permission", "fields": {"codename": "add_courseattribute", "name": "Can add course attribute", "content_type": 23}}, {"pk": 68, "model": "auth.permission", "fields": {"codename": "change_courseattribute", "name": "Can change course attribute", "content_type": 23}}, {"pk": 69, "model": "auth.permission", "fields": {"codename": "delete_courseattribute", "name": "Can delete course attribute", "content_type": 23}}, {"pk": 70, "model": "auth.permission", "fields": {"codename": "add_course", "name": "Can add course", "content_type": 24}}, {"pk": 71, "model": "auth.permission", "fields": {"codename": "change_course", "name": "Can change course", "content_type": 24}}, {"pk": 72, "model": "auth.permission", "fields": {"codename": "delete_course", "name": "Can delete course", "content_type": 24}}, {"pk": 73, "model": "auth.permission", "fields": {"codename": "add_student", "name": "Can add student", "content_type": 25}}, {"pk": 74, "model": "auth.permission", "fields": {"codename": "change_student", "name": "Can change student", "content_type": 25}}, {"pk": 75, "model": "auth.permission", "fields": {"codename": "delete_student", "name": "Can delete student", "content_type": 25}}, {"pk": 76, "model": "auth.permission", "fields": {"codename": "add_courseoffering", "name": "Can add course offering", "content_type": 26}}, {"pk": 77, "model": "auth.permission", "fields": {"codename": "change_courseoffering", "name": "Can change course offering", "content_type": 26}}, {"pk": 78, "model": "auth.permission", "fields": {"codename": "delete_courseoffering", "name": "Can delete course offering", "content_type": 26}}, {"pk": 79, "model": "auth.permission", "fields": {"codename": "add_grade", "name": "Can add grade", "content_type": 27}}, {"pk": 80, "model": "auth.permission", "fields": {"codename": "change_grade", "name": "Can change grade", "content_type": 27}}, {"pk": 81, "model": "auth.permission", "fields": {"codename": "delete_grade", "name": "Can delete grade", "content_type": 27}}, {"pk": 82, "model": "auth.permission", "fields": {"codename": "add_coursetaken", "name": "Can add course taken", "content_type": 28}}, {"pk": 83, "model": "auth.permission", "fields": {"codename": "change_coursetaken", "name": "Can change course taken", "content_type": 28}}, {"pk": 84, "model": "auth.permission", "fields": {"codename": "delete_coursetaken", "name": "Can delete course taken", "content_type": 28}}, {"pk": 85, "model": "auth.permission", "fields": {"codename": "add_offeringinstructor", "name": "Can add offering instructor", "content_type": 29}}, {"pk": 86, "model": "auth.permission", "fields": {"codename": "change_offeringinstructor", "name": "Can change offering instructor", "content_type": 29}}, {"pk": 87, "model": "auth.permission", "fields": {"codename": "delete_offeringinstructor", "name": "Can delete offering instructor", "content_type": 29}}, {"pk": 88, "model": "auth.permission", "fields": {"codename": "add_classmeeting", "name": "Can add class meeting", "content_type": 30}}, {"pk": 89, "model": "auth.permission", "fields": {"codename": "change_classmeeting", "name": "Can change class meeting", "content_type": 30}}, {"pk": 90, "model": "auth.permission", "fields": {"codename": "delete_classmeeting", "name": "Can delete class meeting", "content_type": 30}}, {"pk": 91, "model": "auth.permission", "fields": {"codename": "add_requirementblock", "name": "Can add requirement block", "content_type": 31}}, {"pk": 92, "model": "auth.permission", "fields": {"codename": "change_requirementblock", "name": "Can change requirement block", "content_type": 31}}, {"pk": 93, "model": "auth.permission", "fields": {"codename": "delete_requirementblock", "name": "Can delete requirement block", "content_type": 31}}, {"pk": 94, "model": "auth.permission", "fields": {"codename": "add_transfercourse", "name": "Can add transfer course", "content_type": 32}}, {"pk": 95, "model": "auth.permission", "fields": {"codename": "change_transfercourse", "name": "Can change transfer course", "content_type": 32}}, {"pk": 96, "model": "auth.permission", "fields": {"codename": "delete_transfercourse", "name": "Can delete transfer course", "content_type": 32}}, {"pk": 97, "model": "auth.permission", "fields": {"codename": "add_advisingnote", "name": "Can add advising note", "content_type": 33}}, {"pk": 98, "model": "auth.permission", "fields": {"codename": "change_advisingnote", "name": "Can change advising note", "content_type": 33}}, {"pk": 99, "model": "auth.permission", "fields": {"codename": "delete_advisingnote", "name": "Can delete advising note", "content_type": 33}}, {"pk": 100, "model": "auth.permission", "fields": {"codename": "add_classstanding", "name": "Can add class standing", "content_type": 34}}, {"pk": 101, "model": "auth.permission", "fields": {"codename": "change_classstanding", "name": "Can change class standing", "content_type": 34}}, {"pk": 102, "model": "auth.permission", "fields": {"codename": "delete_classstanding", "name": "Can delete class standing", "content_type": 34}}, {"pk": 103, "model": "auth.permission", "fields": {"codename": "add_degreeprogram", "name": "Can add degree program", "content_type": 35}}, {"pk": 104, "model": "auth.permission", "fields": {"codename": "change_degreeprogram", "name": "Can change degree program", "content_type": 35}}, {"pk": 105, "model": "auth.permission", "fields": {"codename": "delete_degreeprogram", "name": "Can delete degree program", "content_type": 35}}, {"pk": 106, "model": "auth.permission", "fields": {"codename": "add_degreeprogramcourse", "name": "Can add degree program course", "content_type": 36}}, {"pk": 107, "model": "auth.permission", "fields": {"codename": "change_degreeprogramcourse", "name": "Can change degree program course", "content_type": 36}}, {"pk": 108, "model": "auth.permission", "fields": {"codename": "delete_degreeprogramcourse", "name": "Can delete degree program course", "content_type": 36}}, {"pk": 109, "model": "auth.permission", "fields": {"codename": "add_degreeprogram", "name": "Can add degree program", "content_type": 37}}, {"pk": 110, "model": "auth.permission", "fields": {"codename": "change_degreeprogram", "name": "Can change degree program", "content_type": 37}}, {"pk": 111, "model": "auth.permission", "fields": {"codename": "delete_degreeprogram", "name": "Can delete degree program", "content_type": 37}}, {"pk": 112, "model": "auth.permission", "fields": {"codename": "add_degreeprogramcourse", "name": "Can add degree program course", "content_type": 38}}, {"pk": 113, "model": "auth.permission", "fields": {"codename": "change_degreeprogramcourse", "name": "Can change degree program course", "content_type": 38}}, {"pk": 114, "model": "auth.permission", "fields": {"codename": "delete_degreeprogramcourse", "name": "Can delete degree program course", "content_type": 38}}, {"pk": 115, "model": "auth.permission", "fields": {"codename": "add_constraint", "name": "Can add constraint", "content_type": 24}}, {"pk": 116, "model": "auth.permission", "fields": {"codename": "change_constraint", "name": "Can change constraint", "content_type": 24}}, {"pk": 117, "model": "auth.permission", "fields": {"codename": "delete_constraint", "name": "Can delete constraint", "content_type": 24}}, {"pk": 118, "model": "auth.permission", "fields": {"codename": "add_requirement", "name": "Can add requirement", "content_type": 25}}, {"pk": 119, "model": "auth.permission", "fields": {"codename": "change_requirement", "name": "Can change requirement", "content_type": 25}}, {"pk": 120, "model": "auth.permission", "fields": {"codename": "delete_requirement", "name": "Can delete requirement", "content_type": 25}}, {"pk": 121, "model": "auth.permission", "fields": {"codename": "add_course", "name": "Can add course", "content_type": 26}}, {"pk": 122, "model": "auth.permission", "fields": {"codename": "change_course", "name": "Can change course", "content_type": 26}}, {"pk": 123, "model": "auth.permission", "fields": {"codename": "delete_course", "name": "Can delete course", "content_type": 26}}, {"pk": 124, "model": "auth.permission", "fields": {"codename": "add_student", "name": "Can add student", "content_type": 27}}, {"pk": 125, "model": "auth.permission", "fields": {"codename": "change_student", "name": "Can change student", "content_type": 27}}, {"pk": 126, "model": "auth.permission", "fields": {"codename": "delete_student", "name": "Can delete student", "content_type": 27}}, {"pk": 127, "model": "auth.permission", "fields": {"codename": "add_courseoffering", "name": "Can add course offering", "content_type": 28}}, {"pk": 128, "model": "auth.permission", "fields": {"codename": "change_courseoffering", "name": "Can change course offering", "content_type": 28}}, {"pk": 129, "model": "auth.permission", "fields": {"codename": "delete_courseoffering", "name": "Can delete course offering", "content_type": 28}}, {"pk": 130, "model": "auth.permission", "fields": {"codename": "add_grade", "name": "Can add grade", "content_type": 29}}, {"pk": 131, "model": "auth.permission", "fields": {"codename": "change_grade", "name": "Can change grade", "content_type": 29}}, {"pk": 132, "model": "auth.permission", "fields": {"codename": "delete_grade", "name": "Can delete grade", "content_type": 29}}, {"pk": 133, "model": "auth.permission", "fields": {"codename": "add_coursetaken", "name": "Can add course taken", "content_type": 30}}, {"pk": 134, "model": "auth.permission", "fields": {"codename": "change_coursetaken", "name": "Can change course taken", "content_type": 30}}, {"pk": 135, "model": "auth.permission", "fields": {"codename": "delete_coursetaken", "name": "Can delete course taken", "content_type": 30}}, {"pk": 136, "model": "auth.permission", "fields": {"codename": "add_offeringinstructor", "name": "Can add offering instructor", "content_type": 31}}, {"pk": 137, "model": "auth.permission", "fields": {"codename": "change_offeringinstructor", "name": "Can change offering instructor", "content_type": 31}}, {"pk": 138, "model": "auth.permission", "fields": {"codename": "delete_offeringinstructor", "name": "Can delete offering instructor", "content_type": 31}}, {"pk": 139, "model": "auth.permission", "fields": {"codename": "add_classmeeting", "name": "Can add class meeting", "content_type": 32}}, {"pk": 140, "model": "auth.permission", "fields": {"codename": "change_classmeeting", "name": "Can change class meeting", "content_type": 32}}, {"pk": 141, "model": "auth.permission", "fields": {"codename": "delete_classmeeting", "name": "Can delete class meeting", "content_type": 32}}, {"pk": 142, "model": "auth.permission", "fields": {"codename": "add_requirementblock", "name": "Can add requirement block", "content_type": 33}}, {"pk": 143, "model": "auth.permission", "fields": {"codename": "change_requirementblock", "name": "Can change requirement block", "content_type": 33}}, {"pk": 144, "model": "auth.permission", "fields": {"codename": "delete_requirementblock", "name": "Can delete requirement block", "content_type": 33}}, {"pk": 145, "model": "auth.permission", "fields": {"codename": "add_transfercourse", "name": "Can add transfer course", "content_type": 34}}, {"pk": 146, "model": "auth.permission", "fields": {"codename": "change_transfercourse", "name": "Can change transfer course", "content_type": 34}}, {"pk": 147, "model": "auth.permission", "fields": {"codename": "delete_transfercourse", "name": "Can delete transfer course", "content_type": 34}}, {"pk": 148, "model": "auth.permission", "fields": {"codename": "add_advisingnote", "name": "Can add advising note", "content_type": 35}}, {"pk": 149, "model": "auth.permission", "fields": {"codename": "change_advisingnote", "name": "Can change advising note", "content_type": 35}}, {"pk": 150, "model": "auth.permission", "fields": {"codename": "delete_advisingnote", "name": "Can delete advising note", "content_type": 35}}, {"pk": 151, "model": "auth.permission", "fields": {"codename": "add_classstanding", "name": "Can add class standing", "content_type": 36}}, {"pk": 152, "model": "auth.permission", "fields": {"codename": "change_classstanding", "name": "Can change class standing", "content_type": 36}}, {"pk": 153, "model": "auth.permission", "fields": {"codename": "delete_classstanding", "name": "Can delete class standing", "content_type": 36}}, {"pk": 1, "model": "auth.user", "fields": {"username": "admin", "first_name": "", "last_name": "", "is_active": true, "is_superuser": true, "is_staff": true, "last_login": "2013-06-13T19:10:44.681Z", "groups": [], "user_permissions": [], "password": "pbkdf2_sha256$10000$pFYyb1cgghTA$692VrSI8+Y75c6KCq3cLAFbd5xCK8VCEhDAbQFsKQj4=", "email": "admin@example.com", "date_joined": "2013-06-04T14:21:58.409Z"}}, {"pk": "1wt38m6m7k6ky40b70jh6dc6cu69axux", "model": "sessions.session", "fields": {"expire_date": "2013-06-24T17:13:02.962Z", "session_data": "OGI1NGExOGE0NjI3MWNlNzAzMDc1ODNjMWE0MDg1NzgwOWIwMjRmYTqAAn1xAShVEl9hdXRoX3VzZXJfYmFja2VuZHECVSlkamFuZ28uY29udHJpYi5hdXRoLmJhY2tlbmRzLk1vZGVsQmFja2VuZHEDVQ1fYXV0aF91c2VyX2lkcQRLAXUu"}}, {"pk": "cajr1xwjbqppyuaisnjcf5exzr0gf26w", "model": "sessions.session", "fields": {"expire_date": "2013-06-27T19:10:44.701Z", "session_data": "OGI1NGExOGE0NjI3MWNlNzAzMDc1ODNjMWE0MDg1NzgwOWIwMjRmYTqAAn1xAShVEl9hdXRoX3VzZXJfYmFja2VuZHECVSlkamFuZ28uY29udHJpYi5hdXRoLmJhY2tlbmRzLk1vZGVsQmFja2VuZHEDVQ1fYXV0aF91c2VyX2lkcQRLAXUu"}}, {"pk": "ln8ui11inf51ih8fxlx85oa243pbf1bd", "model": "sessions.session", "fields": {"expire_date": "2013-06-18T19:29:15.742Z", "session_data": "OGI1NGExOGE0NjI3MWNlNzAzMDc1ODNjMWE0MDg1NzgwOWIwMjRmYTqAAn1xAShVEl9hdXRoX3VzZXJfYmFja2VuZHECVSlkamFuZ28uY29udHJpYi5hdXRoLmJhY2tlbmRzLk1vZGVsQmFja2VuZHEDVQ1fYXV0aF91c2VyX2lkcQRLAXUu"}}, {"pk": "mj1qa7ufa2ud01qzqnk4dsq2uvz3u6b1", "model": "sessions.session", "fields": {"expire_date": "2013-06-19T16:45:20.793Z", "session_data": "OGI1NGExOGE0NjI3MWNlNzAzMDc1ODNjMWE0MDg1NzgwOWIwMjRmYTqAAn1xAShVEl9hdXRoX3VzZXJfYmFja2VuZHECVSlkamFuZ28uY29udHJpYi5hdXRoLmJhY2tlbmRzLk1vZGVsQmFja2VuZHEDVQ1fYXV0aF91c2VyX2lkcQRLAXUu"}}, {"pk": "u2zuqv7tmq69hailfz1qrozav4aab9qe", "model": "sessions.session", "fields": {"expire_date": "2013-06-20T20:30:57.016Z", "session_data": "OGI1NGExOGE0NjI3MWNlNzAzMDc1ODNjMWE0MDg1NzgwOWIwMjRmYTqAAn1xAShVEl9hdXRoX3VzZXJfYmFja2VuZHECVSlkamFuZ28uY29udHJpYi5hdXRoLmJhY2tlbmRzLk1vZGVsQmFja2VuZHEDVQ1fYXV0aF91c2VyX2lkcQRLAXUu"}}, {"pk": "ujlhxxamzxoc67zb8rr3ffb1nua41ygg", "model": "sessions.session", "fields": {"expire_date": "2013-06-26T19:59:16.247Z", "session_data": "OGI1NGExOGE0NjI3MWNlNzAzMDc1ODNjMWE0MDg1NzgwOWIwMjRmYTqAAn1xAShVEl9hdXRoX3VzZXJfYmFja2VuZHECVSlkamFuZ28uY29udHJpYi5hdXRoLmJhY2tlbmRzLk1vZGVsQmFja2VuZHEDVQ1fYXV0aF91c2VyX2lkcQRLAXUu"}}, {"pk": 1, "model": "sites.site", "fields": {"domain": "example.com", "name": "example.com"}}, {"pk": 1, "model": "admin.logentry", "fields": {"action_flag": 1, "action_time": "2013-06-04T19:36:18.891Z", "object_repr": "2012-2013", "object_id": "1", "change_message": "", "user": 1, "content_type": 16}}, {"pk": 2, "model": "admin.logentry", "fields": {"action_flag": 1, "action_time": "2013-06-04T19:37:44.168Z", "object_repr": "2011-2012", "object_id": "2", "change_message": "", "user": 1, "content_type": 16}}, {"pk": 3, "model": "admin.logentry", "fields": {"action_flag": 1, "action_time": "2013-06-04T19:39:37.008Z", "object_repr": "Taylor University", "object_id": "1", "change_message": "", "user": 1, "content_type": 9}}, {"pk": 4, "model": "admin.logentry", "fields": {"action_flag": 1, "action_time": "2013-06-04T19:49:22.869Z", "object_repr": "Natural and Applied Sciences", "object_id": "1", "change_message": "", "user": 1, "content_type": 10}}, {"pk": 5, "model": "admin.logentry", "fields": {"action_flag": 1, "action_time": "2013-06-04T19:49:46.879Z", "object_repr": "Computer Science and Engineering", "object_id": "1", "change_message": "", "user": 1, "content_type": 11}}, {"pk": 6, "model": "admin.logentry", "fields": {"action_flag": 1, "action_time": "2013-06-04T19:50:25.872Z", "object_repr": "Major object", "object_id": "1", "change_message": "", "user": 1, "content_type": 12}}, {"pk": 7, "model": "admin.logentry", "fields": {"action_flag": 1, "action_time": "2013-06-04T20:15:40.164Z", "object_repr": "Fall Term", "object_id": "1", "change_message": "", "user": 1, "content_type": 17}}, {"pk": 8, "model": "admin.logentry", "fields": {"action_flag": 1, "action_time": "2013-06-04T20:16:04.590Z", "object_repr": "January Term", "object_id": "2", "change_message": "", "user": 1, "content_type": 17}}, {"pk": 9, "model": "admin.logentry", "fields": {"action_flag": 2, "action_time": "2013-06-04T20:16:15.154Z", "object_repr": "January Term", "object_id": "2", "change_message": "Changed seq.", "user": 1, "content_type": 17}}, {"pk": 10, "model": "admin.logentry", "fields": {"action_flag": 1, "action_time": "2013-06-04T20:16:31.062Z", "object_repr": "Spring Term", "object_id": "3", "change_message": "", "user": 1, "content_type": 17}}, {"pk": 11, "model": "admin.logentry", "fields": {"action_flag": 1, "action_time": "2013-06-04T20:16:40.132Z", "object_repr": "Summer Term", "object_id": "4", "change_message": "", "user": 1, "content_type": 17}}, {"pk": 12, "model": "admin.logentry", "fields": {"action_flag": 2, "action_time": "2013-06-04T20:16:44.614Z", "object_repr": "Summer Term", "object_id": "4", "change_message": "Changed seq.", "user": 1, "content_type": 17}}, {"pk": 13, "model": "admin.logentry", "fields": {"action_flag": 2, "action_time": "2013-06-04T20:16:49.187Z", "object_repr": "Fall Term", "object_id": "1", "change_message": "No fields changed.", "user": 1, "content_type": 17}}, {"pk": 14, "model": "admin.logentry", "fields": {"action_flag": 2, "action_time": "2013-06-04T20:16:52.756Z", "object_repr": "Fall Term", "object_id": "1", "change_message": "No fields changed.", "user": 1, "content_type": 17}}, {"pk": 15, "model": "admin.logentry", "fields": {"action_flag": 1, "action_time": "2013-06-04T20:18:08.197Z", "object_repr": "Fall Term 2011-2012", "object_id": "1", "change_message": "", "user": 1, "content_type": 18}}, {"pk": 16, "model": "admin.logentry", "fields": {"action_flag": 1, "action_time": "2013-06-04T20:18:40.928Z", "object_repr": "Minor object", "object_id": "1", "change_message": "", "user": 1, "content_type": 13}}, {"pk": 17, "model": "admin.logentry", "fields": {"action_flag": 1, "action_time": "2013-06-04T20:19:28.392Z", "object_repr": "Computer Science BS", "object_id": "1", "change_message": "", "user": 1, "content_type": 35}}, {"pk": 18, "model": "admin.logentry", "fields": {"action_flag": 1, "action_time": "2013-06-04T20:21:31.589Z", "object_repr": "COS", "object_id": "1", "change_message": "", "user": 1, "content_type": 22}}, {"pk": 19, "model": "admin.logentry", "fields": {"action_flag": 1, "action_time": "2013-06-04T20:26:04.497Z", "object_repr": "Speaking", "object_id": "1", "change_message": "", "user": 1, "content_type": 23}}, {"pk": 20, "model": "admin.logentry", "fields": {"action_flag": 1, "action_time": "2013-06-04T20:26:14.876Z", "object_repr": "Cross Cultural", "object_id": "2", "change_message": "", "user": 1, "content_type": 23}}, {"pk": 21, "model": "admin.logentry", "fields": {"action_flag": 1, "action_time": "2013-06-04T20:26:23.757Z", "object_repr": "Writing", "object_id": "3", "change_message": "", "user": 1, "content_type": 23}}, {"pk": 22, "model": "admin.logentry", "fields": {"action_flag": 1, "action_time": "2013-06-04T20:36:40.168Z", "object_repr": "Professor X", "object_id": "1", "change_message": "", "user": 1, "content_type": 14}}, {"pk": 23, "model": "admin.logentry", "fields": {"action_flag": 3, "action_time": "2013-06-05T16:38:59.059Z", "object_repr": "Fall Term", "object_id": "1", "change_message": "", "user": 1, "content_type": 17}}, {"pk": 24, "model": "admin.logentry", "fields": {"action_flag": 3, "action_time": "2013-06-05T16:38:59.078Z", "object_repr": "January Term", "object_id": "2", "change_message": "", "user": 1, "content_type": 17}}, {"pk": 25, "model": "admin.logentry", "fields": {"action_flag": 3, "action_time": "2013-06-05T16:38:59.096Z", "object_repr": "Spring Term", "object_id": "3", "change_message": "", "user": 1, "content_type": 17}}, {"pk": 26, "model": "admin.logentry", "fields": {"action_flag": 3, "action_time": "2013-06-05T16:38:59.114Z", "object_repr": "Summer Term", "object_id": "4", "change_message": "", "user": 1, "content_type": 17}}, {"pk": 27, "model": "admin.logentry", "fields": {"action_flag": 1, "action_time": "2013-06-05T16:46:16.329Z", "object_repr": "Fall", "object_id": "1", "change_message": "", "user": 1, "content_type": 17}}, {"pk": 28, "model": "admin.logentry", "fields": {"action_flag": 1, "action_time": "2013-06-05T16:46:27.301Z", "object_repr": "J-Term", "object_id": "2", "change_message": "", "user": 1, "content_type": 17}}, {"pk": 29, "model": "admin.logentry", "fields": {"action_flag": 1, "action_time": "2013-06-05T16:46:40.818Z", "object_repr": "Spring", "object_id": "3", "change_message": "", "user": 1, "content_type": 17}}, {"pk": 30, "model": "admin.logentry", "fields": {"action_flag": 1, "action_time": "2013-06-05T16:46:46.800Z", "object_repr": "Summer", "object_id": "4", "change_message": "", "user": 1, "content_type": 17}}, {"pk": 31, "model": "admin.logentry", "fields": {"action_flag": 1, "action_time": "2013-06-05T17:02:52.069Z", "object_repr": "John Doe", "object_id": "2", "change_message": "", "user": 1, "content_type": 25}}, {"pk": 32, "model": "admin.logentry", "fields": {"action_flag": 1, "action_time": "2013-06-06T20:33:33.496Z", "object_repr": "Constraint object", "object_id": "1", "change_message": "", "user": 1, "content_type": 31}}, {"pk": 33, "model": "admin.logentry", "fields": {"action_flag": 1, "action_time": "2013-06-06T20:34:23.517Z", "object_repr": "All - when all courses are requried", "object_id": "2", "change_message": "", "user": 1, "content_type": 31}}, {"pk": 34, "model": "admin.logentry", "fields": {"action_flag": 1, "action_time": "2013-06-06T20:34:59.160Z", "object_repr": "Two of the Following", "object_id": "3", "change_message": "", "user": 1, "content_type": 31}}, {"pk": 35, "model": "admin.logentry", "fields": {"action_flag": 1, "action_time": "2013-06-06T20:36:04.184Z", "object_repr": "Need Seven Credit Hours", "object_id": "4", "change_message": "", "user": 1, "content_type": 31}}, {"pk": 36, "model": "admin.logentry", "fields": {"action_flag": 1, "action_time": "2013-06-06T20:37:50.518Z", "object_repr": "Biology", "object_id": "2", "change_message": "", "user": 1, "content_type": 11}}, {"pk": 37, "model": "admin.logentry", "fields": {"action_flag": 1, "action_time": "2013-06-06T20:38:00.279Z", "object_repr": "BIO", "object_id": "2", "change_message": "", "user": 1, "content_type": 22}}, {"pk": 38, "model": "admin.logentry", "fields": {"action_flag": 1, "action_time": "2013-06-06T20:38:24.048Z", "object_repr": "BIO BIO 100 - General Biology", "object_id": "1", "change_message": "", "user": 1, "content_type": 24}}, {"pk": 39, "model": "admin.logentry", "fields": {"action_flag": 1, "action_time": "2013-06-06T20:39:09.364Z", "object_repr": "BIO BIO 101 - Principles of Cell Biology", "object_id": "2", "change_message": "", "user": 1, "content_type": 24}}, {"pk": 40, "model": "admin.logentry", "fields": {"action_flag": 1, "action_time": "2013-06-10T17:13:25.347Z", "object_repr": "Liberal Arts", "object_id": "2", "change_message": "", "user": 1, "content_type": 10}}, {"pk": 41, "model": "admin.logentry", "fields": {"action_flag": 1, "action_time": "2013-06-10T17:13:38.104Z", "object_repr": "Business", "object_id": "3", "change_message": "", "user": 1, "content_type": 10}}, {"pk": 42, "model": "admin.logentry", "fields": {"action_flag": 1, "action_time": "2013-06-10T17:13:53.462Z", "object_repr": "Professional Studies", "object_id": "4", "change_message": "", "user": 1, "content_type": 10}}, {"pk": 43, "model": "admin.logentry", "fields": {"action_flag": 1, "action_time": "2013-06-10T17:14:19.443Z", "object_repr": "Art", "object_id": "3", "change_message": "", "user": 1, "content_type": 11}}, {"pk": 44, "model": "admin.logentry", "fields": {"action_flag": 1, "action_time": "2013-06-10T17:14:36.601Z", "object_repr": "Biblical Studies", "object_id": "4", "change_message": "", "user": 1, "content_type": 11}}, {"pk": 45, "model": "admin.logentry", "fields": {"action_flag": 1, "action_time": "2013-06-10T17:14:56.959Z", "object_repr": "Christian Educational Ministries", "object_id": "5", "change_message": "", "user": 1, "content_type": 11}}, {"pk": 46, "model": "admin.logentry", "fields": {"action_flag": 1, "action_time": "2013-06-10T17:15:07.673Z", "object_repr": "Communication", "object_id": "6", "change_message": "", "user": 1, "content_type": 11}}, {"pk": 47, "model": "admin.logentry", "fields": {"action_flag": 1, "action_time": "2013-06-10T17:15:18Z", "object_repr": "English", "object_id": "7", "change_message": "", "user": 1, "content_type": 11}}, {"pk": 48, "model": "admin.logentry", "fields": {"action_flag": 1, "action_time": "2013-06-10T17:16:10.725Z", "object_repr": "Geography", "object_id": "8", "change_message": "", "user": 1, "content_type": 11}}, {"pk": 49, "model": "admin.logentry", "fields": {"action_flag": 1, "action_time": "2013-06-10T17:17:20.490Z", "object_repr": "Media Communication", "object_id": "9", "change_message": "", "user": 1, "content_type": 11}}, {"pk": 50, "model": "admin.logentry", "fields": {"action_flag": 1, "action_time": "2013-06-10T17:18:41.299Z", "object_repr": "Music", "object_id": "10", "change_message": "", "user": 1, "content_type": 11}}, {"pk": 51, "model": "admin.logentry", "fields": {"action_flag": 1, "action_time": "2013-06-10T17:18:53.872Z", "object_repr": "Philosophy", "object_id": "11", "change_message": "", "user": 1, "content_type": 11}}, {"pk": 52, "model": "admin.logentry", "fields": {"action_flag": 1, "action_time": "2013-06-10T17:19:27.278Z", "object_repr": "Political Science", "object_id": "12", "change_message": "", "user": 1, "content_type": 11}}, {"pk": 53, "model": "admin.logentry", "fields": {"action_flag": 1, "action_time": "2013-06-10T17:19:40.019Z", "object_repr": "Psychology", "object_id": "13", "change_message": "", "user": 1, "content_type": 11}}, {"pk": 54, "model": "admin.logentry", "fields": {"action_flag": 1, "action_time": "2013-06-10T17:19:50.918Z", "object_repr": "Sociology", "object_id": "14", "change_message": "", "user": 1, "content_type": 11}}, {"pk": 55, "model": "admin.logentry", "fields": {"action_flag": 1, "action_time": "2013-06-10T17:23:46.583Z", "object_repr": "Chemistry and Biochemistry", "object_id": "15", "change_message": "", "user": 1, "content_type": 11}}, {"pk": 56, "model": "admin.logentry", "fields": {"action_flag": 1, "action_time": "2013-06-10T17:24:14.363Z", "object_repr": "Earth and Environmental Science", "object_id": "16", "change_message": "", "user": 1, "content_type": 11}}, {"pk": 57, "model": "admin.logentry", "fields": {"action_flag": 1, "action_time": "2013-06-10T17:24:28.782Z", "object_repr": "Mathematics", "object_id": "17", "change_message": "", "user": 1, "content_type": 11}}, {"pk": 58, "model": "admin.logentry", "fields": {"action_flag": 1, "action_time": "2013-06-10T17:37:15.201Z", "object_repr": "Modern Languages", "object_id": "18", "change_message": "", "user": 1, "content_type": 11}}, {"pk": 59, "model": "admin.logentry", "fields": {"action_flag": 1, "action_time": "2013-06-10T18:59:49.728Z", "object_repr": "COS 310 - Current Literature Survey", "object_id": "3", "change_message": "", "user": 1, "content_type": 26}}, {"pk": 60, "model": "admin.logentry", "fields": {"action_flag": 1, "action_time": "2013-06-10T19:01:22.920Z", "object_repr": "COS 120 - Introduction to Computational Problem Solving", "object_id": "4", "change_message": "", "user": 1, "content_type": 26}}, {"pk": 61, "model": "admin.logentry", "fields": {"action_flag": 1, "action_time": "2013-06-10T19:01:58.972Z", "object_repr": "COS 121 - Foundations of Computer Science", "object_id": "5", "change_message": "", "user": 1, "content_type": 26}}, {"pk": 62, "model": "admin.logentry", "fields": {"action_flag": 1, "action_time": "2013-06-10T19:02:17.302Z", "object_repr": "COS 143 - COS", "object_id": "6", "change_message": "", "user": 1, "content_type": 26}}, {"pk": 63, "model": "admin.logentry", "fields": {"action_flag": 1, "action_time": "2013-06-10T19:02:45.910Z", "object_repr": "COS 243 - Multi-tier Web Application Development", "object_id": "7", "change_message": "", "user": 1, "content_type": 26}}, {"pk": 64, "model": "admin.logentry", "fields": {"action_flag": 1, "action_time": "2013-06-10T19:04:01.146Z", "object_repr": "MAT", "object_id": "3", "change_message": "", "user": 1, "content_type": 22}}, {"pk": 65, "model": "admin.logentry", "fields": {"action_flag": 1, "action_time": "2013-06-10T19:04:29.291Z", "object_repr": "COS 265 - Data Structures and Algorithms", "object_id": "8", "change_message": "", "user": 1, "content_type": 26}}, {"pk": 66, "model": "admin.logentry", "fields": {"action_flag": 1, "action_time": "2013-06-10T19:04:50.273Z", "object_repr": "COS 284 - Introduction to Computer Systems", "object_id": "9", "change_message": "", "user": 1, "content_type": 26}}, {"pk": 67, "model": "admin.logentry", "fields": {"action_flag": 2, "action_time": "2013-06-10T19:05:15.099Z", "object_repr": "COS 143 - Interactive Web Page Development", "object_id": "6", "change_message": "Changed title.", "user": 1, "content_type": 26}}, {"pk": 68, "model": "admin.logentry", "fields": {"action_flag": 1, "action_time": "2013-06-10T19:05:53.315Z", "object_repr": "COS 311 - Ethics in Computer Science", "object_id": "10", "change_message": "", "user": 1, "content_type": 26}}, {"pk": 69, "model": "admin.logentry", "fields": {"action_flag": 1, "action_time": "2013-06-10T19:06:36.761Z", "object_repr": "COS 320 - Algorithm Design", "object_id": "11", "change_message": "", "user": 1, "content_type": 26}}, {"pk": 70, "model": "admin.logentry", "fields": {"action_flag": 1, "action_time": "2013-06-10T19:06:56.454Z", "object_repr": "COS 382 - Language Structures", "object_id": "12", "change_message": "", "user": 1, "content_type": 26}}, {"pk": 71, "model": "admin.logentry", "fields": {"action_flag": 1, "action_time": "2013-06-10T19:07:24.802Z", "object_repr": "COS 435 - Theory of Computation", "object_id": "13", "change_message": "", "user": 1, "content_type": 26}}, {"pk": 72, "model": "admin.logentry", "fields": {"action_flag": 1, "action_time": "2013-06-10T19:07:46.215Z", "object_repr": "COS COS 452 - Research I", "object_id": "14", "change_message": "", "user": 1, "content_type": 26}}, {"pk": 73, "model": "admin.logentry", "fields": {"action_flag": 1, "action_time": "2013-06-10T19:08:06.079Z", "object_repr": "COS 453 - Research II", "object_id": "15", "change_message": "", "user": 1, "content_type": 26}}, {"pk": 74, "model": "admin.logentry", "fields": {"action_flag": 1, "action_time": "2013-06-10T19:09:03.019Z", "object_repr": "COS 493 - Computer Science Senior Capstone", "object_id": "16", "change_message": "", "user": 1, "content_type": 26}}, {"pk": 75, "model": "admin.logentry", "fields": {"action_flag": 1, "action_time": "2013-06-10T19:09:33.465Z", "object_repr": "MAT 151 - Calculus I", "object_id": "17", "change_message": "", "user": 1, "content_type": 26}}, {"pk": 76, "model": "admin.logentry", "fields": {"action_flag": 1, "action_time": "2013-06-10T19:10:03.779Z", "object_repr": "MAT 215 - Discrete Mathematics for Computer Science", "object_id": "18", "change_message": "", "user": 1, "content_type": 26}}, {"pk": 77, "model": "admin.logentry", "fields": {"action_flag": 1, "action_time": "2013-06-10T19:10:20.360Z", "object_repr": "SYS", "object_id": "4", "change_message": "", "user": 1, "content_type": 22}}, {"pk": 78, "model": "admin.logentry", "fields": {"action_flag": 1, "action_time": "2013-06-10T19:10:50.005Z", "object_repr": "SYS 101 - Introduction to Systems", "object_id": "19", "change_message": "", "user": 1, "content_type": 26}}, {"pk": 79, "model": "admin.logentry", "fields": {"action_flag": 1, "action_time": "2013-06-10T19:11:15.965Z", "object_repr": "MAT 210 - Introductory Statistics", "object_id": "20", "change_message": "", "user": 1, "content_type": 26}}, {"pk": 80, "model": "admin.logentry", "fields": {"action_flag": 1, "action_time": "2013-06-10T19:11:47.515Z", "object_repr": "MAT 352 - Mathematical Statistics", "object_id": "21", "change_message": "", "user": 1, "content_type": 26}}, {"pk": 81, "model": "admin.logentry", "fields": {"action_flag": 2, "action_time": "2013-06-10T19:11:57.599Z", "object_repr": "MAT 210 - Introductory Statistics", "object_id": "20", "change_message": "No fields changed.", "user": 1, "content_type": 26}}, {"pk": 82, "model": "admin.logentry", "fields": {"action_flag": 1, "action_time": "2013-06-10T19:12:31.101Z", "object_repr": "COS 381 - Computer Architecture", "object_id": "22", "change_message": "", "user": 1, "content_type": 26}}, {"pk": 83, "model": "admin.logentry", "fields": {"action_flag": 1, "action_time": "2013-06-10T19:12:56.480Z", "object_repr": "COS 421 - Operating Systems", "object_id": "23", "change_message": "", "user": 1, "content_type": 26}}, {"pk": 84, "model": "admin.logentry", "fields": {"action_flag": 1, "action_time": "2013-06-10T19:13:36.309Z", "object_repr": "COS 436 - Distributed Processing", "object_id": "24", "change_message": "", "user": 1, "content_type": 26}}, {"pk": 85, "model": "admin.logentry", "fields": {"action_flag": 1, "action_time": "2013-06-10T19:14:02.720Z", "object_repr": "COS 314 - Human Computer Interaction", "object_id": "25", "change_message": "", "user": 1, "content_type": 26}}, {"pk": 86, "model": "admin.logentry", "fields": {"action_flag": 1, "action_time": "2013-06-10T19:14:26.757Z", "object_repr": "COS 350 - Computer Graphics", "object_id": "26", "change_message": "", "user": 1, "content_type": 26}}, {"pk": 87, "model": "admin.logentry", "fields": {"action_flag": 1, "action_time": "2013-06-10T19:14:49.784Z", "object_repr": "COS 351 - Computer Vision", "object_id": "27", "change_message": "", "user": 1, "content_type": 26}}, {"pk": 88, "model": "admin.logentry", "fields": {"action_flag": 1, "action_time": "2013-06-10T19:15:19.292Z", "object_repr": "COS 424 - Surfaces and Modeling", "object_id": "28", "change_message": "", "user": 1, "content_type": 26}}, {"pk": 89, "model": "admin.logentry", "fields": {"action_flag": 1, "action_time": "2013-06-10T19:15:40.532Z", "object_repr": "COS 425 - Animation", "object_id": "29", "change_message": "", "user": 1, "content_type": 26}}, {"pk": 90, "model": "admin.logentry", "fields": {"action_flag": 1, "action_time": "2013-06-10T19:16:09.878Z", "object_repr": "SYS 214 - Principles of Human Computer Interaction", "object_id": "30", "change_message": "", "user": 1, "content_type": 26}}, {"pk": 91, "model": "admin.logentry", "fields": {"action_flag": 1, "action_time": "2013-06-10T19:16:32.870Z", "object_repr": "COS 280 - Introduction to Artificial Intelligence", "object_id": "31", "change_message": "", "user": 1, "content_type": 26}}, {"pk": 92, "model": "admin.logentry", "fields": {"action_flag": 1, "action_time": "2013-06-10T19:17:05.364Z", "object_repr": "COS 380 - Natural Language Processing", "object_id": "32", "change_message": "", "user": 1, "content_type": 26}}, {"pk": 93, "model": "admin.logentry", "fields": {"action_flag": 1, "action_time": "2013-06-10T19:18:05.579Z", "object_repr": "SYS 352 - Knowledge Based Systems", "object_id": "33", "change_message": "", "user": 1, "content_type": 26}}, {"pk": 94, "model": "admin.logentry", "fields": {"action_flag": 1, "action_time": "2013-06-10T19:18:30.192Z", "object_repr": "SYS 411 - Machine Learning", "object_id": "34", "change_message": "", "user": 1, "content_type": 26}}, {"pk": 95, "model": "admin.logentry", "fields": {"action_flag": 1, "action_time": "2013-06-10T19:18:56.185Z", "object_repr": "MAT 230 - Calculus II", "object_id": "35", "change_message": "", "user": 1, "content_type": 26}}, {"pk": 96, "model": "admin.logentry", "fields": {"action_flag": 1, "action_time": "2013-06-10T19:19:22.497Z", "object_repr": "MAT 240 - Calculus III", "object_id": "36", "change_message": "", "user": 1, "content_type": 26}}, {"pk": 97, "model": "admin.logentry", "fields": {"action_flag": 1, "action_time": "2013-06-10T19:19:49.808Z", "object_repr": "MAT 245 - Linear Algebra", "object_id": "37", "change_message": "", "user": 1, "content_type": 26}}, {"pk": 98, "model": "admin.logentry", "fields": {"action_flag": 1, "action_time": "2013-06-10T19:20:18.184Z", "object_repr": "MAT 251 - Differential Equations ", "object_id": "38", "change_message": "", "user": 1, "content_type": 26}}, {"pk": 99, "model": "admin.logentry", "fields": {"action_flag": 1, "action_time": "2013-06-10T19:20:50.403Z", "object_repr": "MAT 310 - Mathematical Modeling with Numerical Analysis", "object_id": "39", "change_message": "", "user": 1, "content_type": 26}}, {"pk": 100, "model": "admin.logentry", "fields": {"action_flag": 1, "action_time": "2013-06-10T19:21:19.402Z", "object_repr": "COS 340 - Software Engineering", "object_id": "40", "change_message": "", "user": 1, "content_type": 26}}, {"pk": 101, "model": "admin.logentry", "fields": {"action_flag": 1, "action_time": "2013-06-10T19:21:40.978Z", "object_repr": "COS 371 - 4", "object_id": "41", "change_message": "", "user": 1, "content_type": 26}}, {"pk": 102, "model": "admin.logentry", "fields": {"action_flag": 1, "action_time": "2013-06-10T19:22:05.737Z", "object_repr": "COS 372 - Software Studio II", "object_id": "42", "change_message": "", "user": 1, "content_type": 26}}, {"pk": 103, "model": "admin.logentry", "fields": {"action_flag": 1, "action_time": "2013-06-10T19:22:26.231Z", "object_repr": "COS 471 - Software Studio III", "object_id": "43", "change_message": "", "user": 1, "content_type": 26}}, {"pk": 104, "model": "admin.logentry", "fields": {"action_flag": 1, "action_time": "2013-06-10T19:23:01.526Z", "object_repr": "COS 472 - Software Studio IV", "object_id": "44", "change_message": "", "user": 1, "content_type": 26}}, {"pk": 105, "model": "admin.logentry", "fields": {"action_flag": 1, "action_time": "2013-06-10T19:23:51.608Z", "object_repr": "SYS 390 - Information System Analysis", "object_id": "45", "change_message": "", "user": 1, "content_type": 26}}, {"pk": 106, "model": "admin.logentry", "fields": {"action_flag": 2, "action_time": "2013-06-10T19:29:18.476Z", "object_repr": "COS 371 - Software Studio I", "object_id": "41", "change_message": "Changed title and credit_hours.", "user": 1, "content_type": 26}}, {"pk": 107, "model": "admin.logentry", "fields": {"action_flag": 2, "action_time": "2013-06-10T19:30:49.050Z", "object_repr": "BIO 101 - Principles of Cell Biology", "object_id": "2", "change_message": "Changed number.", "user": 1, "content_type": 26}}, {"pk": 108, "model": "admin.logentry", "fields": {"action_flag": 2, "action_time": "2013-06-10T19:31:00.473Z", "object_repr": "COS 452 - Research I", "object_id": "14", "change_message": "Changed number.", "user": 1, "content_type": 26}}, {"pk": 109, "model": "admin.logentry", "fields": {"action_flag": 2, "action_time": "2013-06-10T19:31:12.506Z", "object_repr": "BIO 100 - General Biology", "object_id": "1", "change_message": "Changed number.", "user": 1, "content_type": 26}}, {"pk": 110, "model": "admin.logentry", "fields": {"action_flag": 1, "action_time": "2013-06-11T15:13:19.243Z", "object_repr": "COS 120 ", "object_id": "1", "change_message": "", "user": 1, "content_type": 25}}, {"pk": 111, "model": "admin.logentry", "fields": {"action_flag": 2, "action_time": "2013-06-11T15:14:05.342Z", "object_repr": "COS 120 ", "object_id": "1", "change_message": "No fields changed.", "user": 1, "content_type": 25}}, {"pk": 112, "model": "admin.logentry", "fields": {"action_flag": 2, "action_time": "2013-06-11T15:14:23.245Z", "object_repr": "COS 121 - Foundations of Computer Science", "object_id": "5", "change_message": "Changed prereqs.", "user": 1, "content_type": 26}}, {"pk": 113, "model": "admin.logentry", "fields": {"action_flag": 1, "action_time": "2013-06-11T15:28:32.591Z", "object_repr": "Any COS 300", "object_id": "2", "change_message": "", "user": 1, "content_type": 25}}, {"pk": 114, "model": "admin.logentry", "fields": {"action_flag": 2, "action_time": "2013-06-11T15:34:25.796Z", "object_repr": "Any COS 300", "object_id": "2", "change_message": "No fields changed.", "user": 1, "content_type": 25}}, {"pk": 115, "model": "admin.logentry", "fields": {"action_flag": 2, "action_time": "2013-06-11T15:35:01.395Z", "object_repr": "Any COS 300", "object_id": "2", "change_message": "No fields changed.", "user": 1, "content_type": 25}}, {"pk": 116, "model": "admin.logentry", "fields": {"action_flag": 2, "action_time": "2013-06-11T15:35:14.108Z", "object_repr": "Any COS 300", "object_id": "2", "change_message": "No fields changed.", "user": 1, "content_type": 25}}, {"pk": 117, "model": "admin.logentry", "fields": {"action_flag": 1, "action_time": "2013-06-11T15:43:34.694Z", "object_repr": "COS 143", "object_id": "3", "change_message": "", "user": 1, "content_type": 25}}, {"pk": 118, "model": "admin.logentry", "fields": {"action_flag": 2, "action_time": "2013-06-11T15:44:15.576Z", "object_repr": "COS 121 - Foundations of Computer Science", "object_id": "5", "change_message": "No fields changed.", "user": 1, "content_type": 26}}, {"pk": 119, "model": "admin.logentry", "fields": {"action_flag": 2, "action_time": "2013-06-11T15:44:25.259Z", "object_repr": "COS 143", "object_id": "3", "change_message": "No fields changed.", "user": 1, "content_type": 25}}, {"pk": 120, "model": "admin.logentry", "fields": {"action_flag": 2, "action_time": "2013-06-11T15:44:30.239Z", "object_repr": "Any COS 300", "object_id": "2", "change_message": "No fields changed.", "user": 1, "content_type": 25}}, {"pk": 121, "model": "admin.logentry", "fields": {"action_flag": 2, "action_time": "2013-06-11T15:45:24.758Z", "object_repr": "COS 143", "object_id": "3", "change_message": "No fields changed.", "user": 1, "content_type": 25}}, {"pk": 122, "model": "admin.logentry", "fields": {"action_flag": 2, "action_time": "2013-06-11T15:48:10.428Z", "object_repr": "COS 143", "object_id": "3", "change_message": "No fields changed.", "user": 1, "content_type": 25}}, {"pk": 123, "model": "admin.logentry", "fields": {"action_flag": 2, "action_time": "2013-06-11T15:49:56.400Z", "object_repr": "COS 143", "object_id": "3", "change_message": "No fields changed.", "user": 1, "content_type": 25}}, {"pk": 124, "model": "admin.logentry", "fields": {"action_flag": 2, "action_time": "2013-06-11T15:50:23.829Z", "object_repr": "COS 143", "object_id": "3", "change_message": "No fields changed.", "user": 1, "content_type": 25}}, {"pk": 125, "model": "admin.logentry", "fields": {"action_flag": 2, "action_time": "2013-06-11T15:55:24.527Z", "object_repr": "Any COS 300", "object_id": "2", "change_message": "No fields changed.", "user": 1, "content_type": 25}}, {"pk": 126, "model": "admin.logentry", "fields": {"action_flag": 2, "action_time": "2013-06-11T15:57:11.365Z", "object_repr": "Any COS 300", "object_id": "2", "change_message": "No fields changed.", "user": 1, "content_type": 25}}, {"pk": 127, "model": "admin.logentry", "fields": {"action_flag": 2, "action_time": "2013-06-11T15:57:24.973Z", "object_repr": "Any COS 300", "object_id": "2", "change_message": "No fields changed.", "user": 1, "content_type": 25}}, {"pk": 128, "model": "admin.logentry", "fields": {"action_flag": 2, "action_time": "2013-06-11T15:57:37.485Z", "object_repr": "COS 143", "object_id": "3", "change_message": "No fields changed.", "user": 1, "content_type": 25}}, {"pk": 129, "model": "admin.logentry", "fields": {"action_flag": 2, "action_time": "2013-06-11T15:58:07.586Z", "object_repr": "COS 143", "object_id": "3", "change_message": "No fields changed.", "user": 1, "content_type": 25}}, {"pk": 130, "model": "admin.logentry", "fields": {"action_flag": 2, "action_time": "2013-06-11T16:09:12.937Z", "object_repr": "COS 143", "object_id": "3", "change_message": "No fields changed.", "user": 1, "content_type": 25}}, {"pk": 131, "model": "admin.logentry", "fields": {"action_flag": 2, "action_time": "2013-06-11T16:13:11.056Z", "object_repr": "COS 143", "object_id": "3", "change_message": "Changed requirements and courses.", "user": 1, "content_type": 25}}, {"pk": 132, "model": "admin.logentry", "fields": {"action_flag": 2, "action_time": "2013-06-11T16:14:13.609Z", "object_repr": "COS 143", "object_id": "3", "change_message": "No fields changed.", "user": 1, "content_type": 25}}, {"pk": 133, "model": "admin.logentry", "fields": {"action_flag": 2, "action_time": "2013-06-11T16:14:38.897Z", "object_repr": "COS 143", "object_id": "3", "change_message": "No fields changed.", "user": 1, "content_type": 25}}, {"pk": 134, "model": "admin.logentry", "fields": {"action_flag": 2, "action_time": "2013-06-11T16:14:59.811Z", "object_repr": "COS 143", "object_id": "3", "change_message": "No fields changed.", "user": 1, "content_type": 25}}, {"pk": 135, "model": "admin.logentry", "fields": {"action_flag": 2, "action_time": "2013-06-11T16:16:43.888Z", "object_repr": "COS 143", "object_id": "3", "change_message": "No fields changed.", "user": 1, "content_type": 25}}, {"pk": 136, "model": "admin.logentry", "fields": {"action_flag": 2, "action_time": "2013-06-11T16:26:44.583Z", "object_repr": "COS 143", "object_id": "3", "change_message": "Changed requirements and courses.", "user": 1, "content_type": 25}}, {"pk": 137, "model": "admin.logentry", "fields": {"action_flag": 2, "action_time": "2013-06-11T16:26:49.710Z", "object_repr": "COS 143", "object_id": "3", "change_message": "No fields changed.", "user": 1, "content_type": 25}}, {"pk": 138, "model": "admin.logentry", "fields": {"action_flag": 2, "action_time": "2013-06-11T18:05:02.660Z", "object_repr": "COS 310 - Current Literature Survey", "object_id": "3", "change_message": "Changed prereqs.", "user": 1, "content_type": 26}}, {"pk": 139, "model": "admin.logentry", "fields": {"action_flag": 2, "action_time": "2013-06-11T19:26:09.657Z", "object_repr": "COS 310 - Current Literature Survey", "object_id": "3", "change_message": "No fields changed.", "user": 1, "content_type": 26}}, {"pk": 140, "model": "admin.logentry", "fields": {"action_flag": 2, "action_time": "2013-06-11T19:30:48.323Z", "object_repr": "COS 310 - Current Literature Survey", "object_id": "3", "change_message": "No fields changed.", "user": 1, "content_type": 26}}, {"pk": 141, "model": "admin.logentry", "fields": {"action_flag": 1, "action_time": "2013-06-11T19:36:25.882Z", "object_repr": "CS Theory Courses", "object_id": "4", "change_message": "", "user": 1, "content_type": 25}}, {"pk": 142, "model": "admin.logentry", "fields": {"action_flag": 2, "action_time": "2013-06-11T19:40:55.867Z", "object_repr": "CS Theory Courses", "object_id": "4", "change_message": "No fields changed.", "user": 1, "content_type": 25}}, {"pk": 143, "model": "admin.logentry", "fields": {"action_flag": 1, "action_time": "2013-06-11T20:20:46.594Z", "object_repr": "BIO 103 - Introductory Plant Biology", "object_id": "46", "change_message": "", "user": 1, "content_type": 26}}, {"pk": 144, "model": "admin.logentry", "fields": {"action_flag": 1, "action_time": "2013-06-11T20:21:14.384Z", "object_repr": "BIO 104 - Introductory Animal Biology", "object_id": "47", "change_message": "", "user": 1, "content_type": 26}}, {"pk": 145, "model": "admin.logentry", "fields": {"action_flag": 1, "action_time": "2013-06-11T20:21:37.575Z", "object_repr": "BIO 200 - Human Nutrition", "object_id": "48", "change_message": "", "user": 1, "content_type": 26}}, {"pk": 146, "model": "admin.logentry", "fields": {"action_flag": 1, "action_time": "2013-06-11T20:21:57.590Z", "object_repr": "BIO 205 - Human Biology", "object_id": "49", "change_message": "", "user": 1, "content_type": 26}}, {"pk": 147, "model": "admin.logentry", "fields": {"action_flag": 1, "action_time": "2013-06-11T20:22:25.835Z", "object_repr": "BIO 243 - Human Anatomy and Physiology", "object_id": "50", "change_message": "", "user": 1, "content_type": 26}}, {"pk": 148, "model": "admin.logentry", "fields": {"action_flag": 1, "action_time": "2013-06-11T20:22:53.402Z", "object_repr": "BIO 244 - Human Anatomy and Physiology I ", "object_id": "51", "change_message": "", "user": 1, "content_type": 26}}, {"pk": 149, "model": "admin.logentry", "fields": {"action_flag": 1, "action_time": "2013-06-11T20:23:23.530Z", "object_repr": "CHE", "object_id": "5", "change_message": "", "user": 1, "content_type": 22}}, {"pk": 150, "model": "admin.logentry", "fields": {"action_flag": 1, "action_time": "2013-06-11T20:23:44.720Z", "object_repr": "CHE 120 - Forensic Science", "object_id": "52", "change_message": "", "user": 1, "content_type": 26}}, {"pk": 151, "model": "admin.logentry", "fields": {"action_flag": 1, "action_time": "2013-06-11T20:24:07.289Z", "object_repr": "ENS", "object_id": "6", "change_message": "", "user": 1, "content_type": 22}}, {"pk": 152, "model": "admin.logentry", "fields": {"action_flag": 1, "action_time": "2013-06-11T20:24:31.240Z", "object_repr": "ENS 200 - Environment and Society", "object_id": "53", "change_message": "", "user": 1, "content_type": 26}}, {"pk": 153, "model": "admin.logentry", "fields": {"action_flag": 1, "action_time": "2013-06-11T20:25:06.874Z", "object_repr": "ENS 231 - Introduction to Environmental Science", "object_id": "54", "change_message": "", "user": 1, "content_type": 26}}, {"pk": 154, "model": "admin.logentry", "fields": {"action_flag": 1, "action_time": "2013-06-11T20:25:40.652Z", "object_repr": "CHE 100 - Chemistry for Living", "object_id": "55", "change_message": "", "user": 1, "content_type": 26}}, {"pk": 155, "model": "admin.logentry", "fields": {"action_flag": 1, "action_time": "2013-06-11T20:26:14.212Z", "object_repr": "CHE 201 - General, Organic, and Biochemistry I", "object_id": "56", "change_message": "", "user": 1, "content_type": 26}}, {"pk": 156, "model": "admin.logentry", "fields": {"action_flag": 1, "action_time": "2013-06-11T20:26:36.536Z", "object_repr": "CHE 211 - College Chemistry I", "object_id": "57", "change_message": "", "user": 1, "content_type": 26}}, {"pk": 157, "model": "admin.logentry", "fields": {"action_flag": 1, "action_time": "2013-06-11T20:27:09.438Z", "object_repr": "Physics and Engineering", "object_id": "19", "change_message": "", "user": 1, "content_type": 11}}, {"pk": 158, "model": "admin.logentry", "fields": {"action_flag": 1, "action_time": "2013-06-11T20:27:14.857Z", "object_repr": "PHY", "object_id": "7", "change_message": "", "user": 1, "content_type": 22}}, {"pk": 159, "model": "admin.logentry", "fields": {"action_flag": 1, "action_time": "2013-06-11T20:27:46.037Z", "object_repr": "PHY 120 - Experiences in Physical Science", "object_id": "58", "change_message": "", "user": 1, "content_type": 26}}, {"pk": 160, "model": "admin.logentry", "fields": {"action_flag": 1, "action_time": "2013-06-11T20:28:20.912Z", "object_repr": "PHY 203 - General Physics I", "object_id": "59", "change_message": "", "user": 1, "content_type": 26}}, {"pk": 161, "model": "admin.logentry", "fields": {"action_flag": 1, "action_time": "2013-06-11T20:28:48.917Z", "object_repr": "PHY 211 - University Physics I", "object_id": "60", "change_message": "", "user": 1, "content_type": 26}}, {"pk": 162, "model": "admin.logentry", "fields": {"action_flag": 1, "action_time": "2013-06-11T20:29:11.842Z", "object_repr": "ENP", "object_id": "8", "change_message": "", "user": 1, "content_type": 22}}, {"pk": 163, "model": "admin.logentry", "fields": {"action_flag": 1, "action_time": "2013-06-11T20:29:40.753Z", "object_repr": "ENP 345 - Fundamentals of Space Systems", "object_id": "61", "change_message": "", "user": 1, "content_type": 26}}, {"pk": 164, "model": "admin.logentry", "fields": {"action_flag": 1, "action_time": "2013-06-11T20:30:08.525Z", "object_repr": "ENP 241 - Physical Geology", "object_id": "62", "change_message": "", "user": 1, "content_type": 26}}, {"pk": 165, "model": "admin.logentry", "fields": {"action_flag": 1, "action_time": "2013-06-11T20:30:45.207Z", "object_repr": "ENS 241 - Geology of Indiana", "object_id": "63", "change_message": "", "user": 1, "content_type": 26}}, {"pk": 166, "model": "admin.logentry", "fields": {"action_flag": 1, "action_time": "2013-06-11T20:31:10.185Z", "object_repr": "GEO", "object_id": "9", "change_message": "", "user": 1, "content_type": 22}}, {"pk": 167, "model": "admin.logentry", "fields": {"action_flag": 1, "action_time": "2013-06-11T20:31:35.303Z", "object_repr": "GEO 210 - Physical Geography", "object_id": "64", "change_message": "", "user": 1, "content_type": 26}}, {"pk": 168, "model": "admin.logentry", "fields": {"action_flag": 1, "action_time": "2013-06-11T20:32:30.717Z", "object_repr": "GEO 240 - Introduction to Geology", "object_id": "65", "change_message": "", "user": 1, "content_type": 26}}, {"pk": 169, "model": "admin.logentry", "fields": {"action_flag": 1, "action_time": "2013-06-11T20:33:03.184Z", "object_repr": "PHY 201 - Introductory Astronomy", "object_id": "66", "change_message": "", "user": 1, "content_type": 26}}, {"pk": 170, "model": "admin.logentry", "fields": {"action_flag": 1, "action_time": "2013-06-11T20:36:43.683Z", "object_repr": "Life Science Gen Eds", "object_id": "5", "change_message": "", "user": 1, "content_type": 25}}, {"pk": 171, "model": "admin.logentry", "fields": {"action_flag": 1, "action_time": "2013-06-11T20:37:32.424Z", "object_repr": "Physical Science Gen Eds", "object_id": "6", "change_message": "", "user": 1, "content_type": 25}}, {"pk": 172, "model": "admin.logentry", "fields": {"action_flag": 1, "action_time": "2013-06-11T20:38:30.102Z", "object_repr": "Earth Science Gen Eds", "object_id": "7", "change_message": "", "user": 1, "content_type": 25}}, {"pk": 173, "model": "admin.logentry", "fields": {"action_flag": 1, "action_time": "2013-06-11T20:39:58.863Z", "object_repr": "Science Gen Eds", "object_id": "8", "change_message": "", "user": 1, "content_type": 25}}, {"pk": 174, "model": "admin.logentry", "fields": {"action_flag": 2, "action_time": "2013-06-11T20:59:54.630Z", "object_repr": "Science Gen Eds", "object_id": "8", "change_message": "Changed constraints.", "user": 1, "content_type": 25}}, {"pk": 175, "model": "admin.logentry", "fields": {"action_flag": 2, "action_time": "2013-06-11T21:00:03.637Z", "object_repr": "Science Gen Eds", "object_id": "8", "change_message": "Changed constraints.", "user": 1, "content_type": 25}}, {"pk": 176, "model": "admin.logentry", "fields": {"action_flag": 2, "action_time": "2013-06-11T21:00:16.089Z", "object_repr": "Earth Science Gen Eds", "object_id": "7", "change_message": "Changed constraints.", "user": 1, "content_type": 25}}, {"pk": 177, "model": "admin.logentry", "fields": {"action_flag": 2, "action_time": "2013-06-11T21:00:20.656Z", "object_repr": "Physical Science Gen Eds", "object_id": "6", "change_message": "Changed constraints.", "user": 1, "content_type": 25}}, {"pk": 178, "model": "admin.logentry", "fields": {"action_flag": 2, "action_time": "2013-06-11T21:00:25.490Z", "object_repr": "Life Science Gen Eds", "object_id": "5", "change_message": "Changed constraints.", "user": 1, "content_type": 25}}, {"pk": 179, "model": "admin.logentry", "fields": {"action_flag": 2, "action_time": "2013-06-11T21:00:30.061Z", "object_repr": "Earth Science Gen Eds", "object_id": "7", "change_message": "No fields changed.", "user": 1, "content_type": 25}}, {"pk": 180, "model": "admin.logentry", "fields": {"action_flag": 1, "action_time": "2013-06-12T20:00:25.679Z", "object_repr": "All sub_categories need to be satisfied", "object_id": "5", "change_message": "", "user": 1, "content_type": 24}}, {"pk": 181, "model": "admin.logentry", "fields": {"action_flag": 1, "action_time": "2013-06-12T20:01:26.343Z", "object_repr": "Two sub categories satisfied", "object_id": "6", "change_message": "", "user": 1, "content_type": 24}}, {"pk": 182, "model": "admin.logentry", "fields": {"action_flag": 2, "action_time": "2013-06-12T20:02:30.793Z", "object_repr": "Science Gen Eds", "object_id": "8", "change_message": "Changed constraints.", "user": 1, "content_type": 25}}, {"pk": 183, "model": "admin.logentry", "fields": {"action_flag": 1, "action_time": "2013-06-12T22:30:47.732Z", "object_repr": "IAS", "object_id": "10", "change_message": "", "user": 1, "content_type": 22}}, {"pk": 184, "model": "admin.logentry", "fields": {"action_flag": 1, "action_time": "2013-06-12T22:32:40.901Z", "object_repr": "IAS 101 - New Student Orientation", "object_id": "67", "change_message": "", "user": 1, "content_type": 26}}, {"pk": 185, "model": "admin.logentry", "fields": {"action_flag": 1, "action_time": "2013-06-12T22:33:12.321Z", "object_repr": "IAS 110 - Foundations of Christian Thought", "object_id": "68", "change_message": "", "user": 1, "content_type": 26}}, {"pk": 186, "model": "admin.logentry", "fields": {"action_flag": 1, "action_time": "2013-06-12T22:33:27.865Z", "object_repr": "BIB", "object_id": "11", "change_message": "", "user": 1, "content_type": 22}}, {"pk": 187, "model": "admin.logentry", "fields": {"action_flag": 1, "action_time": "2013-06-12T22:33:45.539Z", "object_repr": "BIB 110 - Biblical Literature I", "object_id": "69", "change_message": "", "user": 1, "content_type": 26}}, {"pk": 188, "model": "admin.logentry", "fields": {"action_flag": 1, "action_time": "2013-06-12T22:34:10.843Z", "object_repr": "BIB 210 - Biblical Literature II", "object_id": "70", "change_message": "", "user": 1, "content_type": 26}}, {"pk": 189, "model": "admin.logentry", "fields": {"action_flag": 1, "action_time": "2013-06-12T22:34:37.137Z", "object_repr": "REL", "object_id": "12", "change_message": "", "user": 1, "content_type": 22}}, {"pk": 190, "model": "admin.logentry", "fields": {"action_flag": 1, "action_time": "2013-06-12T22:35:08.027Z", "object_repr": "REL 313 - Historic Christian Belief", "object_id": "71", "change_message": "", "user": 1, "content_type": 26}}, {"pk": 191, "model": "admin.logentry", "fields": {"action_flag": 1, "action_time": "2013-06-12T22:35:31.240Z", "object_repr": "PHI", "object_id": "13", "change_message": "", "user": 1, "content_type": 22}}, {"pk": 192, "model": "admin.logentry", "fields": {"action_flag": 1, "action_time": "2013-06-12T22:36:02.889Z", "object_repr": "PHI 413 - Contemporary Chrisitian Belief", "object_id": "72", "change_message": "", "user": 1, "content_type": 26}}, {"pk": 193, "model": "admin.logentry", "fields": {"action_flag": 1, "action_time": "2013-06-12T22:36:23.824Z", "object_repr": "IAS 495 - Senior Seminar", "object_id": "73", "change_message": "", "user": 1, "content_type": 26}}, {"pk": 194, "model": "admin.logentry", "fields": {"action_flag": 1, "action_time": "2013-06-12T22:37:35.511Z", "object_repr": "Orientation Gen Eds", "object_id": "9", "change_message": "", "user": 1, "content_type": 25}}, {"pk": 195, "model": "admin.logentry", "fields": {"action_flag": 1, "action_time": "2013-06-12T22:38:38.356Z", "object_repr": "Spiritual Foundation Gen Eds", "object_id": "10", "change_message": "", "user": 1, "content_type": 25}}, {"pk": 196, "model": "admin.logentry", "fields": {"action_flag": 1, "action_time": "2013-06-12T22:41:16.595Z", "object_repr": "Physical Education and Human Performance", "object_id": "20", "change_message": "", "user": 1, "content_type": 11}}, {"pk": 197, "model": "admin.logentry", "fields": {"action_flag": 1, "action_time": "2013-06-12T22:41:32.315Z", "object_repr": "PHP", "object_id": "14", "change_message": "", "user": 1, "content_type": 22}}, {"pk": 198, "model": "admin.logentry", "fields": {"action_flag": 1, "action_time": "2013-06-12T22:41:57.241Z", "object_repr": "PHP 100 - Fitness for Life", "object_id": "74", "change_message": "", "user": 1, "content_type": 26}}, {"pk": 199, "model": "admin.logentry", "fields": {"action_flag": 1, "action_time": "2013-06-12T22:42:34.619Z", "object_repr": "PHP 200 - General Physical Education", "object_id": "75", "change_message": "", "user": 1, "content_type": 26}}, {"pk": 200, "model": "admin.logentry", "fields": {"action_flag": 1, "action_time": "2013-06-12T22:43:06.034Z", "object_repr": "PHP 250 - Elementary School Health and Physical Education", "object_id": "76", "change_message": "", "user": 1, "content_type": 26}}, {"pk": 201, "model": "admin.logentry", "fields": {"action_flag": 1, "action_time": "2013-06-12T22:43:39.695Z", "object_repr": "PHP 280 - Exercise Techniques for Physical Fitness", "object_id": "77", "change_message": "", "user": 1, "content_type": 26}}, {"pk": 202, "model": "admin.logentry", "fields": {"action_flag": 1, "action_time": "2013-06-12T22:44:03.175Z", "object_repr": "PHP 300 - Basic Swimming Skills", "object_id": "78", "change_message": "", "user": 1, "content_type": 26}}, {"pk": 203, "model": "admin.logentry", "fields": {"action_flag": 1, "action_time": "2013-06-12T22:44:34.872Z", "object_repr": "PHP 302 - Lifeguard Training ", "object_id": "79", "change_message": "", "user": 1, "content_type": 26}}, {"pk": 204, "model": "admin.logentry", "fields": {"action_flag": 1, "action_time": "2013-06-12T22:45:33.036Z", "object_repr": "PHP 333 - Water Safety Instructor", "object_id": "80", "change_message": "", "user": 1, "content_type": 26}}, {"pk": 205, "model": "admin.logentry", "fields": {"action_flag": 1, "action_time": "2013-06-12T22:46:15.370Z", "object_repr": "PHP 334 - Lifeguard Training Instructor", "object_id": "81", "change_message": "", "user": 1, "content_type": 26}}, {"pk": 206, "model": "admin.logentry", "fields": {"action_flag": 1, "action_time": "2013-06-12T22:46:44.769Z", "object_repr": "PHP 345 - Challenge Course Facilitator Certification", "object_id": "82", "change_message": "", "user": 1, "content_type": 26}}, {"pk": 207, "model": "admin.logentry", "fields": {"action_flag": 1, "action_time": "2013-06-12T22:49:25.009Z", "object_repr": "Stewardship of the Body Gen Eds Sub", "object_id": "11", "change_message": "", "user": 1, "content_type": 25}}, {"pk": 208, "model": "admin.logentry", "fields": {"action_flag": 1, "action_time": "2013-06-12T22:49:30.276Z", "object_repr": "Stewardship of the Body Gen Eds", "object_id": "12", "change_message": "", "user": 1, "content_type": 25}}, {"pk": 209, "model": "admin.logentry", "fields": {"action_flag": 2, "action_time": "2013-06-13T18:07:07.832Z", "object_repr": "COS 120 ", "object_id": "1", "change_message": "Changed constraints.", "user": 1, "content_type": 25}}, {"pk": 210, "model": "admin.logentry", "fields": {"action_flag": 1, "action_time": "2013-06-13T19:16:54.159Z", "object_repr": "HUM", "object_id": "15", "change_message": "", "user": 1, "content_type": 22}}, {"pk": 211, "model": "admin.logentry", "fields": {"action_flag": 1, "action_time": "2013-06-13T19:19:35.460Z", "object_repr": "HUM 230 - Art as an Experience", "object_id": "83", "change_message": "", "user": 1, "content_type": 26}}, {"pk": 212, "model": "admin.logentry", "fields": {"action_flag": 1, "action_time": "2013-06-13T19:19:57.138Z", "object_repr": "HUM 330 - Arts and Ideas", "object_id": "84", "change_message": "", "user": 1, "content_type": 26}}, {"pk": 213, "model": "admin.logentry", "fields": {"action_flag": 1, "action_time": "2013-06-13T19:22:22.535Z", "object_repr": "HUM 250 - Paricipation in the Arts", "object_id": "85", "change_message": "", "user": 1, "content_type": 26}}, {"pk": 214, "model": "admin.logentry", "fields": {"action_flag": 1, "action_time": "2013-06-13T19:22:55.668Z", "object_repr": "MCM", "object_id": "16", "change_message": "", "user": 1, "content_type": 22}}, {"pk": 215, "model": "admin.logentry", "fields": {"action_flag": 1, "action_time": "2013-06-13T19:23:25.206Z", "object_repr": "MCM 332 - Layout and Design", "object_id": "86", "change_message": "", "user": 1, "content_type": 26}}, {"pk": 216, "model": "admin.logentry", "fields": {"action_flag": 1, "action_time": "2013-06-13T19:23:50.829Z", "object_repr": "MUS", "object_id": "17", "change_message": "", "user": 1, "content_type": 22}}, {"pk": 217, "model": "admin.logentry", "fields": {"action_flag": 1, "action_time": "2013-06-13T19:49:34.453Z", "object_repr": "COS 104 - Computing and Culture - Applications and Context", "object_id": "87", "change_message": "", "user": 1, "content_type": 26}}, {"pk": 218, "model": "admin.logentry", "fields": {"action_flag": 1, "action_time": "2013-06-13T19:50:08.249Z", "object_repr": "COS 106 - Computing and Culture - Applications and Context", "object_id": "88", "change_message": "", "user": 1, "content_type": 26}}, {"pk": 219, "model": "admin.logentry", "fields": {"action_flag": 2, "action_time": "2013-06-13T19:50:20.541Z", "object_repr": "COS 104 - Computing and Culture - Applications and Context", "object_id": "87", "change_message": "Changed credit_hours.", "user": 1, "content_type": 26}}, {"pk": 220, "model": "admin.logentry", "fields": {"action_flag": 1, "action_time": "2013-06-13T19:51:01.315Z", "object_repr": "ENG", "object_id": "18", "change_message": "", "user": 1, "content_type": 22}}, {"pk": 221, "model": "admin.logentry", "fields": {"action_flag": 1, "action_time": "2013-06-13T19:51:30.800Z", "object_repr": "ENG 110 - Expository Writing", "object_id": "89", "change_message": "", "user": 1, "content_type": 26}}, {"pk": 222, "model": "admin.logentry", "fields": {"action_flag": 1, "action_time": "2013-06-13T19:54:49.494Z", "object_repr": "CAS", "object_id": "19", "change_message": "", "user": 1, "content_type": 22}}, {"pk": 223, "model": "admin.logentry", "fields": {"action_flag": 1, "action_time": "2013-06-13T19:55:07.407Z", "object_repr": "CAS 110 - Public Speaking", "object_id": "90", "change_message": "", "user": 1, "content_type": 26}}, {"pk": 224, "model": "admin.logentry", "fields": {"action_flag": 1, "action_time": "2013-06-13T19:55:30.988Z", "object_repr": "CAS 120 - Interpersonal Communication", "object_id": "91", "change_message": "", "user": 1, "content_type": 26}}, {"pk": 225, "model": "admin.logentry", "fields": {"action_flag": 2, "action_time": "2013-06-13T19:57:40.349Z", "object_repr": "Stewardship of the Body Gen Eds", "object_id": "12", "change_message": "No fields changed.", "user": 1, "content_type": 25}}, {"pk": 226, "model": "admin.logentry", "fields": {"action_flag": 1, "action_time": "2013-06-13T20:00:23.297Z", "object_repr": "Speaking Gen Ed", "object_id": "13", "change_message": "", "user": 1, "content_type": 25}}, {"pk": 227, "model": "admin.logentry", "fields": {"action_flag": 1, "action_time": "2013-06-13T20:00:55.558Z", "object_repr": "Writing Gen Ed", "object_id": "14", "change_message": "", "user": 1, "content_type": 25}}, {"pk": 228, "model": "admin.logentry", "fields": {"action_flag": 1, "action_time": "2013-06-13T20:03:02.510Z", "object_repr": "MAT 110 - Finite Mathematics", "object_id": "92", "change_message": "", "user": 1, "content_type": 26}}, {"pk": 229, "model": "admin.logentry", "fields": {"action_flag": 1, "action_time": "2013-06-13T20:03:30.509Z", "object_repr": "MAT 120 - Investigations in Mathematics", "object_id": "93", "change_message": "", "user": 1, "content_type": 26}}, {"pk": 230, "model": "admin.logentry", "fields": {"action_flag": 1, "action_time": "2013-06-13T20:04:02.978Z", "object_repr": "MAT 140 - Fundamental Calculus for Applications", "object_id": "94", "change_message": "", "user": 1, "content_type": 26}}, {"pk": 231, "model": "admin.logentry", "fields": {"action_flag": 1, "action_time": "2013-06-13T20:04:27.957Z", "object_repr": "MAT 145 - Introduction to Functions and Calculus", "object_id": "95", "change_message": "", "user": 1, "content_type": 26}}, {"pk": 232, "model": "admin.logentry", "fields": {"action_flag": 1, "action_time": "2013-06-13T20:04:50.711Z", "object_repr": "MAT 180 - Problem Solving", "object_id": "96", "change_message": "", "user": 1, "content_type": 26}}, {"pk": 233, "model": "admin.logentry", "fields": {"action_flag": 1, "action_time": "2013-06-13T20:05:48.168Z", "object_repr": "MAT 210 - Introductory Statistics", "object_id": "97", "change_message": "", "user": 1, "content_type": 26}}, {"pk": 234, "model": "admin.logentry", "fields": {"action_flag": 3, "action_time": "2013-06-13T20:06:18.504Z", "object_repr": "MAT 210 - Introductory Statistics", "object_id": "20", "change_message": "", "user": 1, "content_type": 26}}, {"pk": 235, "model": "admin.logentry", "fields": {"action_flag": 1, "action_time": "2013-06-13T20:06:49.890Z", "object_repr": "MAT 220 - Ways of Knowing", "object_id": "98", "change_message": "", "user": 1, "content_type": 26}}, {"pk": 236, "model": "admin.logentry", "fields": {"action_flag": 1, "action_time": "2013-06-13T20:07:04.259Z", "object_repr": "SOC", "object_id": "20", "change_message": "", "user": 1, "content_type": 22}}, {"pk": 237, "model": "admin.logentry", "fields": {"action_flag": 1, "action_time": "2013-06-13T20:07:40.188Z", "object_repr": "SOC 355 - Applied Social Statistics", "object_id": "99", "change_message": "", "user": 1, "content_type": 26}}, {"pk": 238, "model": "admin.logentry", "fields": {"action_flag": 1, "action_time": "2013-06-13T20:09:45.718Z", "object_repr": "Mathematics Gen Ed", "object_id": "15", "change_message": "", "user": 1, "content_type": 25}}, {"pk": 239, "model": "admin.logentry", "fields": {"action_flag": 1, "action_time": "2013-06-13T20:10:20.607Z", "object_repr": "Computer Science Gen Eds", "object_id": "16", "change_message": "", "user": 1, "content_type": 25}}, {"pk": 240, "model": "admin.logentry", "fields": {"action_flag": 1, "action_time": "2013-06-13T20:21:18.166Z", "object_repr": "ENG 230 - World Literature", "object_id": "100", "change_message": "", "user": 1, "content_type": 26}}, {"pk": 241, "model": "admin.logentry", "fields": {"action_flag": 1, "action_time": "2013-06-13T20:21:40.911Z", "object_repr": "ENG 240 - American Literature", "object_id": "101", "change_message": "", "user": 1, "content_type": 26}}, {"pk": 242, "model": "admin.logentry", "fields": {"action_flag": 1, "action_time": "2013-06-13T20:21:59.054Z", "object_repr": "ENG 250 - British Literature", "object_id": "102", "change_message": "", "user": 1, "content_type": 26}}, {"pk": 243, "model": "admin.logentry", "fields": {"action_flag": 1, "action_time": "2013-06-13T20:22:19.844Z", "object_repr": "CAT", "object_id": "21", "change_message": "", "user": 1, "content_type": 22}}, {"pk": 244, "model": "admin.logentry", "fields": {"action_flag": 1, "action_time": "2013-06-13T20:22:40.928Z", "object_repr": "CAT 200 - Performing Literature", "object_id": "103", "change_message": "", "user": 1, "content_type": 26}}, {"pk": 245, "model": "admin.logentry", "fields": {"action_flag": 1, "action_time": "2013-06-13T20:24:55.165Z", "object_repr": "Literature Gen Eds", "object_id": "17", "change_message": "", "user": 1, "content_type": 25}}, {"pk": 246, "model": "admin.logentry", "fields": {"action_flag": 2, "action_time": "2013-06-13T20:25:04.147Z", "object_repr": "Literature Gen Eds", "object_id": "17", "change_message": "No fields changed.", "user": 1, "content_type": 25}}, {"pk": 247, "model": "admin.logentry", "fields": {"action_flag": 1, "action_time": "2013-06-13T20:26:06.340Z", "object_repr": "ECO", "object_id": "22", "change_message": "", "user": 1, "content_type": 22}}, {"pk": 248, "model": "admin.logentry", "fields": {"action_flag": 1, "action_time": "2013-06-13T20:26:34.919Z", "object_repr": "ECO 190 - Issues in Economics", "object_id": "104", "change_message": "", "user": 1, "content_type": 26}}, {"pk": 249, "model": "admin.logentry", "fields": {"action_flag": 1, "action_time": "2013-06-13T20:54:12.118Z", "object_repr": "HIS", "object_id": "23", "change_message": "", "user": 1, "content_type": 22}}, {"pk": 250, "model": "admin.logentry", "fields": {"action_flag": 1, "action_time": "2013-06-13T20:54:33.079Z", "object_repr": "POS", "object_id": "24", "change_message": "", "user": 1, "content_type": 22}}, {"pk": 251, "model": "admin.logentry", "fields": {"action_flag": 2, "action_time": "2013-06-13T20:54:39.454Z", "object_repr": "POS", "object_id": "24", "change_message": "Changed department.", "user": 1, "content_type": 22}}, {"pk": 252, "model": "admin.logentry", "fields": {"action_flag": 1, "action_time": "2013-06-13T20:56:33.086Z", "object_repr": "PSY", "object_id": "25", "change_message": "", "user": 1, "content_type": 22}}, {"pk": 253, "model": "admin.logentry", "fields": {"action_flag": 1, "action_time": "2013-06-13T20:56:47.153Z", "object_repr": "SWK", "object_id": "26", "change_message": "", "user": 1, "content_type": 22}}, {"pk": 254, "model": "admin.logentry", "fields": {"action_flag": 1, "action_time": "2013-06-14T19:28:36.832Z", "object_repr": "Civic Engagement Gen Eds", "object_id": "18", "change_message": "", "user": 1, "content_type": 25}}, {"pk": 255, "model": "admin.logentry", "fields": {"action_flag": 2, "action_time": "2013-06-14T19:29:09.146Z", "object_repr": "Civic Engagement Gen Eds", "object_id": "18", "change_message": "No fields changed.", "user": 1, "content_type": 25}}, {"pk": 256, "model": "admin.logentry", "fields": {"action_flag": 1, "action_time": "2013-06-14T19:31:26.305Z", "object_repr": "General Social Science Gen Eds", "object_id": "19", "change_message": "", "user": 1, "content_type": 25}}, {"pk": 257, "model": "admin.logentry", "fields": {"action_flag": 1, "action_time": "2013-06-14T19:32:32.013Z", "object_repr": "Social Science Gen Eds", "object_id": "20", "change_message": "", "user": 1, "content_type": 25}}, {"pk": 258, "model": "admin.logentry", "fields": {"action_flag": 1, "action_time": "2013-06-14T19:43:29.346Z", "object_repr": "Courses Must be From Two Different Departments", "object_id": "7", "change_message": "", "user": 1, "content_type": 24}}, {"pk": 259, "model": "admin.logentry", "fields": {"action_flag": 2, "action_time": "2013-06-14T19:43:55.467Z", "object_repr": "Social Science Gen Eds", "object_id": "20", "change_message": "Changed constraints.", "user": 1, "content_type": 25}}, {"pk": 1, "model": "planner.person", "fields": {"first_name": "Professor", "last_name": "X", "work_phone": "", "photo": "", "created_at": "2013-06-04T20:36:40.160Z", "updated_at": "2013-06-04T20:36:40.160Z", "home_phone": "", "cell_phone": "", "nickname": ""}}, {"pk": 2, "model": "planner.person", "fields": {"first_name": "John", "last_name": "Doe", "work_phone": "", "photo": "", "created_at": "2013-06-05T17:02:52.054Z", "updated_at": "2013-06-05T17:02:52.054Z", "home_phone": "", "cell_phone": "", "nickname": ""}}, {"pk": 1, "model": "planner.university", "fields": {"url": "http://www.taylor.edu/", "created_at": "2013-06-04T19:39:37.002Z", "updated_at": "2013-06-04T19:39:37.002Z", "name": "Taylor University"}}, {"pk": 1, "model": "planner.school", "fields": {"university": 1, "created_at": "2013-06-04T19:49:22.863Z", "dean": null, "updated_at": "2013-06-04T19:49:22.863Z", "name": "Natural and Applied Sciences"}}, {"pk": 2, "model": "planner.school", "fields": {"university": 1, "created_at": "2013-06-10T17:13:25.341Z", "dean": null, "updated_at": "2013-06-10T17:13:25.341Z", "name": "Liberal Arts"}}, {"pk": 3, "model": "planner.school", "fields": {"university": 1, "created_at": "2013-06-10T17:13:38.098Z", "dean": null, "updated_at": "2013-06-10T17:13:38.098Z", "name": "Business"}}, {"pk": 4, "model": "planner.school", "fields": {"university": 1, "created_at": "2013-06-10T17:13:53.455Z", "dean": null, "updated_at": "2013-06-10T17:13:53.455Z", "name": "Professional Studies"}}, {"pk": 1, "model": "planner.department", "fields": {"abbrev": "CSE", "chair": null, "name": "Computer Science and Engineering", "school": 1}}, {"pk": 2, "model": "planner.department", "fields": {"abbrev": "Biology", "chair": null, "name": "Biology", "school": 1}}, {"pk": 3, "model": "planner.department", "fields": {"abbrev": "ART", "chair": null, "name": "Art", "school": 2}}, {"pk": 4, "model": "planner.department", "fields": {"abbrev": "BIB", "chair": null, "name": "Biblical Studies", "school": 2}}, {"pk": 5, "model": "planner.department", "fields": {"abbrev": "CEM", "chair": null, "name": "Christian Educational Ministries", "school": 2}}, {"pk": 6, "model": "planner.department", "fields": {"abbrev": "COM", "chair": null, "name": "Communication", "school": 2}}, {"pk": 7, "model": "planner.department", "fields": {"abbrev": "ENG", "chair": null, "name": "English", "school": 2}}, {"pk": 8, "model": "planner.department", "fields": {"abbrev": "GEO", "chair": null, "name": "Geography", "school": 2}}, {"pk": 9, "model": "planner.department", "fields": {"abbrev": "MCM", "chair": null, "name": "Media Communication", "school": 2}}, {"pk": 10, "model": "planner.department", "fields": {"abbrev": "MUS", "chair": null, "name": "Music", "school": 2}}, {"pk": 11, "model": "planner.department", "fields": {"abbrev": "PHI", "chair": null, "name": "Philosophy", "school": 2}}, {"pk": 12, "model": "planner.department", "fields": {"abbrev": "POS", "chair": null, "name": "Political Science", "school": 2}}, {"pk": 13, "model": "planner.department", "fields": {"abbrev": "PSY", "chair": null, "name": "Psychology", "school": 2}}, {"pk": 14, "model": "planner.department", "fields": {"abbrev": "SOC", "chair": null, "name": "Sociology", "school": 2}}, {"pk": 15, "model": "planner.department", "fields": {"abbrev": "CHE", "chair": null, "name": "Chemistry and Biochemistry", "school": 1}}, {"pk": 16, "model": "planner.department", "fields": {"abbrev": "EES", "chair": null, "name": "Earth and Environmental Science", "school": 1}}, {"pk": 17, "model": "planner.department", "fields": {"abbrev": "MAT", "chair": null, "name": "Mathematics", "school": 1}}, {"pk": 18, "model": "planner.department", "fields": {"abbrev": "MDL", "chair": null, "name": "Modern Languages", "school": 2}}, {"pk": 19, "model": "planner.department", "fields": {"abbrev": "", "chair": null, "name": "Physics and Engineering", "school": 1}}, {"pk": 20, "model": "planner.department", "fields": {"abbrev": "PHP", "chair": null, "name": "Physical Education and Human Performance", "school": 4}}, {"pk": 1, "model": "planner.major", "fields": {"department": 1, "name": "Computer Science (BS)"}}, {"pk": 1, "model": "planner.minor", "fields": {"department": 1, "name": "Computer Science"}}, {"pk": 1, "model": "planner.facultymember", "fields": {"department": 1, "university": 1, "faculty_id": "1", "rank": "Full"}}, {"pk": 1, "model": "planner.academicyear", "fields": {"end_on": "2013-08-18", "begin_on": "2012-08-27"}}, {"pk": 2, "model": "planner.academicyear", "fields": {"end_on": "2012-08-26", "begin_on": "2011-08-29"}}, {"pk": 1, "model": "planner.semestername", "fields": {"name": "Fall", "seq": 10}}, {"pk": 2, "model": "planner.semestername", "fields": {"name": "J-Term", "seq": 20}}, {"pk": 3, "model": "planner.semestername", "fields": {"name": "Spring", "seq": 30}}, {"pk": 4, "model": "planner.semestername", "fields": {"name": "Summer", "seq": 40}}, {"pk": 1, "model": "planner.subject", "fields": {"department": 1, "abbrev": "COS", "created_at": "2013-06-04T20:21:31.584Z", "updated_at": "2013-06-04T20:21:31.584Z", "name": "Computer Science"}}, {"pk": 2, "model": "planner.subject", "fields": {"department": 2, "abbrev": "BIO", "created_at": "2013-06-06T20:38:00.273Z", "updated_at": "2013-06-06T20:38:00.273Z", "name": "Biology"}}, {"pk": 3, "model": "planner.subject", "fields": {"department": 17, "abbrev": "MAT", "created_at": "2013-06-10T19:04:01.140Z", "updated_at": "2013-06-10T19:04:01.140Z", "name": "Mathematics"}}, {"pk": 4, "model": "planner.subject", "fields": {"department": 1, "abbrev": "SYS", "created_at": "2013-06-10T19:10:20.354Z", "updated_at": "2013-06-10T19:10:20.354Z", "name": "Systems"}}, {"pk": 5, "model": "planner.subject", "fields": {"department": 15, "abbrev": "CHE", "created_at": "2013-06-11T20:23:23.525Z", "updated_at": "2013-06-11T20:23:23.525Z", "name": "Chemistry"}}, {"pk": 6, "model": "planner.subject", "fields": {"department": 16, "abbrev": "ENS", "created_at": "2013-06-11T20:24:07.283Z", "updated_at": "2013-06-11T20:24:07.283Z", "name": "Environmental Science"}}, {"pk": 7, "model": "planner.subject", "fields": {"department": 19, "abbrev": "PHY", "created_at": "2013-06-11T20:27:14.852Z", "updated_at": "2013-06-11T20:27:14.852Z", "name": "Physics"}}, {"pk": 8, "model": "planner.subject", "fields": {"department": 19, "abbrev": "ENP", "created_at": "2013-06-11T20:29:11.836Z", "updated_at": "2013-06-11T20:29:11.836Z", "name": "Engineering"}}, {"pk": 9, "model": "planner.subject", "fields": {"department": 16, "abbrev": "GEO", "created_at": "2013-06-11T20:31:10.179Z", "updated_at": "2013-06-11T20:31:10.179Z", "name": "Geology"}}, {"pk": 10, "model": "planner.subject", "fields": {"department": null, "abbrev": "IAS", "created_at": "2013-06-12T22:30:47.726Z", "updated_at": "2013-06-12T22:30:47.726Z", "name": "Interarea Studies"}}, {"pk": 11, "model": "planner.subject", "fields": {"department": 4, "abbrev": "BIB", "created_at": "2013-06-12T22:33:27.860Z", "updated_at": "2013-06-12T22:33:27.860Z", "name": "Biblical Studies"}}, {"pk": 12, "model": "planner.subject", "fields": {"department": 4, "abbrev": "REL", "created_at": "2013-06-12T22:34:37.131Z", "updated_at": "2013-06-12T22:34:37.131Z", "name": "Religion"}}, {"pk": 13, "model": "planner.subject", "fields": {"department": 11, "abbrev": "PHI", "created_at": "2013-06-12T22:35:31.234Z", "updated_at": "2013-06-12T22:35:31.234Z", "name": "Philosophy"}}, {"pk": 14, "model": "planner.subject", "fields": {"department": 20, "abbrev": "PHP", "created_at": "2013-06-12T22:41:32.309Z", "updated_at": "2013-06-12T22:41:32.309Z", "name": "Physical Education and Human Performance"}}, {"pk": 15, "model": "planner.subject", "fields": {"department": null, "abbrev": "HUM", "created_at": "2013-06-13T19:16:54.153Z", "updated_at": "2013-06-13T19:16:54.153Z", "name": "Humanities"}}, {"pk": 16, "model": "planner.subject", "fields": {"department": 9, "abbrev": "MCM", "created_at": "2013-06-13T19:22:55.661Z", "updated_at": "2013-06-13T19:22:55.661Z", "name": "332"}}, {"pk": 17, "model": "planner.subject", "fields": {"department": 10, "abbrev": "MUS", "created_at": "2013-06-13T19:23:50.823Z", "updated_at": "2013-06-13T19:23:50.823Z", "name": "Music"}}, {"pk": 18, "model": "planner.subject", "fields": {"department": 7, "abbrev": "ENG", "created_at": "2013-06-13T19:51:01.309Z", "updated_at": "2013-06-13T19:51:01.309Z", "name": "English"}}, {"pk": 19, "model": "planner.subject", "fields": {"department": 6, "abbrev": "CAS", "created_at": "2013-06-13T19:54:49.485Z", "updated_at": "2013-06-13T19:54:49.485Z", "name": "Communication Studies"}}, {"pk": 20, "model": "planner.subject", "fields": {"department": 14, "abbrev": "SOC", "created_at": "2013-06-13T20:07:04.253Z", "updated_at": "2013-06-13T20:07:04.253Z", "name": "Sociology"}}, {"pk": 21, "model": "planner.subject", "fields": {"department": null, "abbrev": "CAT", "created_at": "2013-06-13T20:22:19.838Z", "updated_at": "2013-06-13T20:22:19.838Z", "name": "Communication Arts"}}, {"pk": 22, "model": "planner.subject", "fields": {"department": null, "abbrev": "ECO", "created_at": "2013-06-13T20:26:06.333Z", "updated_at": "2013-06-13T20:26:06.333Z", "name": "Economics"}}, {"pk": 23, "model": "planner.subject", "fields": {"department": null, "abbrev": "HIS", "created_at": "2013-06-13T20:54:12.111Z", "updated_at": "2013-06-13T20:54:12.111Z", "name": "History"}}, {"pk": 24, "model": "planner.subject", "fields": {"department": 12, "abbrev": "POS", "created_at": "2013-06-13T20:54:33.073Z", "updated_at": "2013-06-13T20:54:39.447Z", "name": "Political Science"}}, {"pk": 25, "model": "planner.subject", "fields": {"department": 13, "abbrev": "PSY", "created_at": "2013-06-13T20:56:33.080Z", "updated_at": "2013-06-13T20:56:33.080Z", "name": "Psychology"}}, {"pk": 26, "model": "planner.subject", "fields": {"department": null, "abbrev": "SWK", "created_at": "2013-06-13T20:56:47.147Z", "updated_at": "2013-06-13T20:56:47.147Z", "name": "Social Work"}}, {"pk": 1, "model": "planner.courseattribute", "fields": {"abbrev": "SP", "created_at": "2013-06-04T20:26:04.492Z", "updated_at": "2013-06-04T20:26:04.492Z", "name": "Speaking"}}, {"pk": 2, "model": "planner.courseattribute", "fields": {"abbrev": "CC", "created_at": "2013-06-04T20:26:14.871Z", "updated_at": "2013-06-04T20:26:14.871Z", "name": "Cross Cultural"}}, {"pk": 3, "model": "planner.courseattribute", "fields": {"abbrev": "WR", "created_at": "2013-06-04T20:26:23.753Z", "updated_at": "2013-06-04T20:26:23.753Z", "name": "Writing"}}, {"pk": 1, "model": "planner.constraint", "fields": {"constraint_text": "any", "name": "Any - When any of the courses will meet requirements"}}, {"pk": 2, "model": "planner.constraint", "fields": {"constraint_text": "all", "name": "All - when all courses are requried"}}, {"pk": 3, "model": "planner.constraint", "fields": {"constraint_text": "meet_some at_least 2", "name": "Two of the Following"}}, {"pk": 4, "model": "planner.constraint", "fields": {"constraint_text": "min_required_credit_hours at_least 7", "name": "Need Seven Credit Hours"}}, {"pk": 5, "model": "planner.constraint", "fields": {"constraint_text": "all_sub_categories_satisfied", "name": "All sub_categories need to be satisfied"}}, {"pk": 6, "model": "planner.constraint", "fields": {"constraint_text": "satisfy_some_sub_categories at_least 2", "name": "Two sub categories satisfied"}}, {"pk": 7, "model": "planner.constraint", "fields": {"constraint_text": "different_departments at_least 2", "name": "Courses Must be From Two Different Departments"}}, {"pk": 1, "model": "planner.requirement", "fields": {"courses": [4], "requirements": [], "display_name": "COS 120", "name": "COS 120 ", "constraints": [2]}}, {"pk": 2, "model": "planner.requirement", "fields": {"courses": [10, 25, 11, 40, 26, 27, 41, 42, 32, 22, 12, 23, 28, 29, 13, 24, 14, 15, 43, 44, 16], "requirements": [], "display_name": "Any COS 300 ", "name": "Any COS 300", "constraints": [1]}}, {"pk": 3, "model": "planner.requirement", "fields": {"courses": [6], "requirements": [], "display_name": "COS 143", "name": "COS 143", "constraints": [2]}}, {"pk": 4, "model": "planner.requirement", "fields": {"courses": [11, 12, 13], "requirements": [], "display_name": "CS Theory Courses", "name": "CS Theory Courses", "constraints": [3]}}, {"pk": 5, "model": "planner.requirement", "fields": {"courses": [1, 2, 46, 47, 48, 49, 50, 51, 52, 53, 54], "requirements": [], "display_name": "Life Science Gen Eds", "name": "Life Science Gen Eds", "constraints": [1]}}, {"pk": 6, "model": "planner.requirement", "fields": {"courses": [55, 52, 56, 57, 58, 59, 60], "requirements": [], "display_name": "Physical Science Gen Eds", "name": "Physical Science Gen Eds", "constraints": [1]}}, {"pk": 7, "model": "planner.requirement", "fields": {"courses": [62, 61, 64, 65, 66], "requirements": [], "display_name": "Earth Science Gen Eds", "name": "Earth Science Gen Eds", "constraints": [1]}}, {"pk": 8, "model": "planner.requirement", "fields": {"courses": [], "requirements": [7, 5, 6], "display_name": "Science Gen Eds", "name": "Science Gen Eds", "constraints": [4, 6]}}, {"pk": 9, "model": "planner.requirement", "fields": {"courses": [67], "requirements": [], "display_name": "Orientation Gen Eds", "name": "Orientation Gen Eds", "constraints": [2]}}, {"pk": 10, "model": "planner.requirement", "fields": {"courses": [69, 70, 68, 73, 72, 71], "requirements": [], "display_name": "Spiritual Foundation Gen Eds", "name": "Spiritual Foundation Gen Eds", "constraints": [2]}}, {"pk": 11, "model": "planner.requirement", "fields": {"courses": [75, 76, 77, 78, 79, 80, 81, 82], "requirements": [], "display_name": "Stewardship of the Body Gen Eds Sub", "name": "Stewardship of the Body Gen Eds Sub", "constraints": [1]}}, {"pk": 12, "model": "planner.requirement", "fields": {"courses": [74], "requirements": [11], "display_name": "Stewardship of the Body Gen Eds", "name": "Stewardship of the Body Gen Eds", "constraints": [2, 5]}}, {"pk": 13, "model": "planner.requirement", "fields": {"courses": [90, 91], "requirements": [], "display_name": "Speaking Gen Ed", "name": "Speaking Gen Ed", "constraints": [1]}}, {"pk": 14, "model": "planner.requirement", "fields": {"courses": [89], "requirements": [], "display_name": "Writing Gen Ed", "name": "Writing Gen Ed", "constraints": [2]}}, {"pk": 15, "model": "planner.requirement", "fields": {"courses": [92, 93, 94, 95, 17, 96, 97, 98, 99], "requirements": [], "display_name": "Mathematics Gen Ed", "name": "Mathematics Gen Ed", "constraints": [1]}}, {"pk": 16, "model": "planner.requirement", "fields": {"courses": [87, 88], "requirements": [], "display_name": "Computer Science Gen Eds", "name": "Computer Science Gen Eds", "constraints": [1]}}, {"pk": 17, "model": "planner.requirement", "fields": {"courses": [103, 100, 101, 102], "requirements": [], "display_name": "Literature Gen Eds", "name": "Literature Gen Eds", "constraints": [1]}}, {"pk": 18, "model": "planner.requirement", "fields": {"courses": [104, 106, 107, 108, 109, 110, 111, 112, 113, 114, 115, 116, 117, 118, 119, 120, 121], "requirements": [], "display_name": "Civic Engagement Gen Eds", "name": "Civic Engagement Gen Eds", "constraints": [1]}}, {"pk": 19, "model": "planner.requirement", "fields": {"courses": [122, 123, 124, 125, 126, 127, 128, 129, 130, 131, 132, 133, 134, 135, 136, 137, 138, 139, 140], "requirements": [], "display_name": "General Social Science Gen Eds", "name": "General Social Science Gen Eds", "constraints": []}}, {"pk": 20, "model": "planner.requirement", "fields": {"courses": [], "requirements": [18, 19], "display_name": "Social Science Gen Eds", "name": "Social Science Gen Eds", "constraints": [5, 7]}}, {"pk": 1, "model": "planner.course", "fields": {"credit_hours": 4, "title": "General Biology", "created_at": "2013-06-06T20:38:24.031Z", "number": "100", "updated_at": "2013-06-10T19:31:12.491Z", "schedule_semester": [1, 3], "prereqs": [], "schedule_year": "B", "attributes": [], "coreqs": [], "subject": 2}}, {"pk": 2, "model": "planner.course", "fields": {"credit_hours": 4, "title": "Principles of Cell Biology", "created_at": "2013-06-06T20:39:09.347Z", "number": "101", "updated_at": "2013-06-10T19:30:49.028Z", "schedule_semester": [1, 3], "prereqs": [], "schedule_year": "B", "attributes": [], "coreqs": [], "subject": 2}}, {"pk": 3, "model": "planner.course", "fields": {"credit_hours": 3, "title": "Current Literature Survey", "created_at": "2013-06-10T18:59:49.706Z", "number": "310", "updated_at": "2013-06-11T19:30:48.301Z", "schedule_semester": [1], "prereqs": [2], "schedule_year": "B", "attributes": [], "coreqs": [], "subject": 1}}, {"pk": 4, "model": "planner.course", "fields": {"credit_hours": 4, "title": "Introduction to Computational Problem Solving", "created_at": "2013-06-10T19:01:22.908Z", "number": "120", "updated_at": "2013-06-10T19:01:22.908Z", "schedule_semester": [1, 3], "prereqs": [], "schedule_year": "B", "attributes": [], "coreqs": [], "subject": 1}}, {"pk": 5, "model": "planner.course", "fields": {"credit_hours": 4, "title": "Foundations of Computer Science", "created_at": "2013-06-10T19:01:58.957Z", "number": "121", "updated_at": "2013-06-11T15:44:15.556Z", "schedule_semester": [1, 3], "prereqs": [1], "schedule_year": "B", "attributes": [], "coreqs": [], "subject": 1}}, {"pk": 6, "model": "planner.course", "fields": {"credit_hours": 3, "title": "Interactive Web Page Development", "created_at": "2013-06-10T19:02:17.287Z", "number": "143", "updated_at": "2013-06-10T19:05:15.082Z", "schedule_semester": [3], "prereqs": [], "schedule_year": "B", "attributes": [], "coreqs": [], "subject": 1}}, {"pk": 7, "model": "planner.course", "fields": {"credit_hours": 3, "title": "Multi-tier Web Application Development", "created_at": "2013-06-10T19:02:45.895Z", "number": "243", "updated_at": "2013-06-10T19:02:45.895Z", "schedule_semester": [1], "prereqs": [], "schedule_year": "B", "attributes": [], "coreqs": [], "subject": 1}}, {"pk": 8, "model": "planner.course", "fields": {"credit_hours": 3, "title": "Data Structures and Algorithms", "created_at": "2013-06-10T19:04:29.277Z", "number": "265", "updated_at": "2013-06-10T19:04:29.277Z", "schedule_semester": [1], "prereqs": [], "schedule_year": "B", "attributes": [], "coreqs": [], "subject": 1}}, {"pk": 9, "model": "planner.course", "fields": {"credit_hours": 3, "title": "Introduction to Computer Systems", "created_at": "2013-06-10T19:04:50.258Z", "number": "284", "updated_at": "2013-06-10T19:04:50.258Z", "schedule_semester": [3], "prereqs": [], "schedule_year": "B", "attributes": [], "coreqs": [], "subject": 1}}, {"pk": 10, "model": "planner.course", "fields": {"credit_hours": 2, "title": "Ethics in Computer Science", "created_at": "2013-06-10T19:05:53.300Z", "number": "311", "updated_at": "2013-06-10T19:05:53.300Z", "schedule_semester": [1, 2], "prereqs": [], "schedule_year": "B", "attributes": [], "coreqs": [], "subject": 1}}, {"pk": 11, "model": "planner.course", "fields": {"credit_hours": 3, "title": "Algorithm Design", "created_at": "2013-06-10T19:06:36.746Z", "number": "320", "updated_at": "2013-06-10T19:06:36.746Z", "schedule_semester": [3], "prereqs": [], "schedule_year": "E", "attributes": [], "coreqs": [], "subject": 1}}, {"pk": 12, "model": "planner.course", "fields": {"credit_hours": 3, "title": "Language Structures", "created_at": "2013-06-10T19:06:56.439Z", "number": "382", "updated_at": "2013-06-10T19:06:56.439Z", "schedule_semester": [3], "prereqs": [], "schedule_year": "O", "attributes": [], "coreqs": [], "subject": 1}}, {"pk": 13, "model": "planner.course", "fields": {"credit_hours": 3, "title": "Theory of Computation", "created_at": "2013-06-10T19:07:24.787Z", "number": "435", "updated_at": "2013-06-10T19:07:24.787Z", "schedule_semester": [1], "prereqs": [], "schedule_year": "E", "attributes": [], "coreqs": [], "subject": 1}}, {"pk": 14, "model": "planner.course", "fields": {"credit_hours": 3, "title": "Research I", "created_at": "2013-06-10T19:07:46.200Z", "number": "452", "updated_at": "2013-06-10T19:31:00.457Z", "schedule_semester": [1, 2, 3], "prereqs": [], "schedule_year": "B", "attributes": [], "coreqs": [], "subject": 1}}, {"pk": 15, "model": "planner.course", "fields": {"credit_hours": 3, "title": "Research II", "created_at": "2013-06-10T19:08:06.063Z", "number": "453", "updated_at": "2013-06-10T19:08:06.063Z", "schedule_semester": [1, 2, 3], "prereqs": [], "schedule_year": "B", "attributes": [], "coreqs": [], "subject": 1}}, {"pk": 16, "model": "planner.course", "fields": {"credit_hours": 1, "title": "Computer Science Senior Capstone", "created_at": "2013-06-10T19:09:03.005Z", "number": "493", "updated_at": "2013-06-10T19:09:03.005Z", "schedule_semester": [2], "prereqs": [], "schedule_year": "B", "attributes": [], "coreqs": [], "subject": 1}}, {"pk": 17, "model": "planner.course", "fields": {"credit_hours": 4, "title": "Calculus I", "created_at": "2013-06-10T19:09:33.450Z", "number": "151", "updated_at": "2013-06-10T19:09:33.450Z", "schedule_semester": [1, 3], "prereqs": [], "schedule_year": "B", "attributes": [], "coreqs": [], "subject": 3}}, {"pk": 18, "model": "planner.course", "fields": {"credit_hours": 3, "title": "Discrete Mathematics for Computer Science", "created_at": "2013-06-10T19:10:03.763Z", "number": "215", "updated_at": "2013-06-10T19:10:03.763Z", "schedule_semester": [1], "prereqs": [], "schedule_year": "B", "attributes": [], "coreqs": [], "subject": 3}}, {"pk": 19, "model": "planner.course", "fields": {"credit_hours": 3, "title": "Introduction to Systems", "created_at": "2013-06-10T19:10:49.987Z", "number": "101", "updated_at": "2013-06-10T19:10:49.987Z", "schedule_semester": [1, 3], "prereqs": [], "schedule_year": "B", "attributes": [], "coreqs": [], "subject": 4}}, {"pk": 21, "model": "planner.course", "fields": {"credit_hours": 4, "title": "Mathematical Statistics", "created_at": "2013-06-10T19:11:47.499Z", "number": "352", "updated_at": "2013-06-10T19:11:47.499Z", "schedule_semester": [3], "prereqs": [], "schedule_year": "B", "attributes": [], "coreqs": [], "subject": 3}}, {"pk": 22, "model": "planner.course", "fields": {"credit_hours": 3, "title": "Computer Architecture", "created_at": "2013-06-10T19:12:31.086Z", "number": "381", "updated_at": "2013-06-10T19:12:31.086Z", "schedule_semester": [1], "prereqs": [], "schedule_year": "B", "attributes": [], "coreqs": [], "subject": 1}}, {"pk": 23, "model": "planner.course", "fields": {"credit_hours": 3, "title": "Operating Systems", "created_at": "2013-06-10T19:12:56.465Z", "number": "421", "updated_at": "2013-06-10T19:12:56.465Z", "schedule_semester": [3], "prereqs": [], "schedule_year": "O", "attributes": [], "coreqs": [], "subject": 1}}, {"pk": 24, "model": "planner.course", "fields": {"credit_hours": 3, "title": "Distributed Processing", "created_at": "2013-06-10T19:13:36.293Z", "number": "436", "updated_at": "2013-06-10T19:13:36.293Z", "schedule_semester": [1, 3], "prereqs": [], "schedule_year": "B", "attributes": [], "coreqs": [], "subject": 1}}, {"pk": 25, "model": "planner.course", "fields": {"credit_hours": 3, "title": "Human Computer Interaction", "created_at": "2013-06-10T19:14:02.703Z", "number": "314", "updated_at": "2013-06-10T19:14:02.703Z", "schedule_semester": [3], "prereqs": [], "schedule_year": "B", "attributes": [], "coreqs": [], "subject": 1}}, {"pk": 26, "model": "planner.course", "fields": {"credit_hours": 3, "title": "Computer Graphics", "created_at": "2013-06-10T19:14:26.743Z", "number": "350", "updated_at": "2013-06-10T19:14:26.743Z", "schedule_semester": [1], "prereqs": [], "schedule_year": "B", "attributes": [], "coreqs": [], "subject": 1}}, {"pk": 27, "model": "planner.course", "fields": {"credit_hours": 3, "title": "Computer Vision", "created_at": "2013-06-10T19:14:49.769Z", "number": "351", "updated_at": "2013-06-10T19:14:49.769Z", "schedule_semester": [3], "prereqs": [], "schedule_year": "E", "attributes": [], "coreqs": [], "subject": 1}}, {"pk": 28, "model": "planner.course", "fields": {"credit_hours": 3, "title": "Surfaces and Modeling", "created_at": "2013-06-10T19:15:19.277Z", "number": "424", "updated_at": "2013-06-10T19:15:19.277Z", "schedule_semester": [3], "prereqs": [], "schedule_year": "O", "attributes": [], "coreqs": [], "subject": 1}}, {"pk": 29, "model": "planner.course", "fields": {"credit_hours": 3, "title": "Animation", "created_at": "2013-06-10T19:15:40.517Z", "number": "425", "updated_at": "2013-06-10T19:15:40.517Z", "schedule_semester": [3], "prereqs": [], "schedule_year": "O", "attributes": [], "coreqs": [], "subject": 1}}, {"pk": 30, "model": "planner.course", "fields": {"credit_hours": 3, "title": "Principles of Human Computer Interaction", "created_at": "2013-06-10T19:16:09.863Z", "number": "214", "updated_at": "2013-06-10T19:16:09.863Z", "schedule_semester": [1, 3], "prereqs": [], "schedule_year": "B", "attributes": [], "coreqs": [], "subject": 4}}, {"pk": 31, "model": "planner.course", "fields": {"credit_hours": 3, "title": "Introduction to Artificial Intelligence", "created_at": "2013-06-10T19:16:32.853Z", "number": "280", "updated_at": "2013-06-10T19:16:32.853Z", "schedule_semester": [3], "prereqs": [], "schedule_year": "B", "attributes": [], "coreqs": [], "subject": 1}}, {"pk": 32, "model": "planner.course", "fields": {"credit_hours": 3, "title": "Natural Language Processing", "created_at": "2013-06-10T19:17:05.349Z", "number": "380", "updated_at": "2013-06-10T19:17:05.349Z", "schedule_semester": [3], "prereqs": [], "schedule_year": "O", "attributes": [], "coreqs": [], "subject": 1}}, {"pk": 33, "model": "planner.course", "fields": {"credit_hours": 3, "title": "Knowledge Based Systems", "created_at": "2013-06-10T19:18:05.564Z", "number": "352", "updated_at": "2013-06-10T19:18:05.564Z", "schedule_semester": [3], "prereqs": [], "schedule_year": "E", "attributes": [], "coreqs": [], "subject": 4}}, {"pk": 34, "model": "planner.course", "fields": {"credit_hours": 3, "title": "Machine Learning", "created_at": "2013-06-10T19:18:30.176Z", "number": "411", "updated_at": "2013-06-10T19:18:30.177Z", "schedule_semester": [3], "prereqs": [], "schedule_year": "E", "attributes": [], "coreqs": [], "subject": 4}}, {"pk": 35, "model": "planner.course", "fields": {"credit_hours": 4, "title": "Calculus II", "created_at": "2013-06-10T19:18:56.169Z", "number": "230", "updated_at": "2013-06-10T19:18:56.169Z", "schedule_semester": [1, 3], "prereqs": [], "schedule_year": "B", "attributes": [], "coreqs": [], "subject": 3}}, {"pk": 36, "model": "planner.course", "fields": {"credit_hours": 4, "title": "Calculus III", "created_at": "2013-06-10T19:19:22.482Z", "number": "240", "updated_at": "2013-06-10T19:19:22.482Z", "schedule_semester": [1, 3], "prereqs": [], "schedule_year": "B", "attributes": [], "coreqs": [], "subject": 3}}, {"pk": 37, "model": "planner.course", "fields": {"credit_hours": 4, "title": "Linear Algebra", "created_at": "2013-06-10T19:19:49.793Z", "number": "245", "updated_at": "2013-06-10T19:19:49.793Z", "schedule_semester": [1, 3], "prereqs": [], "schedule_year": "B", "attributes": [], "coreqs": [], "subject": 3}}, {"pk": 38, "model": "planner.course", "fields": {"credit_hours": 4, "title": "Differential Equations ", "created_at": "2013-06-10T19:20:18.168Z", "number": "251", "updated_at": "2013-06-10T19:20:18.168Z", "schedule_semester": [1, 3], "prereqs": [], "schedule_year": "B", "attributes": [], "coreqs": [], "subject": 3}}, {"pk": 39, "model": "planner.course", "fields": {"credit_hours": 3, "title": "Mathematical Modeling with Numerical Analysis", "created_at": "2013-06-10T19:20:50.387Z", "number": "310", "updated_at": "2013-06-10T19:20:50.387Z", "schedule_semester": [1, 3], "prereqs": [], "schedule_year": "B", "attributes": [], "coreqs": [], "subject": 3}}, {"pk": 40, "model": "planner.course", "fields": {"credit_hours": 3, "title": "Software Engineering", "created_at": "2013-06-10T19:21:19.387Z", "number": "340", "updated_at": "2013-06-10T19:21:19.387Z", "schedule_semester": [1], "prereqs": [], "schedule_year": "B", "attributes": [], "coreqs": [], "subject": 1}}, {"pk": 41, "model": "planner.course", "fields": {"credit_hours": 4, "title": "Software Studio I", "created_at": "2013-06-10T19:21:40.963Z", "number": "371", "updated_at": "2013-06-10T19:29:18.458Z", "schedule_semester": [1, 3], "prereqs": [], "schedule_year": "B", "attributes": [], "coreqs": [], "subject": 1}}, {"pk": 42, "model": "planner.course", "fields": {"credit_hours": 4, "title": "Software Studio II", "created_at": "2013-06-10T19:22:05.722Z", "number": "372", "updated_at": "2013-06-10T19:22:05.722Z", "schedule_semester": [1, 3], "prereqs": [], "schedule_year": "B", "attributes": [], "coreqs": [], "subject": 1}}, {"pk": 43, "model": "planner.course", "fields": {"credit_hours": 4, "title": "Software Studio III", "created_at": "2013-06-10T19:22:26.216Z", "number": "471", "updated_at": "2013-06-10T19:22:26.216Z", "schedule_semester": [1, 3], "prereqs": [], "schedule_year": "B", "attributes": [], "coreqs": [], "subject": 1}}, {"pk": 44, "model": "planner.course", "fields": {"credit_hours": 4, "title": "Software Studio IV", "created_at": "2013-06-10T19:23:01.510Z", "number": "472", "updated_at": "2013-06-10T19:23:01.510Z", "schedule_semester": [1, 3], "prereqs": [], "schedule_year": "B", "attributes": [], "coreqs": [], "subject": 1}}, {"pk": 45, "model": "planner.course", "fields": {"credit_hours": 3, "title": "Information System Analysis", "created_at": "2013-06-10T19:23:51.593Z", "number": "390", "updated_at": "2013-06-10T19:23:51.593Z", "schedule_semester": [1], "prereqs": [], "schedule_year": "B", "attributes": [], "coreqs": [], "subject": 4}}, {"pk": 46, "model": "planner.course", "fields": {"credit_hours": 3, "title": "Introductory Plant Biology", "created_at": "2013-06-11T20:20:46.577Z", "number": "103", "updated_at": "2013-06-11T20:20:46.577Z", "schedule_semester": [1, 3], "prereqs": [], "schedule_year": "B", "attributes": [], "coreqs": [], "subject": 2}}, {"pk": 47, "model": "planner.course", "fields": {"credit_hours": 3, "title": "Introductory Animal Biology", "created_at": "2013-06-11T20:21:14.369Z", "number": "104", "updated_at": "2013-06-11T20:21:14.369Z", "schedule_semester": [1, 3], "prereqs": [], "schedule_year": "B", "attributes": [], "coreqs": [], "subject": 2}}, {"pk": 48, "model": "planner.course", "fields": {"credit_hours": 4, "title": "Human Nutrition", "created_at": "2013-06-11T20:21:37.559Z", "number": "200", "updated_at": "2013-06-11T20:21:37.559Z", "schedule_semester": [1, 3], "prereqs": [], "schedule_year": "B", "attributes": [], "coreqs": [], "subject": 2}}, {"pk": 49, "model": "planner.course", "fields": {"credit_hours": 4, "title": "Human Biology", "created_at": "2013-06-11T20:21:57.575Z", "number": "205", "updated_at": "2013-06-11T20:21:57.575Z", "schedule_semester": [1, 3], "prereqs": [], "schedule_year": "B", "attributes": [], "coreqs": [], "subject": 2}}, {"pk": 50, "model": "planner.course", "fields": {"credit_hours": 5, "title": "Human Anatomy and Physiology", "created_at": "2013-06-11T20:22:25.820Z", "number": "243", "updated_at": "2013-06-11T20:22:25.820Z", "schedule_semester": [1, 3], "prereqs": [], "schedule_year": "B", "attributes": [], "coreqs": [], "subject": 2}}, {"pk": 51, "model": "planner.course", "fields": {"credit_hours": 4, "title": "Human Anatomy and Physiology I ", "created_at": "2013-06-11T20:22:53.387Z", "number": "244", "updated_at": "2013-06-11T20:22:53.387Z", "schedule_semester": [1, 3], "prereqs": [], "schedule_year": "B", "attributes": [], "coreqs": [], "subject": 2}}, {"pk": 52, "model": "planner.course", "fields": {"credit_hours": 4, "title": "Forensic Science", "created_at": "2013-06-11T20:23:44.705Z", "number": "120", "updated_at": "2013-06-11T20:23:44.705Z", "schedule_semester": [1, 3], "prereqs": [], "schedule_year": "B", "attributes": [], "coreqs": [], "subject": 5}}, {"pk": 53, "model": "planner.course", "fields": {"credit_hours": 3, "title": "Environment and Society", "created_at": "2013-06-11T20:24:31.225Z", "number": "200", "updated_at": "2013-06-11T20:24:31.225Z", "schedule_semester": [1, 3], "prereqs": [], "schedule_year": "B", "attributes": [], "coreqs": [], "subject": 6}}, {"pk": 54, "model": "planner.course", "fields": {"credit_hours": 4, "title": "Introduction to Environmental Science", "created_at": "2013-06-11T20:25:06.859Z", "number": "231", "updated_at": "2013-06-11T20:25:06.859Z", "schedule_semester": [1, 3], "prereqs": [], "schedule_year": "B", "attributes": [], "coreqs": [], "subject": 6}}, {"pk": 55, "model": "planner.course", "fields": {"credit_hours": 4, "title": "Chemistry for Living", "created_at": "2013-06-11T20:25:40.637Z", "number": "100", "updated_at": "2013-06-11T20:25:40.637Z", "schedule_semester": [1, 3], "prereqs": [], "schedule_year": "B", "attributes": [], "coreqs": [], "subject": 5}}, {"pk": 56, "model": "planner.course", "fields": {"credit_hours": 4, "title": "General, Organic, and Biochemistry I", "created_at": "2013-06-11T20:26:14.197Z", "number": "201", "updated_at": "2013-06-11T20:26:14.197Z", "schedule_semester": [1, 3], "prereqs": [], "schedule_year": "B", "attributes": [], "coreqs": [], "subject": 5}}, {"pk": 57, "model": "planner.course", "fields": {"credit_hours": 4, "title": "College Chemistry I", "created_at": "2013-06-11T20:26:36.521Z", "number": "211", "updated_at": "2013-06-11T20:26:36.521Z", "schedule_semester": [1, 3], "prereqs": [], "schedule_year": "B", "attributes": [], "coreqs": [], "subject": 5}}, {"pk": 58, "model": "planner.course", "fields": {"credit_hours": 4, "title": "Experiences in Physical Science", "created_at": "2013-06-11T20:27:46.021Z", "number": "120", "updated_at": "2013-06-11T20:27:46.021Z", "schedule_semester": [1, 3], "prereqs": [], "schedule_year": "B", "attributes": [], "coreqs": [], "subject": 7}}, {"pk": 59, "model": "planner.course", "fields": {"credit_hours": 4, "title": "General Physics I", "created_at": "2013-06-11T20:28:20.897Z", "number": "203", "updated_at": "2013-06-11T20:28:20.897Z", "schedule_semester": [1, 3], "prereqs": [], "schedule_year": "B", "attributes": [], "coreqs": [], "subject": 7}}, {"pk": 60, "model": "planner.course", "fields": {"credit_hours": 4, "title": "University Physics I", "created_at": "2013-06-11T20:28:48.901Z", "number": "211", "updated_at": "2013-06-11T20:28:48.901Z", "schedule_semester": [1, 3], "prereqs": [], "schedule_year": "B", "attributes": [], "coreqs": [], "subject": 7}}, {"pk": 61, "model": "planner.course", "fields": {"credit_hours": 3, "title": "Fundamentals of Space Systems", "created_at": "2013-06-11T20:29:40.737Z", "number": "345", "updated_at": "2013-06-11T20:29:40.737Z", "schedule_semester": [1, 3], "prereqs": [], "schedule_year": "B", "attributes": [], "coreqs": [], "subject": 8}}, {"pk": 62, "model": "planner.course", "fields": {"credit_hours": 4, "title": "Physical Geology", "created_at": "2013-06-11T20:30:08.510Z", "number": "241", "updated_at": "2013-06-11T20:30:08.510Z", "schedule_semester": [1, 3], "prereqs": [], "schedule_year": "B", "attributes": [], "coreqs": [], "subject": 8}}, {"pk": 63, "model": "planner.course", "fields": {"credit_hours": 4, "title": "Geology of Indiana", "created_at": "2013-06-11T20:30:45.190Z", "number": "241", "updated_at": "2013-06-11T20:30:45.190Z", "schedule_semester": [1, 3], "prereqs": [], "schedule_year": "B", "attributes": [], "coreqs": [], "subject": 6}}, {"pk": 64, "model": "planner.course", "fields": {"credit_hours": 4, "title": "Physical Geography", "created_at": "2013-06-11T20:31:35.274Z", "number": "210", "updated_at": "2013-06-11T20:31:35.274Z", "schedule_semester": [1, 3], "prereqs": [], "schedule_year": "B", "attributes": [], "coreqs": [], "subject": 9}}, {"pk": 65, "model": "planner.course", "fields": {"credit_hours": 3, "title": "Introduction to Geology", "created_at": "2013-06-11T20:32:30.700Z", "number": "240", "updated_at": "2013-06-11T20:32:30.700Z", "schedule_semester": [1, 3], "prereqs": [], "schedule_year": "B", "attributes": [], "coreqs": [], "subject": 9}}, {"pk": 66, "model": "planner.course", "fields": {"credit_hours": 3, "title": "Introductory Astronomy", "created_at": "2013-06-11T20:33:03.168Z", "number": "201", "updated_at": "2013-06-11T20:33:03.168Z", "schedule_semester": [1, 3], "prereqs": [], "schedule_year": "B", "attributes": [], "coreqs": [], "subject": 7}}, {"pk": 67, "model": "planner.course", "fields": {"credit_hours": 1, "title": "New Student Orientation", "created_at": "2013-06-12T22:32:40.885Z", "number": "101", "updated_at": "2013-06-12T22:32:40.885Z", "schedule_semester": [1, 2, 3], "prereqs": [], "schedule_year": "B", "attributes": [], "coreqs": [], "subject": 10}}, {"pk": 68, "model": "planner.course", "fields": {"credit_hours": 3, "title": "Foundations of Christian Thought", "created_at": "2013-06-12T22:33:12.305Z", "number": "110", "updated_at": "2013-06-12T22:33:12.305Z", "schedule_semester": [1], "prereqs": [], "schedule_year": "B", "attributes": [], "coreqs": [], "subject": 10}}, {"pk": 69, "model": "planner.course", "fields": {"credit_hours": 3, "title": "Biblical Literature I", "created_at": "2013-06-12T22:33:45.524Z", "number": "110", "updated_at": "2013-06-12T22:33:45.524Z", "schedule_semester": [1, 2, 3], "prereqs": [], "schedule_year": "B", "attributes": [], "coreqs": [], "subject": 11}}, {"pk": 70, "model": "planner.course", "fields": {"credit_hours": 3, "title": "Biblical Literature II", "created_at": "2013-06-12T22:34:10.826Z", "number": "210", "updated_at": "2013-06-12T22:34:10.826Z", "schedule_semester": [1, 2, 3], "prereqs": [], "schedule_year": "B", "attributes": [], "coreqs": [], "subject": 11}}, {"pk": 71, "model": "planner.course", "fields": {"credit_hours": 3, "title": "Historic Christian Belief", "created_at": "2013-06-12T22:35:08.010Z", "number": "313", "updated_at": "2013-06-12T22:35:08.010Z", "schedule_semester": [1, 2, 3], "prereqs": [], "schedule_year": "B", "attributes": [], "coreqs": [], "subject": 12}}, {"pk": 72, "model": "planner.course", "fields": {"credit_hours": 3, "title": "Contemporary Chrisitian Belief", "created_at": "2013-06-12T22:36:02.873Z", "number": "413", "updated_at": "2013-06-12T22:36:02.873Z", "schedule_semester": [1, 2, 3], "prereqs": [], "schedule_year": "B", "attributes": [], "coreqs": [], "subject": 13}}, {"pk": 73, "model": "planner.course", "fields": {"credit_hours": 1, "title": "Senior Seminar", "created_at": "2013-06-12T22:36:23.807Z", "number": "495", "updated_at": "2013-06-12T22:36:23.807Z", "schedule_semester": [1, 2, 3], "prereqs": [], "schedule_year": "B", "attributes": [], "coreqs": [], "subject": 10}}, {"pk": 74, "model": "planner.course", "fields": {"credit_hours": 2, "title": "Fitness for Life", "created_at": "2013-06-12T22:41:57.224Z", "number": "100", "updated_at": "2013-06-12T22:41:57.224Z", "schedule_semester": [1, 3], "prereqs": [], "schedule_year": "B", "attributes": [], "coreqs": [], "subject": 14}}, {"pk": 75, "model": "planner.course", "fields": {"credit_hours": 1, "title": "General Physical Education", "created_at": "2013-06-12T22:42:34.602Z", "number": "200", "updated_at": "2013-06-12T22:42:34.602Z", "schedule_semester": [1, 2, 3], "prereqs": [], "schedule_year": "B", "attributes": [], "coreqs": [], "subject": 14}}, {"pk": 76, "model": "planner.course", "fields": {"credit_hours": 2, "title": "Elementary School Health and Physical Education", "created_at": "2013-06-12T22:43:06.017Z", "number": "250", "updated_at": "2013-06-12T22:43:06.017Z", "schedule_semester": [1, 2, 3], "prereqs": [], "schedule_year": "B", "attributes": [], "coreqs": [], "subject": 14}}, {"pk": 77, "model": "planner.course", "fields": {"credit_hours": 1, "title": "Exercise Techniques for Physical Fitness", "created_at": "2013-06-12T22:43:39.679Z", "number": "280", "updated_at": "2013-06-12T22:43:39.679Z", "schedule_semester": [1, 2, 3], "prereqs": [], "schedule_year": "B", "attributes": [], "coreqs": [], "subject": 14}}, {"pk": 78, "model": "planner.course", "fields": {"credit_hours": 1, "title": "Basic Swimming Skills", "created_at": "2013-06-12T22:44:03.158Z", "number": "300", "updated_at": "2013-06-12T22:44:03.158Z", "schedule_semester": [1, 2, 3], "prereqs": [], "schedule_year": "B", "attributes": [], "coreqs": [], "subject": 14}}, {"pk": 79, "model": "planner.course", "fields": {"credit_hours": 2, "title": "Lifeguard Training ", "created_at": "2013-06-12T22:44:34.854Z", "number": "302", "updated_at": "2013-06-12T22:44:34.854Z", "schedule_semester": [1, 2, 3], "prereqs": [], "schedule_year": "B", "attributes": [], "coreqs": [], "subject": 14}}, {"pk": 80, "model": "planner.course", "fields": {"credit_hours": 2, "title": "Water Safety Instructor", "created_at": "2013-06-12T22:45:33.019Z", "number": "333", "updated_at": "2013-06-12T22:45:33.019Z", "schedule_semester": [1, 2, 3], "prereqs": [], "schedule_year": "B", "attributes": [], "coreqs": [], "subject": 14}}, {"pk": 81, "model": "planner.course", "fields": {"credit_hours": 1, "title": "Lifeguard Training Instructor", "created_at": "2013-06-12T22:46:15.330Z", "number": "334", "updated_at": "2013-06-12T22:46:15.330Z", "schedule_semester": [1, 2, 3], "prereqs": [], "schedule_year": "B", "attributes": [], "coreqs": [], "subject": 14}}, {"pk": 82, "model": "planner.course", "fields": {"credit_hours": 3, "title": "Challenge Course Facilitator Certification", "created_at": "2013-06-12T22:46:44.749Z", "number": "345", "updated_at": "2013-06-12T22:46:44.749Z", "schedule_semester": [1, 2, 3], "prereqs": [], "schedule_year": "B", "attributes": [], "coreqs": [], "subject": 14}}, {"pk": 83, "model": "planner.course", "fields": {"credit_hours": 4, "title": "Art as an Experience", "created_at": "2013-06-13T19:19:35.445Z", "number": "230", "updated_at": "2013-06-13T19:19:35.445Z", "schedule_semester": [1, 2, 3], "prereqs": [], "schedule_year": "B", "attributes": [], "coreqs": [], "subject": 15}}, {"pk": 84, "model": "planner.course", "fields": {"credit_hours": 4, "title": "Arts and Ideas", "created_at": "2013-06-13T19:19:57.121Z", "number": "330", "updated_at": "2013-06-13T19:19:57.121Z", "schedule_semester": [1, 2, 3], "prereqs": [], "schedule_year": "B", "attributes": [], "coreqs": [], "subject": 15}}, {"pk": 85, "model": "planner.course", "fields": {"credit_hours": 1, "title": "Paricipation in the Arts", "created_at": "2013-06-13T19:22:22.515Z", "number": "250", "updated_at": "2013-06-13T19:22:22.515Z", "schedule_semester": [1, 2, 3], "prereqs": [], "schedule_year": "B", "attributes": [1], "coreqs": [], "subject": 15}}, {"pk": 86, "model": "planner.course", "fields": {"credit_hours": 3, "title": "Layout and Design", "created_at": "2013-06-13T19:23:25.188Z", "number": "332", "updated_at": "2013-06-13T19:23:25.188Z", "schedule_semester": [1, 2, 3], "prereqs": [], "schedule_year": "B", "attributes": [], "coreqs": [], "subject": 16}}, {"pk": 87, "model": "planner.course", "fields": {"credit_hours": 2, "title": "Computing and Culture - Applications and Context", "created_at": "2013-06-13T19:49:34.438Z", "number": "104", "updated_at": "2013-06-13T19:50:20.527Z", "schedule_semester": [1, 3], "prereqs": [], "schedule_year": "B", "attributes": [], "coreqs": [], "subject": 1}}, {"pk": 88, "model": "planner.course", "fields": {"credit_hours": 2, "title": "Computing and Culture - Applications and Context", "created_at": "2013-06-13T19:50:08.226Z", "number": "106", "updated_at": "2013-06-13T19:50:08.226Z", "schedule_semester": [1, 3], "prereqs": [], "schedule_year": "B", "attributes": [], "coreqs": [], "subject": 1}}, {"pk": 89, "model": "planner.course", "fields": {"credit_hours": 3, "title": "Expository Writing", "created_at": "2013-06-13T19:51:30.782Z", "number": "110", "updated_at": "2013-06-13T19:51:30.782Z", "schedule_semester": [1, 3], "prereqs": [], "schedule_year": "B", "attributes": [], "coreqs": [], "subject": 18}}, {"pk": 90, "model": "planner.course", "fields": {"credit_hours": 3, "title": "Public Speaking", "created_at": "2013-06-13T19:55:07.389Z", "number": "110", "updated_at": "2013-06-13T19:55:07.389Z", "schedule_semester": [1, 3], "prereqs": [], "schedule_year": "B", "attributes": [], "coreqs": [], "subject": 19}}, {"pk": 91, "model": "planner.course", "fields": {"credit_hours": 3, "title": "Interpersonal Communication", "created_at": "2013-06-13T19:55:30.971Z", "number": "120", "updated_at": "2013-06-13T19:55:30.972Z", "schedule_semester": [1, 3], "prereqs": [], "schedule_year": "B", "attributes": [], "coreqs": [], "subject": 19}}, {"pk": 92, "model": "planner.course", "fields": {"credit_hours": 3, "title": "Finite Mathematics", "created_at": "2013-06-13T20:03:02.493Z", "number": "110", "updated_at": "2013-06-13T20:03:02.493Z", "schedule_semester": [1, 3], "prereqs": [], "schedule_year": "B", "attributes": [], "coreqs": [], "subject": 3}}, {"pk": 93, "model": "planner.course", "fields": {"credit_hours": 3, "title": "Investigations in Mathematics", "created_at": "2013-06-13T20:03:30.493Z", "number": "120", "updated_at": "2013-06-13T20:03:30.493Z", "schedule_semester": [1, 3], "prereqs": [], "schedule_year": "B", "attributes": [], "coreqs": [], "subject": 3}}, {"pk": 94, "model": "planner.course", "fields": {"credit_hours": 3, "title": "Fundamental Calculus for Applications", "created_at": "2013-06-13T20:04:02.962Z", "number": "140", "updated_at": "2013-06-13T20:04:02.962Z", "schedule_semester": [1, 3], "prereqs": [], "schedule_year": "B", "attributes": [], "coreqs": [], "subject": 3}}, {"pk": 95, "model": "planner.course", "fields": {"credit_hours": 3, "title": "Introduction to Functions and Calculus", "created_at": "2013-06-13T20:04:27.940Z", "number": "145", "updated_at": "2013-06-13T20:04:27.940Z", "schedule_semester": [1, 3], "prereqs": [], "schedule_year": "B", "attributes": [], "coreqs": [], "subject": 3}}, {"pk": 96, "model": "planner.course", "fields": {"credit_hours": 3, "title": "Problem Solving", "created_at": "2013-06-13T20:04:50.696Z", "number": "180", "updated_at": "2013-06-13T20:04:50.696Z", "schedule_semester": [1, 3], "prereqs": [], "schedule_year": "B", "attributes": [], "coreqs": [], "subject": 3}}, {"pk": 97, "model": "planner.course", "fields": {"credit_hours": 4, "title": "Introductory Statistics", "created_at": "2013-06-13T20:05:48.150Z", "number": "210", "updated_at": "2013-06-13T20:05:48.150Z", "schedule_semester": [1, 3], "prereqs": [], "schedule_year": "B", "attributes": [], "coreqs": [], "subject": 3}}, {"pk": 98, "model": "planner.course", "fields": {"credit_hours": 4, "title": "Ways of Knowing", "created_at": "2013-06-13T20:06:49.873Z", "number": "220", "updated_at": "2013-06-13T20:06:49.873Z", "schedule_semester": [1, 3], "prereqs": [], "schedule_year": "B", "attributes": [], "coreqs": [], "subject": 3}}, {"pk": 99, "model": "planner.course", "fields": {"credit_hours": 3, "title": "Applied Social Statistics", "created_at": "2013-06-13T20:07:40.170Z", "number": "355", "updated_at": "2013-06-13T20:07:40.170Z", "schedule_semester": [1, 3], "prereqs": [], "schedule_year": "B", "attributes": [], "coreqs": [], "subject": 20}}, {"pk": 100, "model": "planner.course", "fields": {"credit_hours": 3, "title": "World Literature", "created_at": "2013-06-13T20:21:18.143Z", "number": "230", "updated_at": "2013-06-13T20:21:18.143Z", "schedule_semester": [1, 2, 3], "prereqs": [], "schedule_year": "B", "attributes": [], "coreqs": [], "subject": 18}}, {"pk": 101, "model": "planner.course", "fields": {"credit_hours": 3, "title": "American Literature", "created_at": "2013-06-13T20:21:40.898Z", "number": "240", "updated_at": "2013-06-13T20:21:40.898Z", "schedule_semester": [1, 3], "prereqs": [], "schedule_year": "B", "attributes": [], "coreqs": [], "subject": 18}}, {"pk": 102, "model": "planner.course", "fields": {"credit_hours": 3, "title": "British Literature", "created_at": "2013-06-13T20:21:59.041Z", "number": "250", "updated_at": "2013-06-13T20:21:59.041Z", "schedule_semester": [1, 3], "prereqs": [], "schedule_year": "B", "attributes": [], "coreqs": [], "subject": 18}}, {"pk": 103, "model": "planner.course", "fields": {"credit_hours": 3, "title": "Performing Literature", "created_at": "2013-06-13T20:22:40.913Z", "number": "200", "updated_at": "2013-06-13T20:22:40.913Z", "schedule_semester": [1, 3], "prereqs": [], "schedule_year": "B", "attributes": [], "coreqs": [], "subject": 21}}, {"pk": 104, "model": "planner.course", "fields": {"credit_hours": 3, "title": "Issues in Economics", "created_at": "2013-06-13T20:26:34.904Z", "number": "190", "updated_at": "2013-06-13T20:26:34.904Z", "schedule_semester": [1, 3], "prereqs": [], "schedule_year": "B", "attributes": [], "coreqs": [], "subject": 22}}, {"pk": 105, "model": "planner.course", "fields": {"credit_hours": 4, "title": "", "created_at": "2013-06-14T19:11:39.856Z", "number": "120", "updated_at": "2013-06-14T19:11:39.856Z", "schedule_semester": [], "prereqs": [], "schedule_year": "B", "attributes": [], "coreqs": [], "subject": 2}}, {"pk": 106, "model": "planner.course", "fields": {"credit_hours": 4, "title": "Principles of Microeconomics", "created_at": "2013-06-14T19:21:10.461Z", "number": "201", "updated_at": "2013-06-14T19:21:10.461Z", "schedule_semester": [], "prereqs": [], "schedule_year": "B", "attributes": [], "coreqs": [], "subject": 22}}, {"pk": 107, "model": "planner.course", "fields": {"credit_hours": 3, "title": "Principles of Macroeconomics", "created_at": "2013-06-14T19:23:59.804Z", "number": "202", "updated_at": "2013-06-14T19:23:59.804Z", "schedule_semester": [1, 3], "prereqs": [], "schedule_year": "B", "attributes": [], "coreqs": [], "subject": 22}}, {"pk": 108, "model": "planner.course", "fields": {"credit_hours": 3, "title": "Political Geography", "created_at": "2013-06-14T19:23:59.869Z", "number": "230", "updated_at": "2013-06-14T19:23:59.869Z", "schedule_semester": [1, 3], "prereqs": [], "schedule_year": "B", "attributes": [], "coreqs": [], "subject": 9}}, {"pk": 109, "model": "planner.course", "fields": {"credit_hours": 3, "title": "Public and Community Health", "created_at": "2013-06-14T19:23:59.935Z", "number": "346", "updated_at": "2013-06-14T19:23:59.935Z", "schedule_semester": [1, 3], "prereqs": [], "schedule_year": "B", "attributes": [], "coreqs": [], "subject": 14}}, {"pk": 110, "model": "planner.course", "fields": {"credit_hours": 3, "title": "American Politics", "created_at": "2013-06-14T19:24:00.002Z", "number": "100", "updated_at": "2013-06-14T19:24:00.002Z", "schedule_semester": [1, 3], "prereqs": [], "schedule_year": "B", "attributes": [], "coreqs": [], "subject": 24}}, {"pk": 111, "model": "planner.course", "fields": {"credit_hours": 3, "title": "World Politics", "created_at": "2013-06-14T19:24:00.069Z", "number": "150", "updated_at": "2013-06-14T19:24:00.069Z", "schedule_semester": [1, 3], "prereqs": [], "schedule_year": "B", "attributes": [], "coreqs": [], "subject": 24}}, {"pk": 112, "model": "planner.course", "fields": {"credit_hours": 3, "title": "International Political Economy", "created_at": "2013-06-14T19:24:00.133Z", "number": "213", "updated_at": "2013-06-14T19:24:00.134Z", "schedule_semester": [1, 3], "prereqs": [], "schedule_year": "B", "attributes": [], "coreqs": [], "subject": 24}}, {"pk": 113, "model": "planner.course", "fields": {"credit_hours": 3, "title": "Public Policy", "created_at": "2013-06-14T19:24:00.199Z", "number": "331", "updated_at": "2013-06-14T19:24:00.199Z", "schedule_semester": [1, 3], "prereqs": [], "schedule_year": "B", "attributes": [], "coreqs": [], "subject": 24}}, {"pk": 114, "model": "planner.course", "fields": {"credit_hours": 3, "title": "Introduction to Sociology", "created_at": "2013-06-14T19:24:00.272Z", "number": "100", "updated_at": "2013-06-14T19:24:00.272Z", "schedule_semester": [1, 3], "prereqs": [], "schedule_year": "B", "attributes": [], "coreqs": [], "subject": 20}}, {"pk": 115, "model": "planner.course", "fields": {"credit_hours": 3, "title": "Introduction to Global Societies", "created_at": "2013-06-14T19:24:00.339Z", "number": "110", "updated_at": "2013-06-14T19:24:00.339Z", "schedule_semester": [1, 3], "prereqs": [], "schedule_year": "B", "attributes": [], "coreqs": [], "subject": 20}}, {"pk": 116, "model": "planner.course", "fields": {"credit_hours": 3, "title": "Cultural Anthropology", "created_at": "2013-06-14T19:24:00.404Z", "number": "200", "updated_at": "2013-06-14T19:24:00.404Z", "schedule_semester": [1, 3], "prereqs": [], "schedule_year": "B", "attributes": [], "coreqs": [], "subject": 20}}, {"pk": 117, "model": "planner.course", "fields": {"credit_hours": 3, "title": "Contemporary Social Issues", "created_at": "2013-06-14T19:24:00.470Z", "number": "210", "updated_at": "2013-06-14T19:24:00.470Z", "schedule_semester": [1, 3], "prereqs": [], "schedule_year": "B", "attributes": [], "coreqs": [], "subject": 20}}, {"pk": 118, "model": "planner.course", "fields": {"credit_hours": 3, "title": "Ethnic and Minority Issues", "created_at": "2013-06-14T19:24:00.536Z", "number": "220", "updated_at": "2013-06-14T19:24:00.536Z", "schedule_semester": [1, 3], "prereqs": [], "schedule_year": "B", "attributes": [], "coreqs": [], "subject": 20}}, {"pk": 119, "model": "planner.course", "fields": {"credit_hours": 3, "title": "Community and Urban Affairs", "created_at": "2013-06-14T19:24:00.600Z", "number": "410", "updated_at": "2013-06-14T19:24:00.600Z", "schedule_semester": [1, 3], "prereqs": [], "schedule_year": "B", "attributes": [], "coreqs": [], "subject": 20}}, {"pk": 120, "model": "planner.course", "fields": {"credit_hours": 3, "title": "Exploration in Social Work", "created_at": "2013-06-14T19:24:00.666Z", "number": "200", "updated_at": "2013-06-14T19:24:00.666Z", "schedule_semester": [1, 3], "prereqs": [], "schedule_year": "B", "attributes": [], "coreqs": [], "subject": 26}}, {"pk": 121, "model": "planner.course", "fields": {"credit_hours": 3, "title": "Unleashing the Oppressed", "created_at": "2013-06-14T19:24:00.732Z", "number": "320", "updated_at": "2013-06-14T19:24:00.732Z", "schedule_semester": [1, 3], "prereqs": [], "schedule_year": "B", "attributes": [], "coreqs": [], "subject": 26}}, {"pk": 122, "model": "planner.course", "fields": {"credit_hours": 4, "title": "Regional Geography", "created_at": "2013-06-14T19:24:00.794Z", "number": "220", "updated_at": "2013-06-14T19:24:00.794Z", "schedule_semester": [1, 3], "prereqs": [], "schedule_year": "B", "attributes": [], "coreqs": [], "subject": 9}}, {"pk": 123, "model": "planner.course", "fields": {"credit_hours": 4, "title": "History and Geography of Latin America", "created_at": "2013-06-14T19:24:00.858Z", "number": "211", "updated_at": "2013-06-14T19:24:00.858Z", "schedule_semester": [1, 3], "prereqs": [], "schedule_year": "B", "attributes": [], "coreqs": [], "subject": 23}}, {"pk": 124, "model": "planner.course", "fields": {"credit_hours": 4, "title": "History and Geography of East Asia", "created_at": "2013-06-14T19:24:00.929Z", "number": "212", "updated_at": "2013-06-14T19:24:00.929Z", "schedule_semester": [1, 3], "prereqs": [], "schedule_year": "B", "attributes": [], "coreqs": [], "subject": 23}}, {"pk": 125, "model": "planner.course", "fields": {"credit_hours": 4, "title": "History and Geography of Africa", "created_at": "2013-06-14T19:24:00.994Z", "number": "213", "updated_at": "2013-06-14T19:24:00.994Z", "schedule_semester": [1, 3], "prereqs": [], "schedule_year": "B", "attributes": [], "coreqs": [], "subject": 23}}, {"pk": 126, "model": "planner.course", "fields": {"credit_hours": 3, "title": "History and Geography of South Asia", "created_at": "2013-06-14T19:24:01.065Z", "number": "215", "updated_at": "2013-06-14T19:24:01.065Z", "schedule_semester": [1, 3], "prereqs": [], "schedule_year": "B", "attributes": [], "coreqs": [], "subject": 23}}, {"pk": 127, "model": "planner.course", "fields": {"credit_hours": 3, "title": "Human Relations in Organizations", "created_at": "2013-06-14T19:24:01.139Z", "number": "330", "updated_at": "2013-06-14T19:24:01.139Z", "schedule_semester": [1, 3], "prereqs": [], "schedule_year": "B", "attributes": [], "coreqs": [], "subject": 10}}, {"pk": 128, "model": "planner.course", "fields": {"credit_hours": 3, "title": "Comparaitve Politics", "created_at": "2013-06-14T19:24:01.203Z", "number": "222", "updated_at": "2013-06-14T19:24:01.203Z", "schedule_semester": [1, 3], "prereqs": [], "schedule_year": "B", "attributes": [], "coreqs": [], "subject": 24}}, {"pk": 129, "model": "planner.course", "fields": {"credit_hours": 3, "title": "Political Behavior", "created_at": "2013-06-14T19:24:01.272Z", "number": "312", "updated_at": "2013-06-14T19:24:01.272Z", "schedule_semester": [1, 3], "prereqs": [], "schedule_year": "B", "attributes": [], "coreqs": [], "subject": 24}}, {"pk": 130, "model": "planner.course", "fields": {"credit_hours": 3, "title": "Modern Middle East", "created_at": "2013-06-14T19:24:01.339Z", "number": "321", "updated_at": "2013-06-14T19:24:01.339Z", "schedule_semester": [1, 3], "prereqs": [], "schedule_year": "B", "attributes": [], "coreqs": [], "subject": 24}}, {"pk": 131, "model": "planner.course", "fields": {"credit_hours": 3, "title": "Foundations of Psychology", "created_at": "2013-06-14T19:24:01.402Z", "number": "110", "updated_at": "2013-06-14T19:24:01.402Z", "schedule_semester": [1, 3], "prereqs": [], "schedule_year": "B", "attributes": [], "coreqs": [], "subject": 25}}, {"pk": 132, "model": "planner.course", "fields": {"credit_hours": 3, "title": "Introduction to Psychology", "created_at": "2013-06-14T19:24:01.468Z", "number": "200", "updated_at": "2013-06-14T19:24:01.468Z", "schedule_semester": [1, 3], "prereqs": [], "schedule_year": "B", "attributes": [], "coreqs": [], "subject": 25}}, {"pk": 133, "model": "planner.course", "fields": {"credit_hours": 3, "title": "Child Psychology", "created_at": "2013-06-14T19:24:01.532Z", "number": "240", "updated_at": "2013-06-14T19:24:01.532Z", "schedule_semester": [1, 3], "prereqs": [], "schedule_year": "B", "attributes": [], "coreqs": [], "subject": 25}}, {"pk": 134, "model": "planner.course", "fields": {"credit_hours": 3, "title": "Life Span Development", "created_at": "2013-06-14T19:24:01.596Z", "number": "250", "updated_at": "2013-06-14T19:24:01.596Z", "schedule_semester": [1, 3], "prereqs": [], "schedule_year": "B", "attributes": [], "coreqs": [], "subject": 25}}, {"pk": 135, "model": "planner.course", "fields": {"credit_hours": 3, "title": "Adolescent Psychology", "created_at": "2013-06-14T19:24:01.662Z", "number": "340", "updated_at": "2013-06-14T19:24:01.662Z", "schedule_semester": [1, 3], "prereqs": [], "schedule_year": "B", "attributes": [], "coreqs": [], "subject": 25}}, {"pk": 136, "model": "planner.course", "fields": {"credit_hours": 3, "title": "Child and Adolescent Psychology", "created_at": "2013-06-14T19:24:01.729Z", "number": "350", "updated_at": "2013-06-14T19:24:01.729Z", "schedule_semester": [1, 3], "prereqs": [], "schedule_year": "B", "attributes": [], "coreqs": [], "subject": 25}}, {"pk": 137, "model": "planner.course", "fields": {"credit_hours": 3, "title": "Religion and Society", "created_at": "2013-06-14T19:24:01.796Z", "number": "310", "updated_at": "2013-06-14T19:24:01.796Z", "schedule_semester": [1, 3], "prereqs": [], "schedule_year": "B", "attributes": [], "coreqs": [], "subject": 20}}, {"pk": 138, "model": "planner.course", "fields": {"credit_hours": 3, "title": "Social Change and Social Movements", "created_at": "2013-06-14T19:24:01.859Z", "number": "330", "updated_at": "2013-06-14T19:24:01.860Z", "schedule_semester": [1, 3], "prereqs": [], "schedule_year": "B", "attributes": [], "coreqs": [], "subject": 20}}, {"pk": 139, "model": "planner.course", "fields": {"credit_hours": 3, "title": "History of Social Thought", "created_at": "2013-06-14T19:24:01.925Z", "number": "361", "updated_at": "2013-06-14T19:24:01.926Z", "schedule_semester": [1, 3], "prereqs": [], "schedule_year": "B", "attributes": [], "coreqs": [], "subject": 20}}, {"pk": 140, "model": "planner.course", "fields": {"credit_hours": 3, "title": "Marraige and Family Systems", "created_at": "2013-06-14T19:24:01.993Z", "number": "381", "updated_at": "2013-06-14T19:24:01.993Z", "schedule_semester": [1, 3], "prereqs": [], "schedule_year": "B", "attributes": [], "coreqs": [], "subject": 20}}, {"pk": 2, "model": "planner.student", "fields": {"majors": [], "entering_year": 1, "minors": [], "student_id": "@00555555", "university": 1, "catalog_year": 1}}, {"pk": 1, "model": "planner.degreeprogram", "fields": {"created_at": "2013-06-04T20:19:28.385Z", "entering_year": "E", "major": 1, "updated_at": "2013-06-04T20:19:28.385Z", "name": "Computer Science BS"}}]