[
{
    "pk": 1, 
    "model": "auth.permission", 
    "fields": {
        "codename": "add_permission", 
        "name": "Can add permission", 
        "content_type": 1
    }
},
{
    "pk": 2, 
    "model": "auth.permission", 
    "fields": {
        "codename": "change_permission", 
        "name": "Can change permission", 
        "content_type": 1
    }
},
{
    "pk": 3, 
    "model": "auth.permission", 
    "fields": {
        "codename": "delete_permission", 
        "name": "Can delete permission", 
        "content_type": 1
    }
},
{
    "pk": 4, 
    "model": "auth.permission", 
    "fields": {
        "codename": "add_group", 
        "name": "Can add group", 
        "content_type": 2
    }
},
{
    "pk": 5, 
    "model": "auth.permission", 
    "fields": {
        "codename": "change_group", 
        "name": "Can change group", 
        "content_type": 2
    }
},
{
    "pk": 6, 
    "model": "auth.permission", 
    "fields": {
        "codename": "delete_group", 
        "name": "Can delete group", 
        "content_type": 2
    }
},
{
    "pk": 7, 
    "model": "auth.permission", 
    "fields": {
        "codename": "add_user", 
        "name": "Can add user", 
        "content_type": 3
    }
},
{
    "pk": 8, 
    "model": "auth.permission", 
    "fields": {
        "codename": "change_user", 
        "name": "Can change user", 
        "content_type": 3
    }
},
{
    "pk": 9, 
    "model": "auth.permission", 
    "fields": {
        "codename": "delete_user", 
        "name": "Can delete user", 
        "content_type": 3
    }
},
{
    "pk": 10, 
    "model": "auth.permission", 
    "fields": {
        "codename": "add_contenttype", 
        "name": "Can add content type", 
        "content_type": 4
    }
},
{
    "pk": 11, 
    "model": "auth.permission", 
    "fields": {
        "codename": "change_contenttype", 
        "name": "Can change content type", 
        "content_type": 4
    }
},
{
    "pk": 12, 
    "model": "auth.permission", 
    "fields": {
        "codename": "delete_contenttype", 
        "name": "Can delete content type", 
        "content_type": 4
    }
},
{
    "pk": 13, 
    "model": "auth.permission", 
    "fields": {
        "codename": "add_session", 
        "name": "Can add session", 
        "content_type": 5
    }
},
{
    "pk": 14, 
    "model": "auth.permission", 
    "fields": {
        "codename": "change_session", 
        "name": "Can change session", 
        "content_type": 5
    }
},
{
    "pk": 15, 
    "model": "auth.permission", 
    "fields": {
        "codename": "delete_session", 
        "name": "Can delete session", 
        "content_type": 5
    }
},
{
    "pk": 16, 
    "model": "auth.permission", 
    "fields": {
        "codename": "add_site", 
        "name": "Can add site", 
        "content_type": 6
    }
},
{
    "pk": 17, 
    "model": "auth.permission", 
    "fields": {
        "codename": "change_site", 
        "name": "Can change site", 
        "content_type": 6
    }
},
{
    "pk": 18, 
    "model": "auth.permission", 
    "fields": {
        "codename": "delete_site", 
        "name": "Can delete site", 
        "content_type": 6
    }
},
{
    "pk": 19, 
    "model": "auth.permission", 
    "fields": {
        "codename": "add_logentry", 
        "name": "Can add log entry", 
        "content_type": 7
    }
},
{
    "pk": 20, 
    "model": "auth.permission", 
    "fields": {
        "codename": "change_logentry", 
        "name": "Can change log entry", 
        "content_type": 7
    }
},
{
    "pk": 21, 
    "model": "auth.permission", 
    "fields": {
        "codename": "delete_logentry", 
        "name": "Can delete log entry", 
        "content_type": 7
    }
},
{
    "pk": 22, 
    "model": "auth.permission", 
    "fields": {
        "codename": "add_person", 
        "name": "Can add person", 
        "content_type": 8
    }
},
{
    "pk": 23, 
    "model": "auth.permission", 
    "fields": {
        "codename": "change_person", 
        "name": "Can change person", 
        "content_type": 8
    }
},
{
    "pk": 24, 
    "model": "auth.permission", 
    "fields": {
        "codename": "delete_person", 
        "name": "Can delete person", 
        "content_type": 8
    }
},
{
    "pk": 25, 
    "model": "auth.permission", 
    "fields": {
        "codename": "add_university", 
        "name": "Can add university", 
        "content_type": 9
    }
},
{
    "pk": 26, 
    "model": "auth.permission", 
    "fields": {
        "codename": "change_university", 
        "name": "Can change university", 
        "content_type": 9
    }
},
{
    "pk": 27, 
    "model": "auth.permission", 
    "fields": {
        "codename": "delete_university", 
        "name": "Can delete university", 
        "content_type": 9
    }
},
{
    "pk": 28, 
    "model": "auth.permission", 
    "fields": {
        "codename": "add_school", 
        "name": "Can add school", 
        "content_type": 10
    }
},
{
    "pk": 29, 
    "model": "auth.permission", 
    "fields": {
        "codename": "change_school", 
        "name": "Can change school", 
        "content_type": 10
    }
},
{
    "pk": 30, 
    "model": "auth.permission", 
    "fields": {
        "codename": "delete_school", 
        "name": "Can delete school", 
        "content_type": 10
    }
},
{
    "pk": 31, 
    "model": "auth.permission", 
    "fields": {
        "codename": "add_department", 
        "name": "Can add department", 
        "content_type": 11
    }
},
{
    "pk": 32, 
    "model": "auth.permission", 
    "fields": {
        "codename": "change_department", 
        "name": "Can change department", 
        "content_type": 11
    }
},
{
    "pk": 33, 
    "model": "auth.permission", 
    "fields": {
        "codename": "delete_department", 
        "name": "Can delete department", 
        "content_type": 11
    }
},
{
    "pk": 34, 
    "model": "auth.permission", 
    "fields": {
        "codename": "add_major", 
        "name": "Can add major", 
        "content_type": 12
    }
},
{
    "pk": 35, 
    "model": "auth.permission", 
    "fields": {
        "codename": "change_major", 
        "name": "Can change major", 
        "content_type": 12
    }
},
{
    "pk": 36, 
    "model": "auth.permission", 
    "fields": {
        "codename": "delete_major", 
        "name": "Can delete major", 
        "content_type": 12
    }
},
{
    "pk": 37, 
    "model": "auth.permission", 
    "fields": {
        "codename": "add_minor", 
        "name": "Can add minor", 
        "content_type": 13
    }
},
{
    "pk": 38, 
    "model": "auth.permission", 
    "fields": {
        "codename": "change_minor", 
        "name": "Can change minor", 
        "content_type": 13
    }
},
{
    "pk": 39, 
    "model": "auth.permission", 
    "fields": {
        "codename": "delete_minor", 
        "name": "Can delete minor", 
        "content_type": 13
    }
},
{
    "pk": 40, 
    "model": "auth.permission", 
    "fields": {
        "codename": "add_facultymember", 
        "name": "Can add faculty member", 
        "content_type": 14
    }
},
{
    "pk": 41, 
    "model": "auth.permission", 
    "fields": {
        "codename": "change_facultymember", 
        "name": "Can change faculty member", 
        "content_type": 14
    }
},
{
    "pk": 42, 
    "model": "auth.permission", 
    "fields": {
        "codename": "delete_facultymember", 
        "name": "Can delete faculty member", 
        "content_type": 14
    }
},
{
    "pk": 43, 
    "model": "auth.permission", 
    "fields": {
        "codename": "add_staffmember", 
        "name": "Can add staff member", 
        "content_type": 15
    }
},
{
    "pk": 44, 
    "model": "auth.permission", 
    "fields": {
        "codename": "change_staffmember", 
        "name": "Can change staff member", 
        "content_type": 15
    }
},
{
    "pk": 45, 
    "model": "auth.permission", 
    "fields": {
        "codename": "delete_staffmember", 
        "name": "Can delete staff member", 
        "content_type": 15
    }
},
{
    "pk": 46, 
    "model": "auth.permission", 
    "fields": {
        "codename": "add_academicyear", 
        "name": "Can add academic year", 
        "content_type": 16
    }
},
{
    "pk": 47, 
    "model": "auth.permission", 
    "fields": {
        "codename": "change_academicyear", 
        "name": "Can change academic year", 
        "content_type": 16
    }
},
{
    "pk": 48, 
    "model": "auth.permission", 
    "fields": {
        "codename": "delete_academicyear", 
        "name": "Can delete academic year", 
        "content_type": 16
    }
},
{
    "pk": 49, 
    "model": "auth.permission", 
    "fields": {
        "codename": "add_semestername", 
        "name": "Can add semester name", 
        "content_type": 17
    }
},
{
    "pk": 50, 
    "model": "auth.permission", 
    "fields": {
        "codename": "change_semestername", 
        "name": "Can change semester name", 
        "content_type": 17
    }
},
{
    "pk": 51, 
    "model": "auth.permission", 
    "fields": {
        "codename": "delete_semestername", 
        "name": "Can delete semester name", 
        "content_type": 17
    }
},
{
    "pk": 52, 
    "model": "auth.permission", 
    "fields": {
        "codename": "add_semester", 
        "name": "Can add semester", 
        "content_type": 18
    }
},
{
    "pk": 53, 
    "model": "auth.permission", 
    "fields": {
        "codename": "change_semester", 
        "name": "Can change semester", 
        "content_type": 18
    }
},
{
    "pk": 54, 
    "model": "auth.permission", 
    "fields": {
        "codename": "delete_semester", 
        "name": "Can delete semester", 
        "content_type": 18
    }
},
{
    "pk": 55, 
    "model": "auth.permission", 
    "fields": {
        "codename": "add_holiday", 
        "name": "Can add holiday", 
        "content_type": 19
    }
},
{
    "pk": 56, 
    "model": "auth.permission", 
    "fields": {
        "codename": "change_holiday", 
        "name": "Can change holiday", 
        "content_type": 19
    }
},
{
    "pk": 57, 
    "model": "auth.permission", 
    "fields": {
        "codename": "delete_holiday", 
        "name": "Can delete holiday", 
        "content_type": 19
    }
},
{
    "pk": 58, 
    "model": "auth.permission", 
    "fields": {
        "codename": "add_building", 
        "name": "Can add building", 
        "content_type": 20
    }
},
{
    "pk": 59, 
    "model": "auth.permission", 
    "fields": {
        "codename": "change_building", 
        "name": "Can change building", 
        "content_type": 20
    }
},
{
    "pk": 60, 
    "model": "auth.permission", 
    "fields": {
        "codename": "delete_building", 
        "name": "Can delete building", 
        "content_type": 20
    }
},
{
    "pk": 61, 
    "model": "auth.permission", 
    "fields": {
        "codename": "add_room", 
        "name": "Can add room", 
        "content_type": 21
    }
},
{
    "pk": 62, 
    "model": "auth.permission", 
    "fields": {
        "codename": "change_room", 
        "name": "Can change room", 
        "content_type": 21
    }
},
{
    "pk": 63, 
    "model": "auth.permission", 
    "fields": {
        "codename": "delete_room", 
        "name": "Can delete room", 
        "content_type": 21
    }
},
{
    "pk": 64, 
    "model": "auth.permission", 
    "fields": {
        "codename": "add_subject", 
        "name": "Can add subject", 
        "content_type": 22
    }
},
{
    "pk": 65, 
    "model": "auth.permission", 
    "fields": {
        "codename": "change_subject", 
        "name": "Can change subject", 
        "content_type": 22
    }
},
{
    "pk": 66, 
    "model": "auth.permission", 
    "fields": {
        "codename": "delete_subject", 
        "name": "Can delete subject", 
        "content_type": 22
    }
},
{
    "pk": 67, 
    "model": "auth.permission", 
    "fields": {
        "codename": "add_courseattribute", 
        "name": "Can add course attribute", 
        "content_type": 23
    }
},
{
    "pk": 68, 
    "model": "auth.permission", 
    "fields": {
        "codename": "change_courseattribute", 
        "name": "Can change course attribute", 
        "content_type": 23
    }
},
{
    "pk": 69, 
    "model": "auth.permission", 
    "fields": {
        "codename": "delete_courseattribute", 
        "name": "Can delete course attribute", 
        "content_type": 23
    }
},
{
    "pk": 70, 
    "model": "auth.permission", 
    "fields": {
        "codename": "add_course", 
        "name": "Can add course", 
        "content_type": 24
    }
},
{
    "pk": 71, 
    "model": "auth.permission", 
    "fields": {
        "codename": "change_course", 
        "name": "Can change course", 
        "content_type": 24
    }
},
{
    "pk": 72, 
    "model": "auth.permission", 
    "fields": {
        "codename": "delete_course", 
        "name": "Can delete course", 
        "content_type": 24
    }
},
{
    "pk": 73, 
    "model": "auth.permission", 
    "fields": {
        "codename": "add_student", 
        "name": "Can add student", 
        "content_type": 25
    }
},
{
    "pk": 74, 
    "model": "auth.permission", 
    "fields": {
        "codename": "change_student", 
        "name": "Can change student", 
        "content_type": 25
    }
},
{
    "pk": 75, 
    "model": "auth.permission", 
    "fields": {
        "codename": "delete_student", 
        "name": "Can delete student", 
        "content_type": 25
    }
},
{
    "pk": 76, 
    "model": "auth.permission", 
    "fields": {
        "codename": "add_courseoffering", 
        "name": "Can add course offering", 
        "content_type": 26
    }
},
{
    "pk": 77, 
    "model": "auth.permission", 
    "fields": {
        "codename": "change_courseoffering", 
        "name": "Can change course offering", 
        "content_type": 26
    }
},
{
    "pk": 78, 
    "model": "auth.permission", 
    "fields": {
        "codename": "delete_courseoffering", 
        "name": "Can delete course offering", 
        "content_type": 26
    }
},
{
    "pk": 79, 
    "model": "auth.permission", 
    "fields": {
        "codename": "add_grade", 
        "name": "Can add grade", 
        "content_type": 27
    }
},
{
    "pk": 80, 
    "model": "auth.permission", 
    "fields": {
        "codename": "change_grade", 
        "name": "Can change grade", 
        "content_type": 27
    }
},
{
    "pk": 81, 
    "model": "auth.permission", 
    "fields": {
        "codename": "delete_grade", 
        "name": "Can delete grade", 
        "content_type": 27
    }
},
{
    "pk": 82, 
    "model": "auth.permission", 
    "fields": {
        "codename": "add_coursetaken", 
        "name": "Can add course taken", 
        "content_type": 28
    }
},
{
    "pk": 83, 
    "model": "auth.permission", 
    "fields": {
        "codename": "change_coursetaken", 
        "name": "Can change course taken", 
        "content_type": 28
    }
},
{
    "pk": 84, 
    "model": "auth.permission", 
    "fields": {
        "codename": "delete_coursetaken", 
        "name": "Can delete course taken", 
        "content_type": 28
    }
},
{
    "pk": 85, 
    "model": "auth.permission", 
    "fields": {
        "codename": "add_offeringinstructor", 
        "name": "Can add offering instructor", 
        "content_type": 29
    }
},
{
    "pk": 86, 
    "model": "auth.permission", 
    "fields": {
        "codename": "change_offeringinstructor", 
        "name": "Can change offering instructor", 
        "content_type": 29
    }
},
{
    "pk": 87, 
    "model": "auth.permission", 
    "fields": {
        "codename": "delete_offeringinstructor", 
        "name": "Can delete offering instructor", 
        "content_type": 29
    }
},
{
    "pk": 88, 
    "model": "auth.permission", 
    "fields": {
        "codename": "add_classmeeting", 
        "name": "Can add class meeting", 
        "content_type": 30
    }
},
{
    "pk": 89, 
    "model": "auth.permission", 
    "fields": {
        "codename": "change_classmeeting", 
        "name": "Can change class meeting", 
        "content_type": 30
    }
},
{
    "pk": 90, 
    "model": "auth.permission", 
    "fields": {
        "codename": "delete_classmeeting", 
        "name": "Can delete class meeting", 
        "content_type": 30
    }
},
{
    "pk": 91, 
    "model": "auth.permission", 
    "fields": {
        "codename": "add_requirementblock", 
        "name": "Can add requirement block", 
        "content_type": 31
    }
},
{
    "pk": 92, 
    "model": "auth.permission", 
    "fields": {
        "codename": "change_requirementblock", 
        "name": "Can change requirement block", 
        "content_type": 31
    }
},
{
    "pk": 93, 
    "model": "auth.permission", 
    "fields": {
        "codename": "delete_requirementblock", 
        "name": "Can delete requirement block", 
        "content_type": 31
    }
},
{
    "pk": 94, 
    "model": "auth.permission", 
    "fields": {
        "codename": "add_transfercourse", 
        "name": "Can add transfer course", 
        "content_type": 32
    }
},
{
    "pk": 95, 
    "model": "auth.permission", 
    "fields": {
        "codename": "change_transfercourse", 
        "name": "Can change transfer course", 
        "content_type": 32
    }
},
{
    "pk": 96, 
    "model": "auth.permission", 
    "fields": {
        "codename": "delete_transfercourse", 
        "name": "Can delete transfer course", 
        "content_type": 32
    }
},
{
    "pk": 97, 
    "model": "auth.permission", 
    "fields": {
        "codename": "add_advisingnote", 
        "name": "Can add advising note", 
        "content_type": 33
    }
},
{
    "pk": 98, 
    "model": "auth.permission", 
    "fields": {
        "codename": "change_advisingnote", 
        "name": "Can change advising note", 
        "content_type": 33
    }
},
{
    "pk": 99, 
    "model": "auth.permission", 
    "fields": {
        "codename": "delete_advisingnote", 
        "name": "Can delete advising note", 
        "content_type": 33
    }
},
{
    "pk": 100, 
    "model": "auth.permission", 
    "fields": {
        "codename": "add_classstanding", 
        "name": "Can add class standing", 
        "content_type": 34
    }
},
{
    "pk": 101, 
    "model": "auth.permission", 
    "fields": {
        "codename": "change_classstanding", 
        "name": "Can change class standing", 
        "content_type": 34
    }
},
{
    "pk": 102, 
    "model": "auth.permission", 
    "fields": {
        "codename": "delete_classstanding", 
        "name": "Can delete class standing", 
        "content_type": 34
    }
},
{
    "pk": 103, 
    "model": "auth.permission", 
    "fields": {
        "codename": "add_degreeprogram", 
        "name": "Can add degree program", 
        "content_type": 35
    }
},
{
    "pk": 104, 
    "model": "auth.permission", 
    "fields": {
        "codename": "change_degreeprogram", 
        "name": "Can change degree program", 
        "content_type": 35
    }
},
{
    "pk": 105, 
    "model": "auth.permission", 
    "fields": {
        "codename": "delete_degreeprogram", 
        "name": "Can delete degree program", 
        "content_type": 35
    }
},
{
    "pk": 106, 
    "model": "auth.permission", 
    "fields": {
        "codename": "add_degreeprogramcourse", 
        "name": "Can add degree program course", 
        "content_type": 36
    }
},
{
    "pk": 107, 
    "model": "auth.permission", 
    "fields": {
        "codename": "change_degreeprogramcourse", 
        "name": "Can change degree program course", 
        "content_type": 36
    }
},
{
    "pk": 108, 
    "model": "auth.permission", 
    "fields": {
        "codename": "delete_degreeprogramcourse", 
        "name": "Can delete degree program course", 
        "content_type": 36
    }
},
{
    "pk": 109, 
    "model": "auth.permission", 
    "fields": {
        "codename": "add_degreeprogram", 
        "name": "Can add degree program", 
        "content_type": 37
    }
},
{
    "pk": 110, 
    "model": "auth.permission", 
    "fields": {
        "codename": "change_degreeprogram", 
        "name": "Can change degree program", 
        "content_type": 37
    }
},
{
    "pk": 111, 
    "model": "auth.permission", 
    "fields": {
        "codename": "delete_degreeprogram", 
        "name": "Can delete degree program", 
        "content_type": 37
    }
},
{
    "pk": 112, 
    "model": "auth.permission", 
    "fields": {
        "codename": "add_degreeprogramcourse", 
        "name": "Can add degree program course", 
        "content_type": 38
    }
},
{
    "pk": 113, 
    "model": "auth.permission", 
    "fields": {
        "codename": "change_degreeprogramcourse", 
        "name": "Can change degree program course", 
        "content_type": 38
    }
},
{
    "pk": 114, 
    "model": "auth.permission", 
    "fields": {
        "codename": "delete_degreeprogramcourse", 
        "name": "Can delete degree program course", 
        "content_type": 38
    }
},
{
    "pk": 115, 
    "model": "auth.permission", 
    "fields": {
        "codename": "add_constraint", 
        "name": "Can add constraint", 
        "content_type": 24
    }
},
{
    "pk": 116, 
    "model": "auth.permission", 
    "fields": {
        "codename": "change_constraint", 
        "name": "Can change constraint", 
        "content_type": 24
    }
},
{
    "pk": 117, 
    "model": "auth.permission", 
    "fields": {
        "codename": "delete_constraint", 
        "name": "Can delete constraint", 
        "content_type": 24
    }
},
{
    "pk": 118, 
    "model": "auth.permission", 
    "fields": {
        "codename": "add_requirement", 
        "name": "Can add requirement", 
        "content_type": 25
    }
},
{
    "pk": 119, 
    "model": "auth.permission", 
    "fields": {
        "codename": "change_requirement", 
        "name": "Can change requirement", 
        "content_type": 25
    }
},
{
    "pk": 120, 
    "model": "auth.permission", 
    "fields": {
        "codename": "delete_requirement", 
        "name": "Can delete requirement", 
        "content_type": 25
    }
},
{
    "pk": 121, 
    "model": "auth.permission", 
    "fields": {
        "codename": "add_course", 
        "name": "Can add course", 
        "content_type": 26
    }
},
{
    "pk": 122, 
    "model": "auth.permission", 
    "fields": {
        "codename": "change_course", 
        "name": "Can change course", 
        "content_type": 26
    }
},
{
    "pk": 123, 
    "model": "auth.permission", 
    "fields": {
        "codename": "delete_course", 
        "name": "Can delete course", 
        "content_type": 26
    }
},
{
    "pk": 124, 
    "model": "auth.permission", 
    "fields": {
        "codename": "add_student", 
        "name": "Can add student", 
        "content_type": 27
    }
},
{
    "pk": 125, 
    "model": "auth.permission", 
    "fields": {
        "codename": "change_student", 
        "name": "Can change student", 
        "content_type": 27
    }
},
{
    "pk": 126, 
    "model": "auth.permission", 
    "fields": {
        "codename": "delete_student", 
        "name": "Can delete student", 
        "content_type": 27
    }
},
{
    "pk": 127, 
    "model": "auth.permission", 
    "fields": {
        "codename": "add_courseoffering", 
        "name": "Can add course offering", 
        "content_type": 28
    }
},
{
    "pk": 128, 
    "model": "auth.permission", 
    "fields": {
        "codename": "change_courseoffering", 
        "name": "Can change course offering", 
        "content_type": 28
    }
},
{
    "pk": 129, 
    "model": "auth.permission", 
    "fields": {
        "codename": "delete_courseoffering", 
        "name": "Can delete course offering", 
        "content_type": 28
    }
},
{
    "pk": 130, 
    "model": "auth.permission", 
    "fields": {
        "codename": "add_grade", 
        "name": "Can add grade", 
        "content_type": 29
    }
},
{
    "pk": 131, 
    "model": "auth.permission", 
    "fields": {
        "codename": "change_grade", 
        "name": "Can change grade", 
        "content_type": 29
    }
},
{
    "pk": 132, 
    "model": "auth.permission", 
    "fields": {
        "codename": "delete_grade", 
        "name": "Can delete grade", 
        "content_type": 29
    }
},
{
    "pk": 133, 
    "model": "auth.permission", 
    "fields": {
        "codename": "add_coursetaken", 
        "name": "Can add course taken", 
        "content_type": 30
    }
},
{
    "pk": 134, 
    "model": "auth.permission", 
    "fields": {
        "codename": "change_coursetaken", 
        "name": "Can change course taken", 
        "content_type": 30
    }
},
{
    "pk": 135, 
    "model": "auth.permission", 
    "fields": {
        "codename": "delete_coursetaken", 
        "name": "Can delete course taken", 
        "content_type": 30
    }
},
{
    "pk": 136, 
    "model": "auth.permission", 
    "fields": {
        "codename": "add_offeringinstructor", 
        "name": "Can add offering instructor", 
        "content_type": 31
    }
},
{
    "pk": 137, 
    "model": "auth.permission", 
    "fields": {
        "codename": "change_offeringinstructor", 
        "name": "Can change offering instructor", 
        "content_type": 31
    }
},
{
    "pk": 138, 
    "model": "auth.permission", 
    "fields": {
        "codename": "delete_offeringinstructor", 
        "name": "Can delete offering instructor", 
        "content_type": 31
    }
},
{
    "pk": 139, 
    "model": "auth.permission", 
    "fields": {
        "codename": "add_classmeeting", 
        "name": "Can add class meeting", 
        "content_type": 32
    }
},
{
    "pk": 140, 
    "model": "auth.permission", 
    "fields": {
        "codename": "change_classmeeting", 
        "name": "Can change class meeting", 
        "content_type": 32
    }
},
{
    "pk": 141, 
    "model": "auth.permission", 
    "fields": {
        "codename": "delete_classmeeting", 
        "name": "Can delete class meeting", 
        "content_type": 32
    }
},
{
    "pk": 142, 
    "model": "auth.permission", 
    "fields": {
        "codename": "add_requirementblock", 
        "name": "Can add requirement block", 
        "content_type": 33
    }
},
{
    "pk": 143, 
    "model": "auth.permission", 
    "fields": {
        "codename": "change_requirementblock", 
        "name": "Can change requirement block", 
        "content_type": 33
    }
},
{
    "pk": 144, 
    "model": "auth.permission", 
    "fields": {
        "codename": "delete_requirementblock", 
        "name": "Can delete requirement block", 
        "content_type": 33
    }
},
{
    "pk": 145, 
    "model": "auth.permission", 
    "fields": {
        "codename": "add_transfercourse", 
        "name": "Can add transfer course", 
        "content_type": 34
    }
},
{
    "pk": 146, 
    "model": "auth.permission", 
    "fields": {
        "codename": "change_transfercourse", 
        "name": "Can change transfer course", 
        "content_type": 34
    }
},
{
    "pk": 147, 
    "model": "auth.permission", 
    "fields": {
        "codename": "delete_transfercourse", 
        "name": "Can delete transfer course", 
        "content_type": 34
    }
},
{
    "pk": 148, 
    "model": "auth.permission", 
    "fields": {
        "codename": "add_advisingnote", 
        "name": "Can add advising note", 
        "content_type": 35
    }
},
{
    "pk": 149, 
    "model": "auth.permission", 
    "fields": {
        "codename": "change_advisingnote", 
        "name": "Can change advising note", 
        "content_type": 35
    }
},
{
    "pk": 150, 
    "model": "auth.permission", 
    "fields": {
        "codename": "delete_advisingnote", 
        "name": "Can delete advising note", 
        "content_type": 35
    }
},
{
    "pk": 151, 
    "model": "auth.permission", 
    "fields": {
        "codename": "add_classstanding", 
        "name": "Can add class standing", 
        "content_type": 36
    }
},
{
    "pk": 152, 
    "model": "auth.permission", 
    "fields": {
        "codename": "change_classstanding", 
        "name": "Can change class standing", 
        "content_type": 36
    }
},
{
    "pk": 153, 
    "model": "auth.permission", 
    "fields": {
        "codename": "delete_classstanding", 
        "name": "Can delete class standing", 
        "content_type": 36
    }
},
{
    "pk": 154, 
    "model": "auth.permission", 
    "fields": {
        "codename": "add_migrationhistory", 
        "name": "Can add migration history", 
        "content_type": 39
    }
},
{
    "pk": 155, 
    "model": "auth.permission", 
    "fields": {
        "codename": "change_migrationhistory", 
        "name": "Can change migration history", 
        "content_type": 39
    }
},
{
    "pk": 156, 
    "model": "auth.permission", 
    "fields": {
        "codename": "delete_migrationhistory", 
        "name": "Can delete migration history", 
        "content_type": 39
    }
},
{
    "pk": 160, 
    "model": "auth.permission", 
    "fields": {
        "codename": "add_coursesubstitution", 
        "name": "Can add course substitution", 
        "content_type": 41
    }
},
{
    "pk": 161, 
    "model": "auth.permission", 
    "fields": {
        "codename": "change_coursesubstitution", 
        "name": "Can change course substitution", 
        "content_type": 41
    }
},
{
    "pk": 162, 
    "model": "auth.permission", 
    "fields": {
        "codename": "delete_coursesubstitution", 
        "name": "Can delete course substitution", 
        "content_type": 41
    }
},
{
    "pk": 163, 
    "model": "auth.permission", 
    "fields": {
        "codename": "add_plannedcourse", 
        "name": "Can add planned course", 
        "content_type": 42
    }
},
{
    "pk": 164, 
    "model": "auth.permission", 
    "fields": {
        "codename": "change_plannedcourse", 
        "name": "Can change planned course", 
        "content_type": 42
    }
},
{
    "pk": 165, 
    "model": "auth.permission", 
    "fields": {
        "codename": "delete_plannedcourse", 
        "name": "Can delete planned course", 
        "content_type": 42
    }
},
{
    "pk": 166, 
    "model": "auth.permission", 
    "fields": {
        "codename": "add_credithour", 
        "name": "Can add credit hour", 
        "content_type": 43
    }
},
{
    "pk": 167, 
    "model": "auth.permission", 
    "fields": {
        "codename": "change_credithour", 
        "name": "Can change credit hour", 
        "content_type": 43
    }
},
{
    "pk": 168, 
    "model": "auth.permission", 
    "fields": {
        "codename": "delete_credithour", 
        "name": "Can delete credit hour", 
        "content_type": 43
    }
},
{
    "pk": 1, 
    "model": "auth.user", 
    "fields": {
        "username": "admin", 
        "first_name": "", 
        "last_name": "", 
        "is_active": true, 
        "is_superuser": true, 
        "is_staff": true, 
        "last_login": "2013-06-25T20:46:27.570Z", 
        "groups": [], 
        "user_permissions": [], 
        "password": "pbkdf2_sha256$10000$pFYyb1cgghTA$692VrSI8+Y75c6KCq3cLAFbd5xCK8VCEhDAbQFsKQj4=", 
        "email": "admin@example.com", 
        "date_joined": "2013-06-04T14:21:58.409Z"
    }
},
{
    "pk": "1w3rcv3c5lgsbnfjhqtcwd3m5pbmrj0s", 
    "model": "sessions.session", 
    "fields": {
        "expire_date": "2013-07-02T20:44:43.200Z", 
        "session_data": "OGI1NGExOGE0NjI3MWNlNzAzMDc1ODNjMWE0MDg1NzgwOWIwMjRmYTqAAn1xAShVEl9hdXRoX3VzZXJfYmFja2VuZHECVSlkamFuZ28uY29udHJpYi5hdXRoLmJhY2tlbmRzLk1vZGVsQmFja2VuZHEDVQ1fYXV0aF91c2VyX2lkcQRLAXUu"
    }
},
{
    "pk": "1wt38m6m7k6ky40b70jh6dc6cu69axux", 
    "model": "sessions.session", 
    "fields": {
        "expire_date": "2013-06-24T17:13:02.962Z", 
        "session_data": "OGI1NGExOGE0NjI3MWNlNzAzMDc1ODNjMWE0MDg1NzgwOWIwMjRmYTqAAn1xAShVEl9hdXRoX3VzZXJfYmFja2VuZHECVSlkamFuZ28uY29udHJpYi5hdXRoLmJhY2tlbmRzLk1vZGVsQmFja2VuZHEDVQ1fYXV0aF91c2VyX2lkcQRLAXUu"
    }
},
{
    "pk": "37815dwpcpifwidx7ww5gt5zmn447i6d", 
    "model": "sessions.session", 
    "fields": {
        "expire_date": "2013-07-09T20:46:27.592Z", 
        "session_data": "OGI1NGExOGE0NjI3MWNlNzAzMDc1ODNjMWE0MDg1NzgwOWIwMjRmYTqAAn1xAShVEl9hdXRoX3VzZXJfYmFja2VuZHECVSlkamFuZ28uY29udHJpYi5hdXRoLmJhY2tlbmRzLk1vZGVsQmFja2VuZHEDVQ1fYXV0aF91c2VyX2lkcQRLAXUu"
    }
},
{
    "pk": "cajr1xwjbqppyuaisnjcf5exzr0gf26w", 
    "model": "sessions.session", 
    "fields": {
        "expire_date": "2013-06-27T19:10:44.701Z", 
        "session_data": "OGI1NGExOGE0NjI3MWNlNzAzMDc1ODNjMWE0MDg1NzgwOWIwMjRmYTqAAn1xAShVEl9hdXRoX3VzZXJfYmFja2VuZHECVSlkamFuZ28uY29udHJpYi5hdXRoLmJhY2tlbmRzLk1vZGVsQmFja2VuZHEDVQ1fYXV0aF91c2VyX2lkcQRLAXUu"
    }
},
{
    "pk": "ln8ui11inf51ih8fxlx85oa243pbf1bd", 
    "model": "sessions.session", 
    "fields": {
        "expire_date": "2013-06-18T19:29:15.742Z", 
        "session_data": "OGI1NGExOGE0NjI3MWNlNzAzMDc1ODNjMWE0MDg1NzgwOWIwMjRmYTqAAn1xAShVEl9hdXRoX3VzZXJfYmFja2VuZHECVSlkamFuZ28uY29udHJpYi5hdXRoLmJhY2tlbmRzLk1vZGVsQmFja2VuZHEDVQ1fYXV0aF91c2VyX2lkcQRLAXUu"
    }
},
{
    "pk": "mj1qa7ufa2ud01qzqnk4dsq2uvz3u6b1", 
    "model": "sessions.session", 
    "fields": {
        "expire_date": "2013-06-19T16:45:20.793Z", 
        "session_data": "OGI1NGExOGE0NjI3MWNlNzAzMDc1ODNjMWE0MDg1NzgwOWIwMjRmYTqAAn1xAShVEl9hdXRoX3VzZXJfYmFja2VuZHECVSlkamFuZ28uY29udHJpYi5hdXRoLmJhY2tlbmRzLk1vZGVsQmFja2VuZHEDVQ1fYXV0aF91c2VyX2lkcQRLAXUu"
    }
},
{
    "pk": "u2zuqv7tmq69hailfz1qrozav4aab9qe", 
    "model": "sessions.session", 
    "fields": {
        "expire_date": "2013-06-20T20:30:57.016Z", 
        "session_data": "OGI1NGExOGE0NjI3MWNlNzAzMDc1ODNjMWE0MDg1NzgwOWIwMjRmYTqAAn1xAShVEl9hdXRoX3VzZXJfYmFja2VuZHECVSlkamFuZ28uY29udHJpYi5hdXRoLmJhY2tlbmRzLk1vZGVsQmFja2VuZHEDVQ1fYXV0aF91c2VyX2lkcQRLAXUu"
    }
},
{
    "pk": "ujlhxxamzxoc67zb8rr3ffb1nua41ygg", 
    "model": "sessions.session", 
    "fields": {
        "expire_date": "2013-06-26T19:59:16.247Z", 
        "session_data": "OGI1NGExOGE0NjI3MWNlNzAzMDc1ODNjMWE0MDg1NzgwOWIwMjRmYTqAAn1xAShVEl9hdXRoX3VzZXJfYmFja2VuZHECVSlkamFuZ28uY29udHJpYi5hdXRoLmJhY2tlbmRzLk1vZGVsQmFja2VuZHEDVQ1fYXV0aF91c2VyX2lkcQRLAXUu"
    }
},
{
    "pk": 1, 
    "model": "sites.site", 
    "fields": {
        "domain": "example.com", 
        "name": "example.com"
    }
},
{
    "pk": 1, 
    "model": "admin.logentry", 
    "fields": {
        "action_flag": 3, 
        "action_time": "2013-06-25T21:28:55.028Z", 
        "object_repr": "2011-2012", 
        "object_id": "4", 
        "change_message": "", 
        "user": 1, 
        "content_type": 17
    }
},
{
    "pk": 2, 
    "model": "admin.logentry", 
    "fields": {
        "action_flag": 3, 
        "action_time": "2013-06-25T21:28:55.048Z", 
        "object_repr": "2012-2013", 
        "object_id": "3", 
        "change_message": "", 
        "user": 1, 
        "content_type": 17
    }
},
{
    "pk": 3, 
    "model": "admin.logentry", 
    "fields": {
        "action_flag": 3, 
        "action_time": "2013-06-25T21:40:10.442Z", 
        "object_repr": "2018-2018", 
        "object_id": "7", 
        "change_message": "", 
        "user": 1, 
        "content_type": 17
    }
},
{
    "pk": 1, 
    "model": "south.migrationhistory", 
    "fields": {
        "applied": "2013-06-18T20:32:43.579Z", 
        "app_name": "planner", 
        "migration": "0001_initial"
    }
},
{
    "pk": 2, 
    "model": "south.migrationhistory", 
    "fields": {
        "applied": "2013-06-18T20:42:23.393Z", 
        "app_name": "planner", 
        "migration": "0002_auto__add_field_course_min_credit_hours__add_field_course_max_credit_h"
    }
},
{
    "pk": 3, 
    "model": "south.migrationhistory", 
    "fields": {
        "applied": "2013-06-18T20:42:23.659Z", 
        "app_name": "planner", 
        "migration": "0003_create_min_max_credit_hours_from_credit_hours"
    }
},
{
    "pk": 4, 
    "model": "south.migrationhistory", 
    "fields": {
        "applied": "2013-06-18T20:42:24.051Z", 
        "app_name": "planner", 
        "migration": "0004_auto__del_field_course_credit_hours__chg_field_course_min_credit_hours"
    }
},
{
    "pk": 5, 
    "model": "south.migrationhistory", 
    "fields": {
        "applied": "2013-06-20T20:12:06.596Z", 
        "app_name": "planner", 
        "migration": "0005_auto__del_requirementblock__del_transfercourse__add_coursesubstitution"
    }
},
{
    "pk": 6, 
    "model": "south.migrationhistory", 
    "fields": {
        "applied": "2013-06-20T20:31:41.413Z", 
        "app_name": "planner", 
        "migration": "0006_auto__add_plannedcourse"
    }
},
{
    "pk": 7, 
    "model": "south.migrationhistory", 
    "fields": {
        "applied": "2013-06-21T19:52:04.462Z", 
        "app_name": "planner", 
        "migration": "0007_auto__add_field_courseoffering_status"
    }
},
{
    "pk": 8, 
    "model": "south.migrationhistory", 
    "fields": {
        "applied": "2013-06-21T20:26:38.313Z", 
        "app_name": "planner", 
        "migration": "0008_auto__add_credithour__add_field_course_credit_hour"
    }
},
{
    "pk": 9, 
    "model": "south.migrationhistory", 
    "fields": {
        "applied": "2013-06-21T20:26:38.675Z", 
        "app_name": "planner", 
        "migration": "0009_replace_min_max_credit_hour_with_credit_hour"
    }
},
{
    "pk": 10, 
    "model": "south.migrationhistory", 
    "fields": {
        "applied": "2013-06-21T20:26:38.995Z", 
        "app_name": "planner", 
        "migration": "0010_auto__del_field_course_min_credit_hours__del_field_course_max_credit_h"
    }
},
{
    "pk": 11, 
    "model": "south.migrationhistory", 
    "fields": {
        "applied": "2013-06-21T20:27:54.829Z", 
        "app_name": "planner", 
        "migration": "0011_auto__chg_field_course_credit_hour"
    }
},
{
    "pk": 12, 
    "model": "south.migrationhistory", 
    "fields": {
        "applied": "2013-06-21T20:37:16.709Z", 
        "app_name": "planner", 
        "migration": "0012_auto__add_field_course_credit_hours"
    }
},
{
    "pk": 13, 
    "model": "south.migrationhistory", 
    "fields": {
        "applied": "2013-06-21T20:37:17.050Z", 
        "app_name": "planner", 
        "migration": "0013_replace_credit_hour_with_credit_hours"
    }
},
{
    "pk": 14, 
    "model": "south.migrationhistory", 
    "fields": {
        "applied": "2013-06-21T20:38:49.239Z", 
        "app_name": "planner", 
        "migration": "0014_auto__del_field_course_credit_hour__chg_field_course_credit_hours"
    }
},
{
    "pk": 15, 
    "model": "south.migrationhistory", 
    "fields": {
        "applied": "2013-06-25T21:49:36.903Z", 
        "app_name": "planner", 
        "migration": "0015_auto__add_unique_semester_name_year"
    }
},
{
    "pk": 1, 
    "model": "planner.person", 
    "fields": {
        "first_name": "Professor", 
        "last_name": "X", 
        "work_phone": "", 
        "photo": "", 
        "created_at": "2013-06-04T20:36:40.160Z", 
        "updated_at": "2013-06-04T20:36:40.160Z", 
        "home_phone": "", 
        "cell_phone": "", 
        "nickname": ""
    }
},
{
    "pk": 2, 
    "model": "planner.person", 
    "fields": {
        "first_name": "John", 
        "last_name": "Doe", 
        "work_phone": "", 
        "photo": "", 
        "created_at": "2013-06-05T17:02:52.054Z", 
        "updated_at": "2013-06-05T17:02:52.054Z", 
        "home_phone": "", 
        "cell_phone": "", 
        "nickname": ""
    }
},
{
    "pk": 1, 
    "model": "planner.university", 
    "fields": {
        "url": "http://www.taylor.edu/", 
        "created_at": "2013-06-04T19:39:37.002Z", 
        "updated_at": "2013-06-04T19:39:37.002Z", 
        "name": "Taylor University"
    }
},
{
    "pk": 1, 
    "model": "planner.school", 
    "fields": {
        "university": 1, 
        "created_at": "2013-06-04T19:49:22.863Z", 
        "dean": null, 
        "updated_at": "2013-06-04T19:49:22.863Z", 
        "name": "Natural and Applied Sciences"
    }
},
{
    "pk": 2, 
    "model": "planner.school", 
    "fields": {
        "university": 1, 
        "created_at": "2013-06-10T17:13:25.341Z", 
        "dean": null, 
        "updated_at": "2013-06-10T17:13:25.341Z", 
        "name": "Liberal Arts"
    }
},
{
    "pk": 3, 
    "model": "planner.school", 
    "fields": {
        "university": 1, 
        "created_at": "2013-06-10T17:13:38.098Z", 
        "dean": null, 
        "updated_at": "2013-06-10T17:13:38.098Z", 
        "name": "Business"
    }
},
{
    "pk": 4, 
    "model": "planner.school", 
    "fields": {
        "university": 1, 
        "created_at": "2013-06-10T17:13:53.455Z", 
        "dean": null, 
        "updated_at": "2013-06-10T17:13:53.455Z", 
        "name": "Professional Studies"
    }
},
{
    "pk": 1, 
    "model": "planner.department", 
    "fields": {
        "abbrev": "CSE", 
        "chair": null, 
        "name": "Computer Science and Engineering", 
        "school": 1
    }
},
{
    "pk": 2, 
    "model": "planner.department", 
    "fields": {
        "abbrev": "Biology", 
        "chair": null, 
        "name": "Biology", 
        "school": 1
    }
},
{
    "pk": 3, 
    "model": "planner.department", 
    "fields": {
        "abbrev": "ART", 
        "chair": null, 
        "name": "Art", 
        "school": 2
    }
},
{
    "pk": 4, 
    "model": "planner.department", 
    "fields": {
        "abbrev": "BIB", 
        "chair": null, 
        "name": "Biblical Studies", 
        "school": 2
    }
},
{
    "pk": 5, 
    "model": "planner.department", 
    "fields": {
        "abbrev": "CEM", 
        "chair": null, 
        "name": "Christian Educational Ministries", 
        "school": 2
    }
},
{
    "pk": 6, 
    "model": "planner.department", 
    "fields": {
        "abbrev": "COM", 
        "chair": null, 
        "name": "Communication", 
        "school": 2
    }
},
{
    "pk": 7, 
    "model": "planner.department", 
    "fields": {
        "abbrev": "ENG", 
        "chair": null, 
        "name": "English", 
        "school": 2
    }
},
{
    "pk": 8, 
    "model": "planner.department", 
    "fields": {
        "abbrev": "GEO", 
        "chair": null, 
        "name": "Geography", 
        "school": 2
    }
},
{
    "pk": 9, 
    "model": "planner.department", 
    "fields": {
        "abbrev": "MCM", 
        "chair": null, 
        "name": "Media Communication", 
        "school": 2
    }
},
{
    "pk": 10, 
    "model": "planner.department", 
    "fields": {
        "abbrev": "MUS", 
        "chair": null, 
        "name": "Music", 
        "school": 2
    }
},
{
    "pk": 11, 
    "model": "planner.department", 
    "fields": {
        "abbrev": "PHI", 
        "chair": null, 
        "name": "Philosophy", 
        "school": 2
    }
},
{
    "pk": 12, 
    "model": "planner.department", 
    "fields": {
        "abbrev": "POS", 
        "chair": null, 
        "name": "Political Science", 
        "school": 2
    }
},
{
    "pk": 13, 
    "model": "planner.department", 
    "fields": {
        "abbrev": "PSY", 
        "chair": null, 
        "name": "Psychology", 
        "school": 2
    }
},
{
    "pk": 14, 
    "model": "planner.department", 
    "fields": {
        "abbrev": "SOC", 
        "chair": null, 
        "name": "Sociology", 
        "school": 2
    }
},
{
    "pk": 15, 
    "model": "planner.department", 
    "fields": {
        "abbrev": "CHE", 
        "chair": null, 
        "name": "Chemistry and Biochemistry", 
        "school": 1
    }
},
{
    "pk": 16, 
    "model": "planner.department", 
    "fields": {
        "abbrev": "EES", 
        "chair": null, 
        "name": "Earth and Environmental Science", 
        "school": 1
    }
},
{
    "pk": 17, 
    "model": "planner.department", 
    "fields": {
        "abbrev": "MAT", 
        "chair": null, 
        "name": "Mathematics", 
        "school": 1
    }
},
{
    "pk": 18, 
    "model": "planner.department", 
    "fields": {
        "abbrev": "MDL", 
        "chair": null, 
        "name": "Modern Languages", 
        "school": 2
    }
},
{
    "pk": 19, 
    "model": "planner.department", 
    "fields": {
        "abbrev": "", 
        "chair": null, 
        "name": "Physics and Engineering", 
        "school": 1
    }
},
{
    "pk": 20, 
    "model": "planner.department", 
    "fields": {
        "abbrev": "PHP", 
        "chair": null, 
        "name": "Physical Education and Human Performance", 
        "school": 4
    }
},
{
    "pk": 1, 
    "model": "planner.major", 
    "fields": {
        "department": 1, 
        "name": "Computer Science (BS)"
    }
},
{
    "pk": 1, 
    "model": "planner.minor", 
    "fields": {
        "department": 1, 
        "name": "Computer Science"
    }
},
{
    "pk": 1, 
    "model": "planner.facultymember", 
    "fields": {
        "department": 1, 
        "university": 1, 
        "faculty_id": "1", 
        "rank": "Full"
    }
},
{
    "pk": 1, 
    "model": "planner.academicyear", 
    "fields": {
        "end_on": "2013-08-18", 
        "begin_on": "2012-08-27"
    }
},
{
    "pk": 2, 
    "model": "planner.academicyear", 
    "fields": {
        "end_on": "2012-08-26", 
        "begin_on": "2011-08-29"
    }
},
{
    "pk": 3, 
    "model": "planner.academicyear", 
    "fields": {
        "end_on": "2014-07-31", 
        "begin_on": "2013-08-01"
    }
},
{
    "pk": 4, 
    "model": "planner.academicyear", 
    "fields": {
        "end_on": "2015-07-31", 
        "begin_on": "2014-08-01"
    }
},
{
    "pk": 5, 
    "model": "planner.academicyear", 
    "fields": {
        "end_on": "2016-07-31", 
        "begin_on": "2015-08-01"
    }
},
{
    "pk": 6, 
    "model": "planner.academicyear", 
    "fields": {
        "end_on": "2017-07-31", 
        "begin_on": "2016-08-01"
    }
},
{
    "pk": 8, 
    "model": "planner.academicyear", 
    "fields": {
        "end_on": "2019-07-31", 
        "begin_on": "2018-08-01"
    }
},
{
    "pk": 9, 
    "model": "planner.academicyear", 
    "fields": {
        "end_on": "2018-07-31", 
        "begin_on": "2017-08-01"
    }
},
{
    "pk": 1, 
    "model": "planner.semestername", 
    "fields": {
        "name": "Fall", 
        "seq": 10
    }
},
{
    "pk": 2, 
    "model": "planner.semestername", 
    "fields": {
        "name": "J-Term", 
        "seq": 20
    }
},
{
    "pk": 3, 
    "model": "planner.semestername", 
    "fields": {
        "name": "Spring", 
        "seq": 30
    }
},
{
    "pk": 4, 
    "model": "planner.semestername", 
    "fields": {
        "name": "Summer", 
        "seq": 40
    }
},
{
    "pk": 1, 
    "model": "planner.semester", 
    "fields": {
        "begin_on": "2012-08-27", 
        "end_on": "2012-12-18", 
        "name": 1, 
        "year": 1
    }
},
{
    "pk": 2, 
    "model": "planner.semester", 
    "fields": {
        "begin_on": "2013-01-03", 
        "end_on": "2013-01-28", 
        "name": 2, 
        "year": 1
    }
},
{
    "pk": 3, 
    "model": "planner.semester", 
    "fields": {
        "begin_on": "2013-01-31", 
        "end_on": "2013-05-21", 
        "name": 3, 
        "year": 1
    }
},
{
    "pk": 4, 
    "model": "planner.semester", 
    "fields": {
        "begin_on": "2013-05-23", 
        "end_on": "2013-08-18", 
        "name": 4, 
        "year": 1
    }
},
{
    "pk": 5, 
    "model": "planner.semester", 
    "fields": {
        "begin_on": "2013-08-01", 
        "end_on": "2013-12-18", 
        "name": 1, 
        "year": 3
    }
},
{
    "pk": 6, 
    "model": "planner.semester", 
    "fields": {
        "begin_on": "2014-01-03", 
        "end_on": "2014-01-28", 
        "name": 2, 
        "year": 3
    }
},
{
    "pk": 7, 
    "model": "planner.semester", 
    "fields": {
        "begin_on": "2014-01-31", 
        "end_on": "2014-05-21", 
        "name": 3, 
        "year": 3
    }
},
{
    "pk": 8, 
    "model": "planner.semester", 
    "fields": {
        "begin_on": "2014-05-23", 
        "end_on": "2014-07-31", 
        "name": 4, 
        "year": 3
    }
},
{
    "pk": 9, 
    "model": "planner.semester", 
    "fields": {
        "begin_on": "2014-08-01", 
        "end_on": "2014-12-18", 
        "name": 1, 
        "year": 4
    }
},
{
    "pk": 10, 
    "model": "planner.semester", 
    "fields": {
        "begin_on": "2015-01-03", 
        "end_on": "2015-01-28", 
        "name": 2, 
        "year": 4
    }
},
{
    "pk": 11, 
    "model": "planner.semester", 
    "fields": {
        "begin_on": "2015-01-31", 
        "end_on": "2015-05-21", 
        "name": 3, 
        "year": 4
    }
},
{
    "pk": 12, 
    "model": "planner.semester", 
    "fields": {
        "begin_on": "2015-05-23", 
        "end_on": "2015-07-31", 
        "name": 4, 
        "year": 4
    }
},
{
    "pk": 13, 
    "model": "planner.semester", 
    "fields": {
        "begin_on": "2015-08-01", 
        "end_on": "2015-12-18", 
        "name": 1, 
        "year": 5
    }
},
{
    "pk": 14, 
    "model": "planner.semester", 
    "fields": {
        "begin_on": "2016-01-03", 
        "end_on": "2016-01-28", 
        "name": 2, 
        "year": 5
    }
},
{
    "pk": 15, 
    "model": "planner.semester", 
    "fields": {
        "begin_on": "2016-01-31", 
        "end_on": "2016-05-21", 
        "name": 3, 
        "year": 5
    }
},
{
    "pk": 16, 
    "model": "planner.semester", 
    "fields": {
        "begin_on": "2016-05-23", 
        "end_on": "2016-07-31", 
        "name": 4, 
        "year": 5
    }
},
{
    "pk": 17, 
    "model": "planner.semester", 
    "fields": {
        "begin_on": "2016-08-01", 
        "end_on": "2016-12-18", 
        "name": 1, 
        "year": 6
    }
},
{
    "pk": 18, 
    "model": "planner.semester", 
    "fields": {
        "begin_on": "2017-01-03", 
        "end_on": "2017-01-28", 
        "name": 2, 
        "year": 6
    }
},
{
    "pk": 19, 
    "model": "planner.semester", 
    "fields": {
        "begin_on": "2017-01-31", 
        "end_on": "2017-05-21", 
        "name": 3, 
        "year": 6
    }
},
{
    "pk": 20, 
    "model": "planner.semester", 
    "fields": {
        "begin_on": "2017-05-23", 
        "end_on": "2017-07-31", 
        "name": 4, 
        "year": 6
    }
},
{
    "pk": 21, 
    "model": "planner.semester", 
    "fields": {
        "begin_on": "2017-08-01", 
        "end_on": "2017-12-18", 
        "name": 1, 
        "year": 9
    }
},
{
    "pk": 22, 
    "model": "planner.semester", 
    "fields": {
        "begin_on": "2018-01-03", 
        "end_on": "2018-01-28", 
        "name": 2, 
        "year": 9
    }
},
{
    "pk": 23, 
    "model": "planner.semester", 
    "fields": {
        "begin_on": "2018-01-31", 
        "end_on": "2018-05-21", 
        "name": 3, 
        "year": 9
    }
},
{
    "pk": 24, 
    "model": "planner.semester", 
    "fields": {
        "begin_on": "2018-05-23", 
        "end_on": "2018-07-31", 
        "name": 4, 
        "year": 9
    }
},
{
    "pk": 1, 
    "model": "planner.subject", 
    "fields": {
        "department": 1, 
        "abbrev": "COS", 
        "created_at": "2013-06-04T20:21:31.584Z", 
        "updated_at": "2013-06-04T20:21:31.584Z", 
        "name": "Computer Science"
    }
},
{
    "pk": 2, 
    "model": "planner.subject", 
    "fields": {
        "department": 2, 
        "abbrev": "BIO", 
        "created_at": "2013-06-06T20:38:00.273Z", 
        "updated_at": "2013-06-06T20:38:00.273Z", 
        "name": "Biology"
    }
},
{
    "pk": 3, 
    "model": "planner.subject", 
    "fields": {
        "department": 17, 
        "abbrev": "MAT", 
        "created_at": "2013-06-10T19:04:01.140Z", 
        "updated_at": "2013-06-10T19:04:01.140Z", 
        "name": "Mathematics"
    }
},
{
    "pk": 4, 
    "model": "planner.subject", 
    "fields": {
        "department": 1, 
        "abbrev": "SYS", 
        "created_at": "2013-06-10T19:10:20.354Z", 
        "updated_at": "2013-06-10T19:10:20.354Z", 
        "name": "Systems"
    }
},
{
    "pk": 5, 
    "model": "planner.subject", 
    "fields": {
        "department": 15, 
        "abbrev": "CHE", 
        "created_at": "2013-06-11T20:23:23.525Z", 
        "updated_at": "2013-06-11T20:23:23.525Z", 
        "name": "Chemistry"
    }
},
{
    "pk": 6, 
    "model": "planner.subject", 
    "fields": {
        "department": 16, 
        "abbrev": "ENS", 
        "created_at": "2013-06-11T20:24:07.283Z", 
        "updated_at": "2013-06-11T20:24:07.283Z", 
        "name": "Environmental Science"
    }
},
{
    "pk": 7, 
    "model": "planner.subject", 
    "fields": {
        "department": 19, 
        "abbrev": "PHY", 
        "created_at": "2013-06-11T20:27:14.852Z", 
        "updated_at": "2013-06-11T20:27:14.852Z", 
        "name": "Physics"
    }
},
{
    "pk": 8, 
    "model": "planner.subject", 
    "fields": {
        "department": 19, 
        "abbrev": "ENP", 
        "created_at": "2013-06-11T20:29:11.836Z", 
        "updated_at": "2013-06-11T20:29:11.836Z", 
        "name": "Engineering"
    }
},
{
    "pk": 9, 
    "model": "planner.subject", 
    "fields": {
        "department": 16, 
        "abbrev": "GEO", 
        "created_at": "2013-06-11T20:31:10.179Z", 
        "updated_at": "2013-06-11T20:31:10.179Z", 
        "name": "Geology"
    }
},
{
    "pk": 10, 
    "model": "planner.subject", 
    "fields": {
        "department": null, 
        "abbrev": "IAS", 
        "created_at": "2013-06-12T22:30:47.726Z", 
        "updated_at": "2013-06-12T22:30:47.726Z", 
        "name": "Interarea Studies"
    }
},
{
    "pk": 11, 
    "model": "planner.subject", 
    "fields": {
        "department": 4, 
        "abbrev": "BIB", 
        "created_at": "2013-06-12T22:33:27.860Z", 
        "updated_at": "2013-06-12T22:33:27.860Z", 
        "name": "Biblical Studies"
    }
},
{
    "pk": 12, 
    "model": "planner.subject", 
    "fields": {
        "department": 4, 
        "abbrev": "REL", 
        "created_at": "2013-06-12T22:34:37.131Z", 
        "updated_at": "2013-06-12T22:34:37.131Z", 
        "name": "Religion"
    }
},
{
    "pk": 13, 
    "model": "planner.subject", 
    "fields": {
        "department": 11, 
        "abbrev": "PHI", 
        "created_at": "2013-06-12T22:35:31.234Z", 
        "updated_at": "2013-06-12T22:35:31.234Z", 
        "name": "Philosophy"
    }
},
{
    "pk": 14, 
    "model": "planner.subject", 
    "fields": {
        "department": 20, 
        "abbrev": "PHP", 
        "created_at": "2013-06-12T22:41:32.309Z", 
        "updated_at": "2013-06-12T22:41:32.309Z", 
        "name": "Physical Education and Human Performance"
    }
},
{
    "pk": 15, 
    "model": "planner.subject", 
    "fields": {
        "department": null, 
        "abbrev": "HUM", 
        "created_at": "2013-06-13T19:16:54.153Z", 
        "updated_at": "2013-06-13T19:16:54.153Z", 
        "name": "Humanities"
    }
},
{
    "pk": 16, 
    "model": "planner.subject", 
    "fields": {
        "department": 9, 
        "abbrev": "MCM", 
        "created_at": "2013-06-13T19:22:55.661Z", 
        "updated_at": "2013-06-13T19:22:55.661Z", 
        "name": "332"
    }
},
{
    "pk": 17, 
    "model": "planner.subject", 
    "fields": {
        "department": 10, 
        "abbrev": "MUS", 
        "created_at": "2013-06-13T19:23:50.823Z", 
        "updated_at": "2013-06-13T19:23:50.823Z", 
        "name": "Music"
    }
},
{
    "pk": 18, 
    "model": "planner.subject", 
    "fields": {
        "department": 7, 
        "abbrev": "ENG", 
        "created_at": "2013-06-13T19:51:01.309Z", 
        "updated_at": "2013-06-13T19:51:01.309Z", 
        "name": "English"
    }
},
{
    "pk": 19, 
    "model": "planner.subject", 
    "fields": {
        "department": 6, 
        "abbrev": "CAS", 
        "created_at": "2013-06-13T19:54:49.485Z", 
        "updated_at": "2013-06-13T19:54:49.485Z", 
        "name": "Communication Studies"
    }
},
{
    "pk": 20, 
    "model": "planner.subject", 
    "fields": {
        "department": 14, 
        "abbrev": "SOC", 
        "created_at": "2013-06-13T20:07:04.253Z", 
        "updated_at": "2013-06-13T20:07:04.253Z", 
        "name": "Sociology"
    }
},
{
    "pk": 21, 
    "model": "planner.subject", 
    "fields": {
        "department": null, 
        "abbrev": "CAT", 
        "created_at": "2013-06-13T20:22:19.838Z", 
        "updated_at": "2013-06-13T20:22:19.838Z", 
        "name": "Communication Arts"
    }
},
{
    "pk": 22, 
    "model": "planner.subject", 
    "fields": {
        "department": null, 
        "abbrev": "ECO", 
        "created_at": "2013-06-13T20:26:06.333Z", 
        "updated_at": "2013-06-13T20:26:06.333Z", 
        "name": "Economics"
    }
},
{
    "pk": 23, 
    "model": "planner.subject", 
    "fields": {
        "department": null, 
        "abbrev": "HIS", 
        "created_at": "2013-06-13T20:54:12.111Z", 
        "updated_at": "2013-06-13T20:54:12.111Z", 
        "name": "History"
    }
},
{
    "pk": 24, 
    "model": "planner.subject", 
    "fields": {
        "department": 12, 
        "abbrev": "POS", 
        "created_at": "2013-06-13T20:54:33.073Z", 
        "updated_at": "2013-06-13T20:54:39.447Z", 
        "name": "Political Science"
    }
},
{
    "pk": 25, 
    "model": "planner.subject", 
    "fields": {
        "department": 13, 
        "abbrev": "PSY", 
        "created_at": "2013-06-13T20:56:33.080Z", 
        "updated_at": "2013-06-13T20:56:33.080Z", 
        "name": "Psychology"
    }
},
{
    "pk": 26, 
    "model": "planner.subject", 
    "fields": {
        "department": null, 
        "abbrev": "SWK", 
        "created_at": "2013-06-13T20:56:47.147Z", 
        "updated_at": "2013-06-13T20:56:47.147Z", 
        "name": "Social Work"
    }
},
{
    "pk": 1, 
    "model": "planner.courseattribute", 
    "fields": {
        "abbrev": "SP", 
        "created_at": "2013-06-04T20:26:04.492Z", 
        "updated_at": "2013-06-04T20:26:04.492Z", 
        "name": "Speaking"
    }
},
{
    "pk": 2, 
    "model": "planner.courseattribute", 
    "fields": {
        "abbrev": "CC", 
        "created_at": "2013-06-04T20:26:14.871Z", 
        "updated_at": "2013-06-04T20:26:14.871Z", 
        "name": "Cross Cultural"
    }
},
{
    "pk": 3, 
    "model": "planner.courseattribute", 
    "fields": {
        "abbrev": "WR", 
        "created_at": "2013-06-04T20:26:23.753Z", 
        "updated_at": "2013-06-04T20:26:23.753Z", 
        "name": "Writing"
    }
},
{
    "pk": 1, 
    "model": "planner.constraint", 
    "fields": {
        "constraint_text": "any", 
        "name": "Any - When any of the courses will meet requirements"
    }
},
{
    "pk": 2, 
    "model": "planner.constraint", 
    "fields": {
        "constraint_text": "all", 
        "name": "All - when all courses are requried"
    }
},
{
    "pk": 3, 
    "model": "planner.constraint", 
    "fields": {
        "constraint_text": "meet_some at_least 2", 
        "name": "Two of the Following"
    }
},
{
    "pk": 4, 
    "model": "planner.constraint", 
    "fields": {
        "constraint_text": "min_required_credit_hours at_least 7", 
        "name": "Need Seven Credit Hours"
    }
},
{
    "pk": 5, 
    "model": "planner.constraint", 
    "fields": {
        "constraint_text": "all_sub_categories_satisfied", 
        "name": "All sub_categories need to be satisfied"
    }
},
{
    "pk": 6, 
    "model": "planner.constraint", 
    "fields": {
        "constraint_text": "satisfy_some_sub_categories at_least 2", 
        "name": "Two sub categories satisfied"
    }
},
{
    "pk": 7, 
    "model": "planner.constraint", 
    "fields": {
        "constraint_text": "different_departments at_least 2", 
        "name": "Courses Must be From Two Different Departments"
    }
},
{
    "pk": 1, 
    "model": "planner.requirement", 
    "fields": {
        "courses": [
            4
        ], 
        "requirements": [], 
        "display_name": "COS 120", 
        "name": "COS 120 ", 
        "constraints": [
            2
        ]
    }
},
{
    "pk": 2, 
    "model": "planner.requirement", 
    "fields": {
        "courses": [
            10, 
            25, 
            11, 
            40, 
            26, 
            27, 
            41, 
            42, 
            32, 
            22, 
            12, 
            23, 
            28, 
            29, 
            13, 
            24, 
            14, 
            15, 
            43, 
            44, 
            16
        ], 
        "requirements": [], 
        "display_name": "Any COS 300 ", 
        "name": "Any COS 300", 
        "constraints": [
            1
        ]
    }
},
{
    "pk": 3, 
    "model": "planner.requirement", 
    "fields": {
        "courses": [
            6
        ], 
        "requirements": [], 
        "display_name": "COS 143", 
        "name": "COS 143", 
        "constraints": [
            2
        ]
    }
},
{
    "pk": 4, 
    "model": "planner.requirement", 
    "fields": {
        "courses": [
            11, 
            12, 
            13
        ], 
        "requirements": [], 
        "display_name": "CS Theory Courses", 
        "name": "CS Theory Courses", 
        "constraints": [
            3
        ]
    }
},
{
    "pk": 5, 
    "model": "planner.requirement", 
    "fields": {
        "courses": [
            1, 
            2, 
            46, 
            47, 
            48, 
            49, 
            50, 
            51, 
            52, 
            53, 
            54
        ], 
        "requirements": [], 
        "display_name": "Life Science Gen Eds", 
        "name": "Life Science Gen Eds", 
        "constraints": [
            1
        ]
    }
},
{
    "pk": 6, 
    "model": "planner.requirement", 
    "fields": {
        "courses": [
            55, 
            52, 
            56, 
            57, 
            58, 
            59, 
            60
        ], 
        "requirements": [], 
        "display_name": "Physical Science Gen Eds", 
        "name": "Physical Science Gen Eds", 
        "constraints": [
            1
        ]
    }
},
{
    "pk": 7, 
    "model": "planner.requirement", 
    "fields": {
        "courses": [
            62, 
            61, 
            64, 
            65, 
            66
        ], 
        "requirements": [], 
        "display_name": "Earth Science Gen Eds", 
        "name": "Earth Science Gen Eds", 
        "constraints": [
            1
        ]
    }
},
{
    "pk": 8, 
    "model": "planner.requirement", 
    "fields": {
        "courses": [], 
        "requirements": [
            7, 
            5, 
            6
        ], 
        "display_name": "Science Gen Eds", 
        "name": "Science Gen Eds", 
        "constraints": [
            4, 
            6
        ]
    }
},
{
    "pk": 9, 
    "model": "planner.requirement", 
    "fields": {
        "courses": [
            67
        ], 
        "requirements": [], 
        "display_name": "Orientation Gen Eds", 
        "name": "Orientation Gen Eds", 
        "constraints": [
            2
        ]
    }
},
{
    "pk": 10, 
    "model": "planner.requirement", 
    "fields": {
        "courses": [
            69, 
            70, 
            68, 
            73, 
            72, 
            71
        ], 
        "requirements": [], 
        "display_name": "Spiritual Foundation Gen Eds", 
        "name": "Spiritual Foundation Gen Eds", 
        "constraints": [
            2
        ]
    }
},
{
    "pk": 11, 
    "model": "planner.requirement", 
    "fields": {
        "courses": [
            75, 
            76, 
            77, 
            78, 
            79, 
            80, 
            81, 
            82
        ], 
        "requirements": [], 
        "display_name": "Stewardship of the Body Gen Eds Sub", 
        "name": "Stewardship of the Body Gen Eds Sub", 
        "constraints": [
            1
        ]
    }
},
{
    "pk": 12, 
    "model": "planner.requirement", 
    "fields": {
        "courses": [
            74
        ], 
        "requirements": [
            11
        ], 
        "display_name": "Stewardship of the Body Gen Eds", 
        "name": "Stewardship of the Body Gen Eds", 
        "constraints": [
            2, 
            5
        ]
    }
},
{
    "pk": 13, 
    "model": "planner.requirement", 
    "fields": {
        "courses": [
            90, 
            91
        ], 
        "requirements": [], 
        "display_name": "Speaking Gen Ed", 
        "name": "Speaking Gen Ed", 
        "constraints": [
            1
        ]
    }
},
{
    "pk": 14, 
    "model": "planner.requirement", 
    "fields": {
        "courses": [
            89
        ], 
        "requirements": [], 
        "display_name": "Writing Gen Ed", 
        "name": "Writing Gen Ed", 
        "constraints": [
            2
        ]
    }
},
{
    "pk": 15, 
    "model": "planner.requirement", 
    "fields": {
        "courses": [
            92, 
            93, 
            94, 
            95, 
            17, 
            96, 
            97, 
            98, 
            99
        ], 
        "requirements": [], 
        "display_name": "Mathematics Gen Ed", 
        "name": "Mathematics Gen Ed", 
        "constraints": [
            1
        ]
    }
},
{
    "pk": 16, 
    "model": "planner.requirement", 
    "fields": {
        "courses": [
            87, 
            88
        ], 
        "requirements": [], 
        "display_name": "Computer Science Gen Eds", 
        "name": "Computer Science Gen Eds", 
        "constraints": [
            1
        ]
    }
},
{
    "pk": 17, 
    "model": "planner.requirement", 
    "fields": {
        "courses": [
            103, 
            100, 
            101, 
            102
        ], 
        "requirements": [], 
        "display_name": "Literature Gen Eds", 
        "name": "Literature Gen Eds", 
        "constraints": [
            1
        ]
    }
},
{
    "pk": 18, 
    "model": "planner.requirement", 
    "fields": {
        "courses": [
            104, 
            106, 
            107, 
            108, 
            109, 
            110, 
            111, 
            112, 
            113, 
            114, 
            115, 
            116, 
            117, 
            118, 
            119, 
            120, 
            121
        ], 
        "requirements": [], 
        "display_name": "Civic Engagement Gen Eds", 
        "name": "Civic Engagement Gen Eds", 
        "constraints": [
            1
        ]
    }
},
{
    "pk": 19, 
    "model": "planner.requirement", 
    "fields": {
        "courses": [
            122, 
            123, 
            124, 
            125, 
            126, 
            127, 
            128, 
            129, 
            130, 
            131, 
            132, 
            133, 
            134, 
            135, 
            136, 
            137, 
            138, 
            139, 
            140
        ], 
        "requirements": [], 
        "display_name": "General Social Science Gen Eds", 
        "name": "General Social Science Gen Eds", 
        "constraints": []
    }
},
{
    "pk": 20, 
    "model": "planner.requirement", 
    "fields": {
        "courses": [], 
        "requirements": [
            18, 
            19
        ], 
        "display_name": "Social Science Gen Eds", 
        "name": "Social Science Gen Eds", 
        "constraints": [
            5, 
            7
        ]
    }
},
{
    "pk": 1, 
    "model": "planner.credithour", 
    "fields": {
        "name": "3", 
        "value": "3"
    }
},
{
    "pk": 2, 
    "model": "planner.credithour", 
    "fields": {
        "name": "4", 
        "value": "4"
    }
},
{
    "pk": 3, 
    "model": "planner.credithour", 
    "fields": {
        "name": "5", 
        "value": "5"
    }
},
{
    "pk": 4, 
    "model": "planner.credithour", 
    "fields": {
        "name": "2", 
        "value": "2"
    }
},
{
    "pk": 5, 
    "model": "planner.credithour", 
    "fields": {
        "name": "1", 
        "value": "1"
    }
},
{
    "pk": 6, 
    "model": "planner.credithour", 
    "fields": {
        "name": "3 to 4", 
        "value": "3 - 4"
    }
},
{
    "pk": 1, 
    "model": "planner.course", 
    "fields": {
        "credit_hours": 2, 
        "title": "General Biology", 
        "created_at": "2013-06-06T20:38:24.031Z", 
        "number": "100", 
        "updated_at": "2013-06-21T20:37:16.806Z", 
        "schedule_semester": [
            1, 
            3
        ], 
        "prereqs": [], 
        "schedule_year": "B", 
        "attributes": [], 
        "coreqs": [], 
        "subject": 2
    }
},
{
    "pk": 2, 
    "model": "planner.course", 
    "fields": {
        "credit_hours": 2, 
        "title": "Principles of Cell Biology", 
        "created_at": "2013-06-06T20:39:09.347Z", 
        "number": "101", 
        "updated_at": "2013-06-21T20:37:16.808Z", 
        "schedule_semester": [
            1, 
            3
        ], 
        "prereqs": [], 
        "schedule_year": "B", 
        "attributes": [], 
        "coreqs": [], 
        "subject": 2
    }
},
{
    "pk": 3, 
    "model": "planner.course", 
    "fields": {
        "credit_hours": 1, 
        "title": "Current Literature Survey", 
        "created_at": "2013-06-10T18:59:49.706Z", 
        "number": "310", 
        "updated_at": "2013-06-21T20:37:16.852Z", 
        "schedule_semester": [
            1
        ], 
        "prereqs": [
            2
        ], 
        "schedule_year": "B", 
        "attributes": [], 
        "coreqs": [], 
        "subject": 1
    }
},
{
    "pk": 4, 
    "model": "planner.course", 
    "fields": {
        "credit_hours": 2, 
        "title": "Introduction to Computational Problem Solving", 
        "created_at": "2013-06-10T19:01:22.908Z", 
        "number": "120", 
        "updated_at": "2013-06-21T20:37:16.839Z", 
        "schedule_semester": [
            1, 
            3
        ], 
        "prereqs": [], 
        "schedule_year": "B", 
        "attributes": [], 
        "coreqs": [], 
        "subject": 1
    }
},
{
    "pk": 5, 
    "model": "planner.course", 
    "fields": {
        "credit_hours": 2, 
        "title": "Foundations of Computer Science", 
        "created_at": "2013-06-10T19:01:58.957Z", 
        "number": "121", 
        "updated_at": "2013-06-21T20:37:16.841Z", 
        "schedule_semester": [
            1, 
            3
        ], 
        "prereqs": [
            1
        ], 
        "schedule_year": "B", 
        "attributes": [], 
        "coreqs": [], 
        "subject": 1
    }
},
{
    "pk": 6, 
    "model": "planner.course", 
    "fields": {
        "credit_hours": 1, 
        "title": "Interactive Web Page Development", 
        "created_at": "2013-06-10T19:02:17.287Z", 
        "number": "143", 
        "updated_at": "2013-06-21T20:37:16.843Z", 
        "schedule_semester": [
            3
        ], 
        "prereqs": [], 
        "schedule_year": "B", 
        "attributes": [], 
        "coreqs": [], 
        "subject": 1
    }
},
{
    "pk": 7, 
    "model": "planner.course", 
    "fields": {
        "credit_hours": 1, 
        "title": "Multi-tier Web Application Development", 
        "created_at": "2013-06-10T19:02:45.895Z", 
        "number": "243", 
        "updated_at": "2013-06-21T20:37:16.844Z", 
        "schedule_semester": [
            1
        ], 
        "prereqs": [], 
        "schedule_year": "B", 
        "attributes": [], 
        "coreqs": [], 
        "subject": 1
    }
},
{
    "pk": 8, 
    "model": "planner.course", 
    "fields": {
        "credit_hours": 1, 
        "title": "Data Structures and Algorithms", 
        "created_at": "2013-06-10T19:04:29.277Z", 
        "number": "265", 
        "updated_at": "2013-06-21T20:37:16.846Z", 
        "schedule_semester": [
            1
        ], 
        "prereqs": [], 
        "schedule_year": "B", 
        "attributes": [], 
        "coreqs": [], 
        "subject": 1
    }
},
{
    "pk": 9, 
    "model": "planner.course", 
    "fields": {
        "credit_hours": 1, 
        "title": "Introduction to Computer Systems", 
        "created_at": "2013-06-10T19:04:50.258Z", 
        "number": "284", 
        "updated_at": "2013-06-21T20:37:16.850Z", 
        "schedule_semester": [
            3
        ], 
        "prereqs": [], 
        "schedule_year": "B", 
        "attributes": [], 
        "coreqs": [], 
        "subject": 1
    }
},
{
    "pk": 10, 
    "model": "planner.course", 
    "fields": {
        "credit_hours": 4, 
        "title": "Ethics in Computer Science", 
        "created_at": "2013-06-10T19:05:53.300Z", 
        "number": "311", 
        "updated_at": "2013-06-21T20:37:16.853Z", 
        "schedule_semester": [
            1, 
            2
        ], 
        "prereqs": [], 
        "schedule_year": "B", 
        "attributes": [], 
        "coreqs": [], 
        "subject": 1
    }
},
{
    "pk": 11, 
    "model": "planner.course", 
    "fields": {
        "credit_hours": 1, 
        "title": "Algorithm Design", 
        "created_at": "2013-06-10T19:06:36.746Z", 
        "number": "320", 
        "updated_at": "2013-06-21T20:37:16.857Z", 
        "schedule_semester": [
            3
        ], 
        "prereqs": [], 
        "schedule_year": "E", 
        "attributes": [], 
        "coreqs": [], 
        "subject": 1
    }
},
{
    "pk": 12, 
    "model": "planner.course", 
    "fields": {
        "credit_hours": 1, 
        "title": "Language Structures", 
        "created_at": "2013-06-10T19:06:56.439Z", 
        "number": "382", 
        "updated_at": "2013-06-21T20:37:16.871Z", 
        "schedule_semester": [
            3
        ], 
        "prereqs": [], 
        "schedule_year": "O", 
        "attributes": [], 
        "coreqs": [], 
        "subject": 1
    }
},
{
    "pk": 13, 
    "model": "planner.course", 
    "fields": {
        "credit_hours": 1, 
        "title": "Theory of Computation", 
        "created_at": "2013-06-10T19:07:24.787Z", 
        "number": "435", 
        "updated_at": "2013-06-21T20:37:16.878Z", 
        "schedule_semester": [
            1
        ], 
        "prereqs": [], 
        "schedule_year": "E", 
        "attributes": [], 
        "coreqs": [], 
        "subject": 1
    }
},
{
    "pk": 14, 
    "model": "planner.course", 
    "fields": {
        "credit_hours": 1, 
        "title": "Research I", 
        "created_at": "2013-06-10T19:07:46.200Z", 
        "number": "452", 
        "updated_at": "2013-06-21T20:37:16.881Z", 
        "schedule_semester": [
            1, 
            2, 
            3
        ], 
        "prereqs": [], 
        "schedule_year": "B", 
        "attributes": [], 
        "coreqs": [], 
        "subject": 1
    }
},
{
    "pk": 15, 
    "model": "planner.course", 
    "fields": {
        "credit_hours": 1, 
        "title": "Research II", 
        "created_at": "2013-06-10T19:08:06.063Z", 
        "number": "453", 
        "updated_at": "2013-06-21T20:37:16.883Z", 
        "schedule_semester": [
            1, 
            2, 
            3
        ], 
        "prereqs": [], 
        "schedule_year": "B", 
        "attributes": [], 
        "coreqs": [], 
        "subject": 1
    }
},
{
    "pk": 16, 
    "model": "planner.course", 
    "fields": {
        "credit_hours": 5, 
        "title": "Computer Science Senior Capstone", 
        "created_at": "2013-06-10T19:09:03.005Z", 
        "number": "493", 
        "updated_at": "2013-06-21T20:37:16.889Z", 
        "schedule_semester": [
            2
        ], 
        "prereqs": [], 
        "schedule_year": "B", 
        "attributes": [], 
        "coreqs": [], 
        "subject": 1
    }
},
{
    "pk": 17, 
    "model": "planner.course", 
    "fields": {
        "credit_hours": 2, 
        "title": "Calculus I", 
        "created_at": "2013-06-10T19:09:33.450Z", 
        "number": "151", 
        "updated_at": "2013-06-21T20:37:16.944Z", 
        "schedule_semester": [
            1, 
            3
        ], 
        "prereqs": [], 
        "schedule_year": "B", 
        "attributes": [], 
        "coreqs": [], 
        "subject": 3
    }
},
{
    "pk": 18, 
    "model": "planner.course", 
    "fields": {
        "credit_hours": 1, 
        "title": "Discrete Mathematics for Computer Science", 
        "created_at": "2013-06-10T19:10:03.763Z", 
        "number": "215", 
        "updated_at": "2013-06-21T20:37:16.950Z", 
        "schedule_semester": [
            1
        ], 
        "prereqs": [], 
        "schedule_year": "B", 
        "attributes": [], 
        "coreqs": [], 
        "subject": 3
    }
},
{
    "pk": 19, 
    "model": "planner.course", 
    "fields": {
        "credit_hours": 1, 
        "title": "Introduction to Systems", 
        "created_at": "2013-06-10T19:10:49.987Z", 
        "number": "101", 
        "updated_at": "2013-06-21T20:37:17.041Z", 
        "schedule_semester": [
            1, 
            3
        ], 
        "prereqs": [], 
        "schedule_year": "B", 
        "attributes": [], 
        "coreqs": [], 
        "subject": 4
    }
},
{
    "pk": 21, 
    "model": "planner.course", 
    "fields": {
        "credit_hours": 2, 
        "title": "Mathematical Statistics", 
        "created_at": "2013-06-10T19:11:47.499Z", 
        "number": "352", 
        "updated_at": "2013-06-21T20:37:16.962Z", 
        "schedule_semester": [
            3
        ], 
        "prereqs": [], 
        "schedule_year": "B", 
        "attributes": [], 
        "coreqs": [], 
        "subject": 3
    }
},
{
    "pk": 22, 
    "model": "planner.course", 
    "fields": {
        "credit_hours": 1, 
        "title": "Computer Architecture", 
        "created_at": "2013-06-10T19:12:31.086Z", 
        "number": "381", 
        "updated_at": "2013-06-21T20:37:16.869Z", 
        "schedule_semester": [
            1
        ], 
        "prereqs": [], 
        "schedule_year": "B", 
        "attributes": [], 
        "coreqs": [], 
        "subject": 1
    }
},
{
    "pk": 23, 
    "model": "planner.course", 
    "fields": {
        "credit_hours": 1, 
        "title": "Operating Systems", 
        "created_at": "2013-06-10T19:12:56.465Z", 
        "number": "421", 
        "updated_at": "2013-06-21T20:37:16.873Z", 
        "schedule_semester": [
            3
        ], 
        "prereqs": [], 
        "schedule_year": "O", 
        "attributes": [], 
        "coreqs": [], 
        "subject": 1
    }
},
{
    "pk": 24, 
    "model": "planner.course", 
    "fields": {
        "credit_hours": 1, 
        "title": "Distributed Processing", 
        "created_at": "2013-06-10T19:13:36.293Z", 
        "number": "436", 
        "updated_at": "2013-06-21T20:37:16.880Z", 
        "schedule_semester": [
            1, 
            3
        ], 
        "prereqs": [], 
        "schedule_year": "B", 
        "attributes": [], 
        "coreqs": [], 
        "subject": 1
    }
},
{
    "pk": 25, 
    "model": "planner.course", 
    "fields": {
        "credit_hours": 1, 
        "title": "Human Computer Interaction", 
        "created_at": "2013-06-10T19:14:02.703Z", 
        "number": "314", 
        "updated_at": "2013-06-21T20:37:16.855Z", 
        "schedule_semester": [
            3
        ], 
        "prereqs": [], 
        "schedule_year": "B", 
        "attributes": [], 
        "coreqs": [], 
        "subject": 1
    }
},
{
    "pk": 26, 
    "model": "planner.course", 
    "fields": {
        "credit_hours": 1, 
        "title": "Computer Graphics", 
        "created_at": "2013-06-10T19:14:26.743Z", 
        "number": "350", 
        "updated_at": "2013-06-21T20:37:16.860Z", 
        "schedule_semester": [
            1
        ], 
        "prereqs": [], 
        "schedule_year": "B", 
        "attributes": [], 
        "coreqs": [], 
        "subject": 1
    }
},
{
    "pk": 27, 
    "model": "planner.course", 
    "fields": {
        "credit_hours": 1, 
        "title": "Computer Vision", 
        "created_at": "2013-06-10T19:14:49.769Z", 
        "number": "351", 
        "updated_at": "2013-06-21T20:37:16.862Z", 
        "schedule_semester": [
            3
        ], 
        "prereqs": [], 
        "schedule_year": "E", 
        "attributes": [], 
        "coreqs": [], 
        "subject": 1
    }
},
{
    "pk": 28, 
    "model": "planner.course", 
    "fields": {
        "credit_hours": 1, 
        "title": "Surfaces and Modeling", 
        "created_at": "2013-06-10T19:15:19.277Z", 
        "number": "424", 
        "updated_at": "2013-06-21T20:37:16.875Z", 
        "schedule_semester": [
            3
        ], 
        "prereqs": [], 
        "schedule_year": "O", 
        "attributes": [], 
        "coreqs": [], 
        "subject": 1
    }
},
{
    "pk": 29, 
    "model": "planner.course", 
    "fields": {
        "credit_hours": 1, 
        "title": "Animation", 
        "created_at": "2013-06-10T19:15:40.517Z", 
        "number": "425", 
        "updated_at": "2013-06-21T20:37:16.876Z", 
        "schedule_semester": [
            3
        ], 
        "prereqs": [], 
        "schedule_year": "O", 
        "attributes": [], 
        "coreqs": [], 
        "subject": 1
    }
},
{
    "pk": 30, 
    "model": "planner.course", 
    "fields": {
        "credit_hours": 1, 
        "title": "Principles of Human Computer Interaction", 
        "created_at": "2013-06-10T19:16:09.863Z", 
        "number": "214", 
        "updated_at": "2013-06-21T20:37:17.043Z", 
        "schedule_semester": [
            1, 
            3
        ], 
        "prereqs": [], 
        "schedule_year": "B", 
        "attributes": [], 
        "coreqs": [], 
        "subject": 4
    }
},
{
    "pk": 31, 
    "model": "planner.course", 
    "fields": {
        "credit_hours": 1, 
        "title": "Introduction to Artificial Intelligence", 
        "created_at": "2013-06-10T19:16:32.853Z", 
        "number": "280", 
        "updated_at": "2013-06-21T20:37:16.848Z", 
        "schedule_semester": [
            3
        ], 
        "prereqs": [], 
        "schedule_year": "B", 
        "attributes": [], 
        "coreqs": [], 
        "subject": 1
    }
},
{
    "pk": 32, 
    "model": "planner.course", 
    "fields": {
        "credit_hours": 1, 
        "title": "Natural Language Processing", 
        "created_at": "2013-06-10T19:17:05.349Z", 
        "number": "380", 
        "updated_at": "2013-06-21T20:37:16.867Z", 
        "schedule_semester": [
            3
        ], 
        "prereqs": [], 
        "schedule_year": "O", 
        "attributes": [], 
        "coreqs": [], 
        "subject": 1
    }
},
{
    "pk": 33, 
    "model": "planner.course", 
    "fields": {
        "credit_hours": 1, 
        "title": "Knowledge Based Systems", 
        "created_at": "2013-06-10T19:18:05.564Z", 
        "number": "352", 
        "updated_at": "2013-06-21T20:37:17.045Z", 
        "schedule_semester": [
            3
        ], 
        "prereqs": [], 
        "schedule_year": "E", 
        "attributes": [], 
        "coreqs": [], 
        "subject": 4
    }
},
{
    "pk": 34, 
    "model": "planner.course", 
    "fields": {
        "credit_hours": 1, 
        "title": "Machine Learning", 
        "created_at": "2013-06-10T19:18:30.176Z", 
        "number": "411", 
        "updated_at": "2013-06-21T20:37:17.048Z", 
        "schedule_semester": [
            3
        ], 
        "prereqs": [], 
        "schedule_year": "E", 
        "attributes": [], 
        "coreqs": [], 
        "subject": 4
    }
},
{
    "pk": 35, 
    "model": "planner.course", 
    "fields": {
        "credit_hours": 2, 
        "title": "Calculus II", 
        "created_at": "2013-06-10T19:18:56.169Z", 
        "number": "230", 
        "updated_at": "2013-06-21T20:37:16.953Z", 
        "schedule_semester": [
            1, 
            3
        ], 
        "prereqs": [], 
        "schedule_year": "B", 
        "attributes": [], 
        "coreqs": [], 
        "subject": 3
    }
},
{
    "pk": 36, 
    "model": "planner.course", 
    "fields": {
        "credit_hours": 2, 
        "title": "Calculus III", 
        "created_at": "2013-06-10T19:19:22.482Z", 
        "number": "240", 
        "updated_at": "2013-06-21T20:37:16.955Z", 
        "schedule_semester": [
            1, 
            3
        ], 
        "prereqs": [], 
        "schedule_year": "B", 
        "attributes": [], 
        "coreqs": [], 
        "subject": 3
    }
},
{
    "pk": 37, 
    "model": "planner.course", 
    "fields": {
        "credit_hours": 2, 
        "title": "Linear Algebra", 
        "created_at": "2013-06-10T19:19:49.793Z", 
        "number": "245", 
        "updated_at": "2013-06-21T20:37:16.957Z", 
        "schedule_semester": [
            1, 
            3
        ], 
        "prereqs": [], 
        "schedule_year": "B", 
        "attributes": [], 
        "coreqs": [], 
        "subject": 3
    }
},
{
    "pk": 38, 
    "model": "planner.course", 
    "fields": {
        "credit_hours": 2, 
        "title": "Differential Equations ", 
        "created_at": "2013-06-10T19:20:18.168Z", 
        "number": "251", 
        "updated_at": "2013-06-21T20:37:16.958Z", 
        "schedule_semester": [
            1, 
            3
        ], 
        "prereqs": [], 
        "schedule_year": "B", 
        "attributes": [], 
        "coreqs": [], 
        "subject": 3
    }
},
{
    "pk": 39, 
    "model": "planner.course", 
    "fields": {
        "credit_hours": 1, 
        "title": "Mathematical Modeling with Numerical Analysis", 
        "created_at": "2013-06-10T19:20:50.387Z", 
        "number": "310", 
        "updated_at": "2013-06-21T20:37:16.960Z", 
        "schedule_semester": [
            1, 
            3
        ], 
        "prereqs": [], 
        "schedule_year": "B", 
        "attributes": [], 
        "coreqs": [], 
        "subject": 3
    }
},
{
    "pk": 40, 
    "model": "planner.course", 
    "fields": {
        "credit_hours": 1, 
        "title": "Software Engineering", 
        "created_at": "2013-06-10T19:21:19.387Z", 
        "number": "340", 
        "updated_at": "2013-06-21T20:37:16.859Z", 
        "schedule_semester": [
            1
        ], 
        "prereqs": [], 
        "schedule_year": "B", 
        "attributes": [], 
        "coreqs": [], 
        "subject": 1
    }
},
{
    "pk": 41, 
    "model": "planner.course", 
    "fields": {
        "credit_hours": 2, 
        "title": "Software Studio I", 
        "created_at": "2013-06-10T19:21:40.963Z", 
        "number": "371", 
        "updated_at": "2013-06-21T20:37:16.864Z", 
        "schedule_semester": [
            1, 
            3
        ], 
        "prereqs": [], 
        "schedule_year": "B", 
        "attributes": [], 
        "coreqs": [], 
        "subject": 1
    }
},
{
    "pk": 42, 
    "model": "planner.course", 
    "fields": {
        "credit_hours": 2, 
        "title": "Software Studio II", 
        "created_at": "2013-06-10T19:22:05.722Z", 
        "number": "372", 
        "updated_at": "2013-06-21T20:37:16.866Z", 
        "schedule_semester": [
            1, 
            3
        ], 
        "prereqs": [], 
        "schedule_year": "B", 
        "attributes": [], 
        "coreqs": [], 
        "subject": 1
    }
},
{
    "pk": 43, 
    "model": "planner.course", 
    "fields": {
        "credit_hours": 2, 
        "title": "Software Studio III", 
        "created_at": "2013-06-10T19:22:26.216Z", 
        "number": "471", 
        "updated_at": "2013-06-21T20:37:16.885Z", 
        "schedule_semester": [
            1, 
            3
        ], 
        "prereqs": [], 
        "schedule_year": "B", 
        "attributes": [], 
        "coreqs": [], 
        "subject": 1
    }
},
{
    "pk": 44, 
    "model": "planner.course", 
    "fields": {
        "credit_hours": 2, 
        "title": "Software Studio IV", 
        "created_at": "2013-06-10T19:23:01.510Z", 
        "number": "472", 
        "updated_at": "2013-06-21T20:37:16.887Z", 
        "schedule_semester": [
            1, 
            3
        ], 
        "prereqs": [], 
        "schedule_year": "B", 
        "attributes": [], 
        "coreqs": [], 
        "subject": 1
    }
},
{
    "pk": 45, 
    "model": "planner.course", 
    "fields": {
        "credit_hours": 1, 
        "title": "Information System Analysis", 
        "created_at": "2013-06-10T19:23:51.593Z", 
        "number": "390", 
        "updated_at": "2013-06-21T20:37:17.046Z", 
        "schedule_semester": [
            1
        ], 
        "prereqs": [], 
        "schedule_year": "B", 
        "attributes": [], 
        "coreqs": [], 
        "subject": 4
    }
},
{
    "pk": 46, 
    "model": "planner.course", 
    "fields": {
        "credit_hours": 1, 
        "title": "Introductory Plant Biology", 
        "created_at": "2013-06-11T20:20:46.577Z", 
        "number": "103", 
        "updated_at": "2013-06-21T20:37:16.810Z", 
        "schedule_semester": [
            1, 
            3
        ], 
        "prereqs": [], 
        "schedule_year": "B", 
        "attributes": [], 
        "coreqs": [], 
        "subject": 2
    }
},
{
    "pk": 47, 
    "model": "planner.course", 
    "fields": {
        "credit_hours": 1, 
        "title": "Introductory Animal Biology", 
        "created_at": "2013-06-11T20:21:14.369Z", 
        "number": "104", 
        "updated_at": "2013-06-21T20:37:16.812Z", 
        "schedule_semester": [
            1, 
            3
        ], 
        "prereqs": [], 
        "schedule_year": "B", 
        "attributes": [], 
        "coreqs": [], 
        "subject": 2
    }
},
{
    "pk": 48, 
    "model": "planner.course", 
    "fields": {
        "credit_hours": 2, 
        "title": "Human Nutrition", 
        "created_at": "2013-06-11T20:21:37.559Z", 
        "number": "200", 
        "updated_at": "2013-06-21T20:37:16.816Z", 
        "schedule_semester": [
            1, 
            3
        ], 
        "prereqs": [], 
        "schedule_year": "B", 
        "attributes": [], 
        "coreqs": [], 
        "subject": 2
    }
},
{
    "pk": 49, 
    "model": "planner.course", 
    "fields": {
        "credit_hours": 2, 
        "title": "Human Biology", 
        "created_at": "2013-06-11T20:21:57.575Z", 
        "number": "205", 
        "updated_at": "2013-06-21T20:37:16.817Z", 
        "schedule_semester": [
            1, 
            3
        ], 
        "prereqs": [], 
        "schedule_year": "B", 
        "attributes": [], 
        "coreqs": [], 
        "subject": 2
    }
},
{
    "pk": 50, 
    "model": "planner.course", 
    "fields": {
        "credit_hours": 3, 
        "title": "Human Anatomy and Physiology", 
        "created_at": "2013-06-11T20:22:25.820Z", 
        "number": "243", 
        "updated_at": "2013-06-21T20:37:16.819Z", 
        "schedule_semester": [
            1, 
            3
        ], 
        "prereqs": [], 
        "schedule_year": "B", 
        "attributes": [], 
        "coreqs": [], 
        "subject": 2
    }
},
{
    "pk": 51, 
    "model": "planner.course", 
    "fields": {
        "credit_hours": 2, 
        "title": "Human Anatomy and Physiology I ", 
        "created_at": "2013-06-11T20:22:53.387Z", 
        "number": "244", 
        "updated_at": "2013-06-21T20:37:16.821Z", 
        "schedule_semester": [
            1, 
            3
        ], 
        "prereqs": [], 
        "schedule_year": "B", 
        "attributes": [], 
        "coreqs": [], 
        "subject": 2
    }
},
{
    "pk": 52, 
    "model": "planner.course", 
    "fields": {
        "credit_hours": 2, 
        "title": "Forensic Science", 
        "created_at": "2013-06-11T20:23:44.705Z", 
        "number": "120", 
        "updated_at": "2013-06-21T20:37:16.830Z", 
        "schedule_semester": [
            1, 
            3
        ], 
        "prereqs": [], 
        "schedule_year": "B", 
        "attributes": [], 
        "coreqs": [], 
        "subject": 5
    }
},
{
    "pk": 53, 
    "model": "planner.course", 
    "fields": {
        "credit_hours": 1, 
        "title": "Environment and Society", 
        "created_at": "2013-06-11T20:24:31.225Z", 
        "number": "200", 
        "updated_at": "2013-06-21T20:37:16.906Z", 
        "schedule_semester": [
            1, 
            3
        ], 
        "prereqs": [], 
        "schedule_year": "B", 
        "attributes": [], 
        "coreqs": [], 
        "subject": 6
    }
},
{
    "pk": 54, 
    "model": "planner.course", 
    "fields": {
        "credit_hours": 2, 
        "title": "Introduction to Environmental Science", 
        "created_at": "2013-06-11T20:25:06.859Z", 
        "number": "231", 
        "updated_at": "2013-06-21T20:37:16.908Z", 
        "schedule_semester": [
            1, 
            3
        ], 
        "prereqs": [], 
        "schedule_year": "B", 
        "attributes": [], 
        "coreqs": [], 
        "subject": 6
    }
},
{
    "pk": 55, 
    "model": "planner.course", 
    "fields": {
        "credit_hours": 2, 
        "title": "Chemistry for Living", 
        "created_at": "2013-06-11T20:25:40.637Z", 
        "number": "100", 
        "updated_at": "2013-06-21T20:37:16.828Z", 
        "schedule_semester": [
            1, 
            3
        ], 
        "prereqs": [], 
        "schedule_year": "B", 
        "attributes": [], 
        "coreqs": [], 
        "subject": 5
    }
},
{
    "pk": 56, 
    "model": "planner.course", 
    "fields": {
        "credit_hours": 2, 
        "title": "General, Organic, and Biochemistry I", 
        "created_at": "2013-06-11T20:26:14.197Z", 
        "number": "201", 
        "updated_at": "2013-06-21T20:37:16.832Z", 
        "schedule_semester": [
            1, 
            3
        ], 
        "prereqs": [], 
        "schedule_year": "B", 
        "attributes": [], 
        "coreqs": [], 
        "subject": 5
    }
},
{
    "pk": 57, 
    "model": "planner.course", 
    "fields": {
        "credit_hours": 2, 
        "title": "College Chemistry I", 
        "created_at": "2013-06-11T20:26:36.521Z", 
        "number": "211", 
        "updated_at": "2013-06-21T20:37:16.834Z", 
        "schedule_semester": [
            1, 
            3
        ], 
        "prereqs": [], 
        "schedule_year": "B", 
        "attributes": [], 
        "coreqs": [], 
        "subject": 5
    }
},
{
    "pk": 58, 
    "model": "planner.course", 
    "fields": {
        "credit_hours": 2, 
        "title": "Experiences in Physical Science", 
        "created_at": "2013-06-11T20:27:46.021Z", 
        "number": "120", 
        "updated_at": "2013-06-21T20:37:16.987Z", 
        "schedule_semester": [
            1, 
            3
        ], 
        "prereqs": [], 
        "schedule_year": "B", 
        "attributes": [], 
        "coreqs": [], 
        "subject": 7
    }
},
{
    "pk": 59, 
    "model": "planner.course", 
    "fields": {
        "credit_hours": 2, 
        "title": "General Physics I", 
        "created_at": "2013-06-11T20:28:20.897Z", 
        "number": "203", 
        "updated_at": "2013-06-21T20:37:16.990Z", 
        "schedule_semester": [
            1, 
            3
        ], 
        "prereqs": [], 
        "schedule_year": "B", 
        "attributes": [], 
        "coreqs": [], 
        "subject": 7
    }
},
{
    "pk": 60, 
    "model": "planner.course", 
    "fields": {
        "credit_hours": 2, 
        "title": "University Physics I", 
        "created_at": "2013-06-11T20:28:48.901Z", 
        "number": "211", 
        "updated_at": "2013-06-21T20:37:16.992Z", 
        "schedule_semester": [
            1, 
            3
        ], 
        "prereqs": [], 
        "schedule_year": "B", 
        "attributes": [], 
        "coreqs": [], 
        "subject": 7
    }
},
{
    "pk": 61, 
    "model": "planner.course", 
    "fields": {
        "credit_hours": 1, 
        "title": "Fundamentals of Space Systems", 
        "created_at": "2013-06-11T20:29:40.737Z", 
        "number": "345", 
        "updated_at": "2013-06-21T20:37:16.904Z", 
        "schedule_semester": [
            1, 
            3
        ], 
        "prereqs": [], 
        "schedule_year": "B", 
        "attributes": [], 
        "coreqs": [], 
        "subject": 8
    }
},
{
    "pk": 62, 
    "model": "planner.course", 
    "fields": {
        "credit_hours": 2, 
        "title": "Physical Geology", 
        "created_at": "2013-06-11T20:30:08.510Z", 
        "number": "241", 
        "updated_at": "2013-06-21T20:37:16.903Z", 
        "schedule_semester": [
            1, 
            3
        ], 
        "prereqs": [], 
        "schedule_year": "B", 
        "attributes": [], 
        "coreqs": [], 
        "subject": 8
    }
},
{
    "pk": 63, 
    "model": "planner.course", 
    "fields": {
        "credit_hours": 2, 
        "title": "Geology of Indiana", 
        "created_at": "2013-06-11T20:30:45.190Z", 
        "number": "241", 
        "updated_at": "2013-06-21T20:37:16.909Z", 
        "schedule_semester": [
            1, 
            3
        ], 
        "prereqs": [], 
        "schedule_year": "B", 
        "attributes": [], 
        "coreqs": [], 
        "subject": 6
    }
},
{
    "pk": 64, 
    "model": "planner.course", 
    "fields": {
        "credit_hours": 2, 
        "title": "Physical Geography", 
        "created_at": "2013-06-11T20:31:35.274Z", 
        "number": "210", 
        "updated_at": "2013-06-21T20:37:16.911Z", 
        "schedule_semester": [
            1, 
            3
        ], 
        "prereqs": [], 
        "schedule_year": "B", 
        "attributes": [], 
        "coreqs": [], 
        "subject": 9
    }
},
{
    "pk": 65, 
    "model": "planner.course", 
    "fields": {
        "credit_hours": 1, 
        "title": "Introduction to Geology", 
        "created_at": "2013-06-11T20:32:30.700Z", 
        "number": "240", 
        "updated_at": "2013-06-21T20:37:16.916Z", 
        "schedule_semester": [
            1, 
            3
        ], 
        "prereqs": [], 
        "schedule_year": "B", 
        "attributes": [], 
        "coreqs": [], 
        "subject": 9
    }
},
{
    "pk": 66, 
    "model": "planner.course", 
    "fields": {
        "credit_hours": 1, 
        "title": "Introductory Astronomy", 
        "created_at": "2013-06-11T20:33:03.168Z", 
        "number": "201", 
        "updated_at": "2013-06-21T20:37:16.988Z", 
        "schedule_semester": [
            1, 
            3
        ], 
        "prereqs": [], 
        "schedule_year": "B", 
        "attributes": [], 
        "coreqs": [], 
        "subject": 7
    }
},
{
    "pk": 67, 
    "model": "planner.course", 
    "fields": {
        "credit_hours": 5, 
        "title": "New Student Orientation", 
        "created_at": "2013-06-12T22:32:40.885Z", 
        "number": "101", 
        "updated_at": "2013-06-21T20:37:16.931Z", 
        "schedule_semester": [
            1, 
            2, 
            3
        ], 
        "prereqs": [], 
        "schedule_year": "B", 
        "attributes": [], 
        "coreqs": [], 
        "subject": 10
    }
},
{
    "pk": 68, 
    "model": "planner.course", 
    "fields": {
        "credit_hours": 1, 
        "title": "Foundations of Christian Thought", 
        "created_at": "2013-06-12T22:33:12.305Z", 
        "number": "110", 
        "updated_at": "2013-06-21T20:37:16.932Z", 
        "schedule_semester": [
            1
        ], 
        "prereqs": [], 
        "schedule_year": "B", 
        "attributes": [], 
        "coreqs": [], 
        "subject": 10
    }
},
{
    "pk": 69, 
    "model": "planner.course", 
    "fields": {
        "credit_hours": 1, 
        "title": "Biblical Literature I", 
        "created_at": "2013-06-12T22:33:45.524Z", 
        "number": "110", 
        "updated_at": "2013-06-21T20:37:16.798Z", 
        "schedule_semester": [
            1, 
            2, 
            3
        ], 
        "prereqs": [], 
        "schedule_year": "B", 
        "attributes": [], 
        "coreqs": [], 
        "subject": 11
    }
},
{
    "pk": 70, 
    "model": "planner.course", 
    "fields": {
        "credit_hours": 1, 
        "title": "Biblical Literature II", 
        "created_at": "2013-06-12T22:34:10.826Z", 
        "number": "210", 
        "updated_at": "2013-06-21T20:37:16.804Z", 
        "schedule_semester": [
            1, 
            2, 
            3
        ], 
        "prereqs": [], 
        "schedule_year": "B", 
        "attributes": [], 
        "coreqs": [], 
        "subject": 11
    }
},
{
    "pk": 71, 
    "model": "planner.course", 
    "fields": {
        "credit_hours": 1, 
        "title": "Historic Christian Belief", 
        "created_at": "2013-06-12T22:35:08.010Z", 
        "number": "313", 
        "updated_at": "2013-06-21T20:37:17.017Z", 
        "schedule_semester": [
            1, 
            2, 
            3
        ], 
        "prereqs": [], 
        "schedule_year": "B", 
        "attributes": [], 
        "coreqs": [], 
        "subject": 12
    }
},
{
    "pk": 72, 
    "model": "planner.course", 
    "fields": {
        "credit_hours": 1, 
        "title": "Contemporary Chrisitian Belief", 
        "created_at": "2013-06-12T22:36:02.873Z", 
        "number": "413", 
        "updated_at": "2013-06-21T20:37:16.965Z", 
        "schedule_semester": [
            1, 
            2, 
            3
        ], 
        "prereqs": [], 
        "schedule_year": "B", 
        "attributes": [], 
        "coreqs": [], 
        "subject": 13
    }
},
{
    "pk": 73, 
    "model": "planner.course", 
    "fields": {
        "credit_hours": 5, 
        "title": "Senior Seminar", 
        "created_at": "2013-06-12T22:36:23.807Z", 
        "number": "495", 
        "updated_at": "2013-06-21T20:37:16.936Z", 
        "schedule_semester": [
            1, 
            2, 
            3
        ], 
        "prereqs": [], 
        "schedule_year": "B", 
        "attributes": [], 
        "coreqs": [], 
        "subject": 10
    }
},
{
    "pk": 74, 
    "model": "planner.course", 
    "fields": {
        "credit_hours": 4, 
        "title": "Fitness for Life", 
        "created_at": "2013-06-12T22:41:57.224Z", 
        "number": "100", 
        "updated_at": "2013-06-21T20:37:16.969Z", 
        "schedule_semester": [
            1, 
            3
        ], 
        "prereqs": [], 
        "schedule_year": "B", 
        "attributes": [], 
        "coreqs": [], 
        "subject": 14
    }
},
{
    "pk": 75, 
    "model": "planner.course", 
    "fields": {
        "credit_hours": 5, 
        "title": "General Physical Education", 
        "created_at": "2013-06-12T22:42:34.602Z", 
        "number": "200", 
        "updated_at": "2013-06-21T20:37:16.970Z", 
        "schedule_semester": [
            1, 
            2, 
            3
        ], 
        "prereqs": [], 
        "schedule_year": "B", 
        "attributes": [], 
        "coreqs": [], 
        "subject": 14
    }
},
{
    "pk": 76, 
    "model": "planner.course", 
    "fields": {
        "credit_hours": 4, 
        "title": "Elementary School Health and Physical Education", 
        "created_at": "2013-06-12T22:43:06.017Z", 
        "number": "250", 
        "updated_at": "2013-06-21T20:37:16.972Z", 
        "schedule_semester": [
            1, 
            2, 
            3
        ], 
        "prereqs": [], 
        "schedule_year": "B", 
        "attributes": [], 
        "coreqs": [], 
        "subject": 14
    }
},
{
    "pk": 77, 
    "model": "planner.course", 
    "fields": {
        "credit_hours": 5, 
        "title": "Exercise Techniques for Physical Fitness", 
        "created_at": "2013-06-12T22:43:39.679Z", 
        "number": "280", 
        "updated_at": "2013-06-21T20:37:16.974Z", 
        "schedule_semester": [
            1, 
            2, 
            3
        ], 
        "prereqs": [], 
        "schedule_year": "B", 
        "attributes": [], 
        "coreqs": [], 
        "subject": 14
    }
},
{
    "pk": 78, 
    "model": "planner.course", 
    "fields": {
        "credit_hours": 5, 
        "title": "Basic Swimming Skills", 
        "created_at": "2013-06-12T22:44:03.158Z", 
        "number": "300", 
        "updated_at": "2013-06-21T20:37:16.976Z", 
        "schedule_semester": [
            1, 
            2, 
            3
        ], 
        "prereqs": [], 
        "schedule_year": "B", 
        "attributes": [], 
        "coreqs": [], 
        "subject": 14
    }
},
{
    "pk": 79, 
    "model": "planner.course", 
    "fields": {
        "credit_hours": 4, 
        "title": "Lifeguard Training ", 
        "created_at": "2013-06-12T22:44:34.854Z", 
        "number": "302", 
        "updated_at": "2013-06-21T20:37:16.977Z", 
        "schedule_semester": [
            1, 
            2, 
            3
        ], 
        "prereqs": [], 
        "schedule_year": "B", 
        "attributes": [], 
        "coreqs": [], 
        "subject": 14
    }
},
{
    "pk": 80, 
    "model": "planner.course", 
    "fields": {
        "credit_hours": 4, 
        "title": "Water Safety Instructor", 
        "created_at": "2013-06-12T22:45:33.019Z", 
        "number": "333", 
        "updated_at": "2013-06-21T20:37:16.979Z", 
        "schedule_semester": [
            1, 
            2, 
            3
        ], 
        "prereqs": [], 
        "schedule_year": "B", 
        "attributes": [], 
        "coreqs": [], 
        "subject": 14
    }
},
{
    "pk": 81, 
    "model": "planner.course", 
    "fields": {
        "credit_hours": 5, 
        "title": "Lifeguard Training Instructor", 
        "created_at": "2013-06-12T22:46:15.330Z", 
        "number": "334", 
        "updated_at": "2013-06-21T20:37:16.981Z", 
        "schedule_semester": [
            1, 
            2, 
            3
        ], 
        "prereqs": [], 
        "schedule_year": "B", 
        "attributes": [], 
        "coreqs": [], 
        "subject": 14
    }
},
{
    "pk": 82, 
    "model": "planner.course", 
    "fields": {
        "credit_hours": 1, 
        "title": "Challenge Course Facilitator Certification", 
        "created_at": "2013-06-12T22:46:44.749Z", 
        "number": "345", 
        "updated_at": "2013-06-21T20:37:16.983Z", 
        "schedule_semester": [
            1, 
            2, 
            3
        ], 
        "prereqs": [], 
        "schedule_year": "B", 
        "attributes": [], 
        "coreqs": [], 
        "subject": 14
    }
},
{
    "pk": 83, 
    "model": "planner.course", 
    "fields": {
        "credit_hours": 2, 
        "title": "Art as an Experience", 
        "created_at": "2013-06-13T19:19:35.445Z", 
        "number": "230", 
        "updated_at": "2013-06-21T20:37:16.925Z", 
        "schedule_semester": [
            1, 
            2, 
            3
        ], 
        "prereqs": [], 
        "schedule_year": "B", 
        "attributes": [], 
        "coreqs": [], 
        "subject": 15
    }
},
{
    "pk": 84, 
    "model": "planner.course", 
    "fields": {
        "credit_hours": 2, 
        "title": "Arts and Ideas", 
        "created_at": "2013-06-13T19:19:57.121Z", 
        "number": "330", 
        "updated_at": "2013-06-21T20:37:16.929Z", 
        "schedule_semester": [
            1, 
            2, 
            3
        ], 
        "prereqs": [], 
        "schedule_year": "B", 
        "attributes": [], 
        "coreqs": [], 
        "subject": 15
    }
},
{
    "pk": 85, 
    "model": "planner.course", 
    "fields": {
        "credit_hours": 5, 
        "title": "Paricipation in the Arts", 
        "created_at": "2013-06-13T19:22:22.515Z", 
        "number": "250", 
        "updated_at": "2013-06-21T20:37:16.927Z", 
        "schedule_semester": [
            1, 
            2, 
            3
        ], 
        "prereqs": [], 
        "schedule_year": "B", 
        "attributes": [
            1
        ], 
        "coreqs": [], 
        "subject": 15
    }
},
{
    "pk": 86, 
    "model": "planner.course", 
    "fields": {
        "credit_hours": 1, 
        "title": "Layout and Design", 
        "created_at": "2013-06-13T19:23:25.188Z", 
        "number": "332", 
        "updated_at": "2013-06-21T20:37:16.964Z", 
        "schedule_semester": [
            1, 
            2, 
            3
        ], 
        "prereqs": [], 
        "schedule_year": "B", 
        "attributes": [], 
        "coreqs": [], 
        "subject": 16
    }
},
{
    "pk": 87, 
    "model": "planner.course", 
    "fields": {
        "credit_hours": 4, 
        "title": "Computing and Culture - Applications and Context", 
        "created_at": "2013-06-13T19:49:34.438Z", 
        "number": "104", 
        "updated_at": "2013-06-21T20:37:16.835Z", 
        "schedule_semester": [
            1, 
            3
        ], 
        "prereqs": [], 
        "schedule_year": "B", 
        "attributes": [], 
        "coreqs": [], 
        "subject": 1
    }
},
{
    "pk": 88, 
    "model": "planner.course", 
    "fields": {
        "credit_hours": 4, 
        "title": "Computing and Culture - Applications and Context", 
        "created_at": "2013-06-13T19:50:08.226Z", 
        "number": "106", 
        "updated_at": "2013-06-21T20:37:16.837Z", 
        "schedule_semester": [
            1, 
            3
        ], 
        "prereqs": [], 
        "schedule_year": "B", 
        "attributes": [], 
        "coreqs": [], 
        "subject": 1
    }
},
{
    "pk": 89, 
    "model": "planner.course", 
    "fields": {
        "credit_hours": 1, 
        "title": "Expository Writing", 
        "created_at": "2013-06-13T19:51:30.782Z", 
        "number": "110", 
        "updated_at": "2013-06-21T20:37:16.896Z", 
        "schedule_semester": [
            1, 
            3
        ], 
        "prereqs": [], 
        "schedule_year": "B", 
        "attributes": [], 
        "coreqs": [], 
        "subject": 18
    }
},
{
    "pk": 90, 
    "model": "planner.course", 
    "fields": {
        "credit_hours": 1, 
        "title": "Public Speaking", 
        "created_at": "2013-06-13T19:55:07.389Z", 
        "number": "110", 
        "updated_at": "2013-06-21T20:37:16.823Z", 
        "schedule_semester": [
            1, 
            3
        ], 
        "prereqs": [], 
        "schedule_year": "B", 
        "attributes": [], 
        "coreqs": [], 
        "subject": 19
    }
},
{
    "pk": 91, 
    "model": "planner.course", 
    "fields": {
        "credit_hours": 1, 
        "title": "Interpersonal Communication", 
        "created_at": "2013-06-13T19:55:30.971Z", 
        "number": "120", 
        "updated_at": "2013-06-21T20:37:16.825Z", 
        "schedule_semester": [
            1, 
            3
        ], 
        "prereqs": [], 
        "schedule_year": "B", 
        "attributes": [], 
        "coreqs": [], 
        "subject": 19
    }
},
{
    "pk": 92, 
    "model": "planner.course", 
    "fields": {
        "credit_hours": 1, 
        "title": "Finite Mathematics", 
        "created_at": "2013-06-13T20:03:02.493Z", 
        "number": "110", 
        "updated_at": "2013-06-21T20:37:16.937Z", 
        "schedule_semester": [
            1, 
            3
        ], 
        "prereqs": [], 
        "schedule_year": "B", 
        "attributes": [], 
        "coreqs": [], 
        "subject": 3
    }
},
{
    "pk": 93, 
    "model": "planner.course", 
    "fields": {
        "credit_hours": 1, 
        "title": "Investigations in Mathematics", 
        "created_at": "2013-06-13T20:03:30.493Z", 
        "number": "120", 
        "updated_at": "2013-06-21T20:37:16.939Z", 
        "schedule_semester": [
            1, 
            3
        ], 
        "prereqs": [], 
        "schedule_year": "B", 
        "attributes": [], 
        "coreqs": [], 
        "subject": 3
    }
},
{
    "pk": 94, 
    "model": "planner.course", 
    "fields": {
        "credit_hours": 1, 
        "title": "Fundamental Calculus for Applications", 
        "created_at": "2013-06-13T20:04:02.962Z", 
        "number": "140", 
        "updated_at": "2013-06-21T20:37:16.941Z", 
        "schedule_semester": [
            1, 
            3
        ], 
        "prereqs": [], 
        "schedule_year": "B", 
        "attributes": [], 
        "coreqs": [], 
        "subject": 3
    }
},
{
    "pk": 95, 
    "model": "planner.course", 
    "fields": {
        "credit_hours": 1, 
        "title": "Introduction to Functions and Calculus", 
        "created_at": "2013-06-13T20:04:27.940Z", 
        "number": "145", 
        "updated_at": "2013-06-21T20:37:16.943Z", 
        "schedule_semester": [
            1, 
            3
        ], 
        "prereqs": [], 
        "schedule_year": "B", 
        "attributes": [], 
        "coreqs": [], 
        "subject": 3
    }
},
{
    "pk": 96, 
    "model": "planner.course", 
    "fields": {
        "credit_hours": 1, 
        "title": "Problem Solving", 
        "created_at": "2013-06-13T20:04:50.696Z", 
        "number": "180", 
        "updated_at": "2013-06-21T20:37:16.946Z", 
        "schedule_semester": [
            1, 
            3
        ], 
        "prereqs": [], 
        "schedule_year": "B", 
        "attributes": [], 
        "coreqs": [], 
        "subject": 3
    }
},
{
    "pk": 97, 
    "model": "planner.course", 
    "fields": {
        "credit_hours": 2, 
        "title": "Introductory Statistics", 
        "created_at": "2013-06-13T20:05:48.150Z", 
        "number": "210", 
        "updated_at": "2013-06-21T20:37:16.948Z", 
        "schedule_semester": [
            1, 
            3
        ], 
        "prereqs": [], 
        "schedule_year": "B", 
        "attributes": [], 
        "coreqs": [], 
        "subject": 3
    }
},
{
    "pk": 98, 
    "model": "planner.course", 
    "fields": {
        "credit_hours": 2, 
        "title": "Ways of Knowing", 
        "created_at": "2013-06-13T20:06:49.873Z", 
        "number": "220", 
        "updated_at": "2013-06-21T20:37:16.951Z", 
        "schedule_semester": [
            1, 
            3
        ], 
        "prereqs": [], 
        "schedule_year": "B", 
        "attributes": [], 
        "coreqs": [], 
        "subject": 3
    }
},
{
    "pk": 99, 
    "model": "planner.course", 
    "fields": {
        "credit_hours": 1, 
        "title": "Applied Social Statistics", 
        "created_at": "2013-06-13T20:07:40.170Z", 
        "number": "355", 
        "updated_at": "2013-06-21T20:37:17.031Z", 
        "schedule_semester": [
            1, 
            3
        ], 
        "prereqs": [], 
        "schedule_year": "B", 
        "attributes": [], 
        "coreqs": [], 
        "subject": 20
    }
},
{
    "pk": 100, 
    "model": "planner.course", 
    "fields": {
        "credit_hours": 1, 
        "title": "World Literature", 
        "created_at": "2013-06-13T20:21:18.143Z", 
        "number": "230", 
        "updated_at": "2013-06-21T20:37:16.897Z", 
        "schedule_semester": [
            1, 
            2, 
            3
        ], 
        "prereqs": [], 
        "schedule_year": "B", 
        "attributes": [], 
        "coreqs": [], 
        "subject": 18
    }
},
{
    "pk": 101, 
    "model": "planner.course", 
    "fields": {
        "credit_hours": 1, 
        "title": "American Literature", 
        "created_at": "2013-06-13T20:21:40.898Z", 
        "number": "240", 
        "updated_at": "2013-06-21T20:37:16.899Z", 
        "schedule_semester": [
            1, 
            3
        ], 
        "prereqs": [], 
        "schedule_year": "B", 
        "attributes": [], 
        "coreqs": [], 
        "subject": 18
    }
},
{
    "pk": 102, 
    "model": "planner.course", 
    "fields": {
        "credit_hours": 1, 
        "title": "British Literature", 
        "created_at": "2013-06-13T20:21:59.041Z", 
        "number": "250", 
        "updated_at": "2013-06-21T20:37:16.901Z", 
        "schedule_semester": [
            1, 
            3
        ], 
        "prereqs": [], 
        "schedule_year": "B", 
        "attributes": [], 
        "coreqs": [], 
        "subject": 18
    }
},
{
    "pk": 103, 
    "model": "planner.course", 
    "fields": {
        "credit_hours": 1, 
        "title": "Performing Literature", 
        "created_at": "2013-06-13T20:22:40.913Z", 
        "number": "200", 
        "updated_at": "2013-06-21T20:37:16.826Z", 
        "schedule_semester": [
            1, 
            3
        ], 
        "prereqs": [], 
        "schedule_year": "B", 
        "attributes": [], 
        "coreqs": [], 
        "subject": 21
    }
},
{
    "pk": 104, 
    "model": "planner.course", 
    "fields": {
        "credit_hours": 1, 
        "title": "Issues in Economics", 
        "created_at": "2013-06-13T20:26:34.904Z", 
        "number": "190", 
        "updated_at": "2013-06-21T20:37:16.890Z", 
        "schedule_semester": [
            1, 
            3
        ], 
        "prereqs": [], 
        "schedule_year": "B", 
        "attributes": [], 
        "coreqs": [], 
        "subject": 22
    }
},
{
    "pk": 106, 
    "model": "planner.course", 
    "fields": {
        "credit_hours": 2, 
        "title": "Principles of Microeconomics", 
        "created_at": "2013-06-14T19:21:10.461Z", 
        "number": "201", 
        "updated_at": "2013-06-21T20:37:16.892Z", 
        "schedule_semester": [], 
        "prereqs": [], 
        "schedule_year": "B", 
        "attributes": [], 
        "coreqs": [], 
        "subject": 22
    }
},
{
    "pk": 107, 
    "model": "planner.course", 
    "fields": {
        "credit_hours": 1, 
        "title": "Principles of Macroeconomics", 
        "created_at": "2013-06-14T19:23:59.804Z", 
        "number": "202", 
        "updated_at": "2013-06-21T20:37:16.894Z", 
        "schedule_semester": [
            1, 
            3
        ], 
        "prereqs": [], 
        "schedule_year": "B", 
        "attributes": [], 
        "coreqs": [], 
        "subject": 22
    }
},
{
    "pk": 108, 
    "model": "planner.course", 
    "fields": {
        "credit_hours": 1, 
        "title": "Political Geography", 
        "created_at": "2013-06-14T19:23:59.869Z", 
        "number": "230", 
        "updated_at": "2013-06-21T20:37:16.915Z", 
        "schedule_semester": [
            1, 
            3
        ], 
        "prereqs": [], 
        "schedule_year": "B", 
        "attributes": [], 
        "coreqs": [], 
        "subject": 9
    }
},
{
    "pk": 109, 
    "model": "planner.course", 
    "fields": {
        "credit_hours": 1, 
        "title": "Public and Community Health", 
        "created_at": "2013-06-14T19:23:59.935Z", 
        "number": "346", 
        "updated_at": "2013-06-21T20:37:16.985Z", 
        "schedule_semester": [
            1, 
            3
        ], 
        "prereqs": [], 
        "schedule_year": "B", 
        "attributes": [], 
        "coreqs": [], 
        "subject": 14
    }
},
{
    "pk": 110, 
    "model": "planner.course", 
    "fields": {
        "credit_hours": 1, 
        "title": "American Politics", 
        "created_at": "2013-06-14T19:24:00.002Z", 
        "number": "100", 
        "updated_at": "2013-06-21T20:37:16.994Z", 
        "schedule_semester": [
            1, 
            3
        ], 
        "prereqs": [], 
        "schedule_year": "B", 
        "attributes": [], 
        "coreqs": [], 
        "subject": 24
    }
},
{
    "pk": 111, 
    "model": "planner.course", 
    "fields": {
        "credit_hours": 1, 
        "title": "World Politics", 
        "created_at": "2013-06-14T19:24:00.069Z", 
        "number": "150", 
        "updated_at": "2013-06-21T20:37:16.995Z", 
        "schedule_semester": [
            1, 
            3
        ], 
        "prereqs": [], 
        "schedule_year": "B", 
        "attributes": [], 
        "coreqs": [], 
        "subject": 24
    }
},
{
    "pk": 112, 
    "model": "planner.course", 
    "fields": {
        "credit_hours": 1, 
        "title": "International Political Economy", 
        "created_at": "2013-06-14T19:24:00.133Z", 
        "number": "213", 
        "updated_at": "2013-06-21T20:37:16.997Z", 
        "schedule_semester": [
            1, 
            3
        ], 
        "prereqs": [], 
        "schedule_year": "B", 
        "attributes": [], 
        "coreqs": [], 
        "subject": 24
    }
},
{
    "pk": 113, 
    "model": "planner.course", 
    "fields": {
        "credit_hours": 1, 
        "title": "Public Policy", 
        "created_at": "2013-06-14T19:24:00.199Z", 
        "number": "331", 
        "updated_at": "2013-06-21T20:37:17.004Z", 
        "schedule_semester": [
            1, 
            3
        ], 
        "prereqs": [], 
        "schedule_year": "B", 
        "attributes": [], 
        "coreqs": [], 
        "subject": 24
    }
},
{
    "pk": 114, 
    "model": "planner.course", 
    "fields": {
        "credit_hours": 1, 
        "title": "Introduction to Sociology", 
        "created_at": "2013-06-14T19:24:00.272Z", 
        "number": "100", 
        "updated_at": "2013-06-21T20:37:17.018Z", 
        "schedule_semester": [
            1, 
            3
        ], 
        "prereqs": [], 
        "schedule_year": "B", 
        "attributes": [], 
        "coreqs": [], 
        "subject": 20
    }
},
{
    "pk": 115, 
    "model": "planner.course", 
    "fields": {
        "credit_hours": 1, 
        "title": "Introduction to Global Societies", 
        "created_at": "2013-06-14T19:24:00.339Z", 
        "number": "110", 
        "updated_at": "2013-06-21T20:37:17.020Z", 
        "schedule_semester": [
            1, 
            3
        ], 
        "prereqs": [], 
        "schedule_year": "B", 
        "attributes": [], 
        "coreqs": [], 
        "subject": 20
    }
},
{
    "pk": 116, 
    "model": "planner.course", 
    "fields": {
        "credit_hours": 1, 
        "title": "Cultural Anthropology", 
        "created_at": "2013-06-14T19:24:00.404Z", 
        "number": "200", 
        "updated_at": "2013-06-21T20:37:17.022Z", 
        "schedule_semester": [
            1, 
            3
        ], 
        "prereqs": [], 
        "schedule_year": "B", 
        "attributes": [], 
        "coreqs": [], 
        "subject": 20
    }
},
{
    "pk": 117, 
    "model": "planner.course", 
    "fields": {
        "credit_hours": 1, 
        "title": "Contemporary Social Issues", 
        "created_at": "2013-06-14T19:24:00.470Z", 
        "number": "210", 
        "updated_at": "2013-06-21T20:37:17.024Z", 
        "schedule_semester": [
            1, 
            3
        ], 
        "prereqs": [], 
        "schedule_year": "B", 
        "attributes": [], 
        "coreqs": [], 
        "subject": 20
    }
},
{
    "pk": 118, 
    "model": "planner.course", 
    "fields": {
        "credit_hours": 1, 
        "title": "Ethnic and Minority Issues", 
        "created_at": "2013-06-14T19:24:00.536Z", 
        "number": "220", 
        "updated_at": "2013-06-21T20:37:17.025Z", 
        "schedule_semester": [
            1, 
            3
        ], 
        "prereqs": [], 
        "schedule_year": "B", 
        "attributes": [], 
        "coreqs": [], 
        "subject": 20
    }
},
{
    "pk": 119, 
    "model": "planner.course", 
    "fields": {
        "credit_hours": 1, 
        "title": "Community and Urban Affairs", 
        "created_at": "2013-06-14T19:24:00.600Z", 
        "number": "410", 
        "updated_at": "2013-06-21T20:37:17.036Z", 
        "schedule_semester": [
            1, 
            3
        ], 
        "prereqs": [], 
        "schedule_year": "B", 
        "attributes": [], 
        "coreqs": [], 
        "subject": 20
    }
},
{
    "pk": 120, 
    "model": "planner.course", 
    "fields": {
        "credit_hours": 1, 
        "title": "Exploration in Social Work", 
        "created_at": "2013-06-14T19:24:00.666Z", 
        "number": "200", 
        "updated_at": "2013-06-21T20:37:17.038Z", 
        "schedule_semester": [
            1, 
            3
        ], 
        "prereqs": [], 
        "schedule_year": "B", 
        "attributes": [], 
        "coreqs": [], 
        "subject": 26
    }
},
{
    "pk": 121, 
    "model": "planner.course", 
    "fields": {
        "credit_hours": 1, 
        "title": "Unleashing the Oppressed", 
        "created_at": "2013-06-14T19:24:00.732Z", 
        "number": "320", 
        "updated_at": "2013-06-21T20:37:17.039Z", 
        "schedule_semester": [
            1, 
            3
        ], 
        "prereqs": [], 
        "schedule_year": "B", 
        "attributes": [], 
        "coreqs": [], 
        "subject": 26
    }
},
{
    "pk": 122, 
    "model": "planner.course", 
    "fields": {
        "credit_hours": 2, 
        "title": "Regional Geography", 
        "created_at": "2013-06-14T19:24:00.794Z", 
        "number": "220", 
        "updated_at": "2013-06-21T20:37:16.913Z", 
        "schedule_semester": [
            1, 
            3
        ], 
        "prereqs": [], 
        "schedule_year": "B", 
        "attributes": [], 
        "coreqs": [], 
        "subject": 9
    }
},
{
    "pk": 123, 
    "model": "planner.course", 
    "fields": {
        "credit_hours": 2, 
        "title": "History and Geography of Latin America", 
        "created_at": "2013-06-14T19:24:00.858Z", 
        "number": "211", 
        "updated_at": "2013-06-21T20:37:16.918Z", 
        "schedule_semester": [
            1, 
            3
        ], 
        "prereqs": [], 
        "schedule_year": "B", 
        "attributes": [], 
        "coreqs": [], 
        "subject": 23
    }
},
{
    "pk": 124, 
    "model": "planner.course", 
    "fields": {
        "credit_hours": 2, 
        "title": "History and Geography of East Asia", 
        "created_at": "2013-06-14T19:24:00.929Z", 
        "number": "212", 
        "updated_at": "2013-06-21T20:37:16.920Z", 
        "schedule_semester": [
            1, 
            3
        ], 
        "prereqs": [], 
        "schedule_year": "B", 
        "attributes": [], 
        "coreqs": [], 
        "subject": 23
    }
},
{
    "pk": 125, 
    "model": "planner.course", 
    "fields": {
        "credit_hours": 2, 
        "title": "History and Geography of Africa", 
        "created_at": "2013-06-14T19:24:00.994Z", 
        "number": "213", 
        "updated_at": "2013-06-21T20:37:16.922Z", 
        "schedule_semester": [
            1, 
            3
        ], 
        "prereqs": [], 
        "schedule_year": "B", 
        "attributes": [], 
        "coreqs": [], 
        "subject": 23
    }
},
{
    "pk": 126, 
    "model": "planner.course", 
    "fields": {
        "credit_hours": 1, 
        "title": "History and Geography of South Asia", 
        "created_at": "2013-06-14T19:24:01.065Z", 
        "number": "215", 
        "updated_at": "2013-06-21T20:37:16.924Z", 
        "schedule_semester": [
            1, 
            3
        ], 
        "prereqs": [], 
        "schedule_year": "B", 
        "attributes": [], 
        "coreqs": [], 
        "subject": 23
    }
},
{
    "pk": 127, 
    "model": "planner.course", 
    "fields": {
        "credit_hours": 1, 
        "title": "Human Relations in Organizations", 
        "created_at": "2013-06-14T19:24:01.139Z", 
        "number": "330", 
        "updated_at": "2013-06-21T20:37:16.934Z", 
        "schedule_semester": [
            1, 
            3
        ], 
        "prereqs": [], 
        "schedule_year": "B", 
        "attributes": [], 
        "coreqs": [], 
        "subject": 10
    }
},
{
    "pk": 128, 
    "model": "planner.course", 
    "fields": {
        "credit_hours": 1, 
        "title": "Comparaitve Politics", 
        "created_at": "2013-06-14T19:24:01.203Z", 
        "number": "222", 
        "updated_at": "2013-06-21T20:37:16.999Z", 
        "schedule_semester": [
            1, 
            3
        ], 
        "prereqs": [], 
        "schedule_year": "B", 
        "attributes": [], 
        "coreqs": [], 
        "subject": 24
    }
},
{
    "pk": 129, 
    "model": "planner.course", 
    "fields": {
        "credit_hours": 1, 
        "title": "Political Behavior", 
        "created_at": "2013-06-14T19:24:01.272Z", 
        "number": "312", 
        "updated_at": "2013-06-21T20:37:17.001Z", 
        "schedule_semester": [
            1, 
            3
        ], 
        "prereqs": [], 
        "schedule_year": "B", 
        "attributes": [], 
        "coreqs": [], 
        "subject": 24
    }
},
{
    "pk": 130, 
    "model": "planner.course", 
    "fields": {
        "credit_hours": 1, 
        "title": "Modern Middle East", 
        "created_at": "2013-06-14T19:24:01.339Z", 
        "number": "321", 
        "updated_at": "2013-06-21T20:37:17.003Z", 
        "schedule_semester": [
            1, 
            3
        ], 
        "prereqs": [], 
        "schedule_year": "B", 
        "attributes": [], 
        "coreqs": [], 
        "subject": 24
    }
},
{
    "pk": 131, 
    "model": "planner.course", 
    "fields": {
        "credit_hours": 1, 
        "title": "Foundations of Psychology", 
        "created_at": "2013-06-14T19:24:01.402Z", 
        "number": "110", 
        "updated_at": "2013-06-21T20:37:17.006Z", 
        "schedule_semester": [
            1, 
            3
        ], 
        "prereqs": [], 
        "schedule_year": "B", 
        "attributes": [], 
        "coreqs": [], 
        "subject": 25
    }
},
{
    "pk": 132, 
    "model": "planner.course", 
    "fields": {
        "credit_hours": 1, 
        "title": "Introduction to Psychology", 
        "created_at": "2013-06-14T19:24:01.468Z", 
        "number": "200", 
        "updated_at": "2013-06-21T20:37:17.008Z", 
        "schedule_semester": [
            1, 
            3
        ], 
        "prereqs": [], 
        "schedule_year": "B", 
        "attributes": [], 
        "coreqs": [], 
        "subject": 25
    }
},
{
    "pk": 133, 
    "model": "planner.course", 
    "fields": {
        "credit_hours": 1, 
        "title": "Child Psychology", 
        "created_at": "2013-06-14T19:24:01.532Z", 
        "number": "240", 
        "updated_at": "2013-06-21T20:37:17.010Z", 
        "schedule_semester": [
            1, 
            3
        ], 
        "prereqs": [], 
        "schedule_year": "B", 
        "attributes": [], 
        "coreqs": [], 
        "subject": 25
    }
},
{
    "pk": 134, 
    "model": "planner.course", 
    "fields": {
        "credit_hours": 1, 
        "title": "Life Span Development", 
        "created_at": "2013-06-14T19:24:01.596Z", 
        "number": "250", 
        "updated_at": "2013-06-21T20:37:17.011Z", 
        "schedule_semester": [
            1, 
            3
        ], 
        "prereqs": [], 
        "schedule_year": "B", 
        "attributes": [], 
        "coreqs": [], 
        "subject": 25
    }
},
{
    "pk": 135, 
    "model": "planner.course", 
    "fields": {
        "credit_hours": 1, 
        "title": "Adolescent Psychology", 
        "created_at": "2013-06-14T19:24:01.662Z", 
        "number": "340", 
        "updated_at": "2013-06-21T20:37:17.013Z", 
        "schedule_semester": [
            1, 
            3
        ], 
        "prereqs": [], 
        "schedule_year": "B", 
        "attributes": [], 
        "coreqs": [], 
        "subject": 25
    }
},
{
    "pk": 136, 
    "model": "planner.course", 
    "fields": {
        "credit_hours": 1, 
        "title": "Child and Adolescent Psychology", 
        "created_at": "2013-06-14T19:24:01.729Z", 
        "number": "350", 
        "updated_at": "2013-06-21T20:37:17.015Z", 
        "schedule_semester": [
            1, 
            3
        ], 
        "prereqs": [], 
        "schedule_year": "B", 
        "attributes": [], 
        "coreqs": [], 
        "subject": 25
    }
},
{
    "pk": 137, 
    "model": "planner.course", 
    "fields": {
        "credit_hours": 1, 
        "title": "Religion and Society", 
        "created_at": "2013-06-14T19:24:01.796Z", 
        "number": "310", 
        "updated_at": "2013-06-21T20:37:17.027Z", 
        "schedule_semester": [
            1, 
            3
        ], 
        "prereqs": [], 
        "schedule_year": "B", 
        "attributes": [], 
        "coreqs": [], 
        "subject": 20
    }
},
{
    "pk": 138, 
    "model": "planner.course", 
    "fields": {
        "credit_hours": 1, 
        "title": "Social Change and Social Movements", 
        "created_at": "2013-06-14T19:24:01.859Z", 
        "number": "330", 
        "updated_at": "2013-06-21T20:37:17.029Z", 
        "schedule_semester": [
            1, 
            3
        ], 
        "prereqs": [], 
        "schedule_year": "B", 
        "attributes": [], 
        "coreqs": [], 
        "subject": 20
    }
},
{
    "pk": 139, 
    "model": "planner.course", 
    "fields": {
        "credit_hours": 1, 
        "title": "History of Social Thought", 
        "created_at": "2013-06-14T19:24:01.925Z", 
        "number": "361", 
        "updated_at": "2013-06-21T20:37:17.032Z", 
        "schedule_semester": [
            1, 
            3
        ], 
        "prereqs": [], 
        "schedule_year": "B", 
        "attributes": [], 
        "coreqs": [], 
        "subject": 20
    }
},
{
    "pk": 140, 
    "model": "planner.course", 
    "fields": {
        "credit_hours": 1, 
        "title": "Marraige and Family Systems", 
        "created_at": "2013-06-14T19:24:01.993Z", 
        "number": "381", 
        "updated_at": "2013-06-21T20:37:17.034Z", 
        "schedule_semester": [
            1, 
            3
        ], 
        "prereqs": [], 
        "schedule_year": "B", 
        "attributes": [], 
        "coreqs": [], 
        "subject": 20
    }
},
{
    "pk": 2, 
    "model": "planner.student", 
    "fields": {
        "majors": [], 
        "entering_year": 1, 
        "minors": [], 
        "student_id": "@00555555", 
        "university": 1, 
        "catalog_year": 1
    }
},
{
    "pk": 1, 
    "model": "planner.courseoffering", 
    "fields": {
        "status": 0, 
        "course": 69, 
        "created_at": "2013-06-25T22:34:47.536Z", 
        "updated_at": "2013-06-25T22:34:47.536Z", 
        "semester": 1
    }
},
{
    "pk": 2, 
    "model": "planner.courseoffering", 
    "fields": {
        "status": 0, 
        "course": 69, 
        "created_at": "2013-06-25T22:34:47.564Z", 
        "updated_at": "2013-06-25T22:34:47.564Z", 
        "semester": 2
    }
},
{
    "pk": 3, 
    "model": "planner.courseoffering", 
    "fields": {
        "status": 0, 
        "course": 69, 
        "created_at": "2013-06-25T22:34:47.593Z", 
        "updated_at": "2013-06-25T22:34:47.593Z", 
        "semester": 3
    }
},
{
    "pk": 4, 
    "model": "planner.courseoffering", 
    "fields": {
        "status": 0, 
        "course": 70, 
        "created_at": "2013-06-25T22:34:47.623Z", 
        "updated_at": "2013-06-25T22:34:47.624Z", 
        "semester": 1
    }
},
{
    "pk": 5, 
    "model": "planner.courseoffering", 
    "fields": {
        "status": 0, 
        "course": 70, 
        "created_at": "2013-06-25T22:34:47.646Z", 
        "updated_at": "2013-06-25T22:34:47.646Z", 
        "semester": 2
    }
},
{
    "pk": 6, 
    "model": "planner.courseoffering", 
    "fields": {
        "status": 0, 
        "course": 70, 
        "created_at": "2013-06-25T22:34:47.668Z", 
        "updated_at": "2013-06-25T22:34:47.668Z", 
        "semester": 3
    }
},
{
    "pk": 7, 
    "model": "planner.courseoffering", 
    "fields": {
        "status": 0, 
        "course": 1, 
        "created_at": "2013-06-25T22:34:47.700Z", 
        "updated_at": "2013-06-25T22:34:47.700Z", 
        "semester": 1
    }
},
{
    "pk": 8, 
    "model": "planner.courseoffering", 
    "fields": {
        "status": 0, 
        "course": 1, 
        "created_at": "2013-06-25T22:34:47.721Z", 
        "updated_at": "2013-06-25T22:34:47.721Z", 
        "semester": 3
    }
},
{
    "pk": 9, 
    "model": "planner.courseoffering", 
    "fields": {
        "status": 0, 
        "course": 2, 
        "created_at": "2013-06-25T22:34:47.750Z", 
        "updated_at": "2013-06-25T22:34:47.750Z", 
        "semester": 1
    }
},
{
    "pk": 10, 
    "model": "planner.courseoffering", 
    "fields": {
        "status": 0, 
        "course": 2, 
        "created_at": "2013-06-25T22:34:47.770Z", 
        "updated_at": "2013-06-25T22:34:47.770Z", 
        "semester": 3
    }
},
{
    "pk": 11, 
    "model": "planner.courseoffering", 
    "fields": {
        "status": 0, 
        "course": 46, 
        "created_at": "2013-06-25T22:34:47.852Z", 
        "updated_at": "2013-06-25T22:34:47.852Z", 
        "semester": 1
    }
},
{
    "pk": 12, 
    "model": "planner.courseoffering", 
    "fields": {
        "status": 0, 
        "course": 46, 
        "created_at": "2013-06-25T22:34:47.926Z", 
        "updated_at": "2013-06-25T22:34:47.926Z", 
        "semester": 3
    }
},
{
    "pk": 13, 
    "model": "planner.courseoffering", 
    "fields": {
        "status": 0, 
        "course": 47, 
        "created_at": "2013-06-25T22:34:48.002Z", 
        "updated_at": "2013-06-25T22:34:48.002Z", 
        "semester": 1
    }
},
{
    "pk": 14, 
    "model": "planner.courseoffering", 
    "fields": {
        "status": 0, 
        "course": 47, 
        "created_at": "2013-06-25T22:34:48.039Z", 
        "updated_at": "2013-06-25T22:34:48.039Z", 
        "semester": 3
    }
},
{
    "pk": 15, 
    "model": "planner.courseoffering", 
    "fields": {
        "status": 0, 
        "course": 48, 
        "created_at": "2013-06-25T22:34:48.067Z", 
        "updated_at": "2013-06-25T22:34:48.067Z", 
        "semester": 1
    }
},
{
    "pk": 16, 
    "model": "planner.courseoffering", 
    "fields": {
        "status": 0, 
        "course": 48, 
        "created_at": "2013-06-25T22:34:48.087Z", 
        "updated_at": "2013-06-25T22:34:48.087Z", 
        "semester": 3
    }
},
{
    "pk": 17, 
    "model": "planner.courseoffering", 
    "fields": {
        "status": 0, 
        "course": 49, 
        "created_at": "2013-06-25T22:34:48.119Z", 
        "updated_at": "2013-06-25T22:34:48.119Z", 
        "semester": 1
    }
},
{
    "pk": 18, 
    "model": "planner.courseoffering", 
    "fields": {
        "status": 0, 
        "course": 49, 
        "created_at": "2013-06-25T22:34:48.139Z", 
        "updated_at": "2013-06-25T22:34:48.139Z", 
        "semester": 3
    }
},
{
    "pk": 19, 
    "model": "planner.courseoffering", 
    "fields": {
        "status": 0, 
        "course": 50, 
        "created_at": "2013-06-25T22:34:48.167Z", 
        "updated_at": "2013-06-25T22:34:48.168Z", 
        "semester": 1
    }
},
{
    "pk": 20, 
    "model": "planner.courseoffering", 
    "fields": {
        "status": 0, 
        "course": 50, 
        "created_at": "2013-06-25T22:34:48.189Z", 
        "updated_at": "2013-06-25T22:34:48.189Z", 
        "semester": 3
    }
},
{
    "pk": 21, 
    "model": "planner.courseoffering", 
    "fields": {
        "status": 0, 
        "course": 51, 
        "created_at": "2013-06-25T22:34:48.220Z", 
        "updated_at": "2013-06-25T22:34:48.220Z", 
        "semester": 1
    }
},
{
    "pk": 22, 
    "model": "planner.courseoffering", 
    "fields": {
        "status": 0, 
        "course": 51, 
        "created_at": "2013-06-25T22:34:48.240Z", 
        "updated_at": "2013-06-25T22:34:48.241Z", 
        "semester": 3
    }
},
{
    "pk": 23, 
    "model": "planner.courseoffering", 
    "fields": {
        "status": 0, 
        "course": 90, 
        "created_at": "2013-06-25T22:34:48.269Z", 
        "updated_at": "2013-06-25T22:34:48.269Z", 
        "semester": 1
    }
},
{
    "pk": 24, 
    "model": "planner.courseoffering", 
    "fields": {
        "status": 0, 
        "course": 90, 
        "created_at": "2013-06-25T22:34:48.289Z", 
        "updated_at": "2013-06-25T22:34:48.289Z", 
        "semester": 3
    }
},
{
    "pk": 25, 
    "model": "planner.courseoffering", 
    "fields": {
        "status": 0, 
        "course": 91, 
        "created_at": "2013-06-25T22:34:48.318Z", 
        "updated_at": "2013-06-25T22:34:48.318Z", 
        "semester": 1
    }
},
{
    "pk": 26, 
    "model": "planner.courseoffering", 
    "fields": {
        "status": 0, 
        "course": 91, 
        "created_at": "2013-06-25T22:34:48.338Z", 
        "updated_at": "2013-06-25T22:34:48.338Z", 
        "semester": 3
    }
},
{
    "pk": 27, 
    "model": "planner.courseoffering", 
    "fields": {
        "status": 0, 
        "course": 103, 
        "created_at": "2013-06-25T22:34:48.367Z", 
        "updated_at": "2013-06-25T22:34:48.367Z", 
        "semester": 1
    }
},
{
    "pk": 28, 
    "model": "planner.courseoffering", 
    "fields": {
        "status": 0, 
        "course": 103, 
        "created_at": "2013-06-25T22:34:48.388Z", 
        "updated_at": "2013-06-25T22:34:48.388Z", 
        "semester": 3
    }
},
{
    "pk": 29, 
    "model": "planner.courseoffering", 
    "fields": {
        "status": 0, 
        "course": 55, 
        "created_at": "2013-06-25T22:34:48.417Z", 
        "updated_at": "2013-06-25T22:34:48.417Z", 
        "semester": 1
    }
},
{
    "pk": 30, 
    "model": "planner.courseoffering", 
    "fields": {
        "status": 0, 
        "course": 55, 
        "created_at": "2013-06-25T22:34:48.437Z", 
        "updated_at": "2013-06-25T22:34:48.437Z", 
        "semester": 3
    }
},
{
    "pk": 31, 
    "model": "planner.courseoffering", 
    "fields": {
        "status": 0, 
        "course": 52, 
        "created_at": "2013-06-25T22:34:48.466Z", 
        "updated_at": "2013-06-25T22:34:48.466Z", 
        "semester": 1
    }
},
{
    "pk": 32, 
    "model": "planner.courseoffering", 
    "fields": {
        "status": 0, 
        "course": 52, 
        "created_at": "2013-06-25T22:34:48.487Z", 
        "updated_at": "2013-06-25T22:34:48.487Z", 
        "semester": 3
    }
},
{
    "pk": 33, 
    "model": "planner.courseoffering", 
    "fields": {
        "status": 0, 
        "course": 56, 
        "created_at": "2013-06-25T22:34:48.516Z", 
        "updated_at": "2013-06-25T22:34:48.516Z", 
        "semester": 1
    }
},
{
    "pk": 34, 
    "model": "planner.courseoffering", 
    "fields": {
        "status": 0, 
        "course": 56, 
        "created_at": "2013-06-25T22:34:48.538Z", 
        "updated_at": "2013-06-25T22:34:48.538Z", 
        "semester": 3
    }
},
{
    "pk": 35, 
    "model": "planner.courseoffering", 
    "fields": {
        "status": 0, 
        "course": 57, 
        "created_at": "2013-06-25T22:34:48.567Z", 
        "updated_at": "2013-06-25T22:34:48.567Z", 
        "semester": 1
    }
},
{
    "pk": 36, 
    "model": "planner.courseoffering", 
    "fields": {
        "status": 0, 
        "course": 57, 
        "created_at": "2013-06-25T22:34:48.588Z", 
        "updated_at": "2013-06-25T22:34:48.588Z", 
        "semester": 3
    }
},
{
    "pk": 37, 
    "model": "planner.courseoffering", 
    "fields": {
        "status": 0, 
        "course": 87, 
        "created_at": "2013-06-25T22:34:48.617Z", 
        "updated_at": "2013-06-25T22:34:48.617Z", 
        "semester": 1
    }
},
{
    "pk": 38, 
    "model": "planner.courseoffering", 
    "fields": {
        "status": 0, 
        "course": 87, 
        "created_at": "2013-06-25T22:34:48.638Z", 
        "updated_at": "2013-06-25T22:34:48.638Z", 
        "semester": 3
    }
},
{
    "pk": 39, 
    "model": "planner.courseoffering", 
    "fields": {
        "status": 0, 
        "course": 88, 
        "created_at": "2013-06-25T22:34:48.667Z", 
        "updated_at": "2013-06-25T22:34:48.667Z", 
        "semester": 1
    }
},
{
    "pk": 40, 
    "model": "planner.courseoffering", 
    "fields": {
        "status": 0, 
        "course": 88, 
        "created_at": "2013-06-25T22:34:48.688Z", 
        "updated_at": "2013-06-25T22:34:48.688Z", 
        "semester": 3
    }
},
{
    "pk": 41, 
    "model": "planner.courseoffering", 
    "fields": {
        "status": 0, 
        "course": 4, 
        "created_at": "2013-06-25T22:34:48.716Z", 
        "updated_at": "2013-06-25T22:34:48.716Z", 
        "semester": 1
    }
},
{
    "pk": 42, 
    "model": "planner.courseoffering", 
    "fields": {
        "status": 0, 
        "course": 4, 
        "created_at": "2013-06-25T22:34:48.738Z", 
        "updated_at": "2013-06-25T22:34:48.738Z", 
        "semester": 3
    }
},
{
    "pk": 43, 
    "model": "planner.courseoffering", 
    "fields": {
        "status": 0, 
        "course": 5, 
        "created_at": "2013-06-25T22:34:48.768Z", 
        "updated_at": "2013-06-25T22:34:48.768Z", 
        "semester": 1
    }
},
{
    "pk": 44, 
    "model": "planner.courseoffering", 
    "fields": {
        "status": 0, 
        "course": 5, 
        "created_at": "2013-06-25T22:34:48.793Z", 
        "updated_at": "2013-06-25T22:34:48.793Z", 
        "semester": 3
    }
},
{
    "pk": 45, 
    "model": "planner.courseoffering", 
    "fields": {
        "status": 0, 
        "course": 6, 
        "created_at": "2013-06-25T22:34:48.824Z", 
        "updated_at": "2013-06-25T22:34:48.824Z", 
        "semester": 3
    }
},
{
    "pk": 46, 
    "model": "planner.courseoffering", 
    "fields": {
        "status": 0, 
        "course": 7, 
        "created_at": "2013-06-25T22:34:48.853Z", 
        "updated_at": "2013-06-25T22:34:48.853Z", 
        "semester": 1
    }
},
{
    "pk": 47, 
    "model": "planner.courseoffering", 
    "fields": {
        "status": 0, 
        "course": 8, 
        "created_at": "2013-06-25T22:34:48.883Z", 
        "updated_at": "2013-06-25T22:34:48.883Z", 
        "semester": 1
    }
},
{
    "pk": 48, 
    "model": "planner.courseoffering", 
    "fields": {
        "status": 0, 
        "course": 31, 
        "created_at": "2013-06-25T22:34:48.911Z", 
        "updated_at": "2013-06-25T22:34:48.911Z", 
        "semester": 3
    }
},
{
    "pk": 49, 
    "model": "planner.courseoffering", 
    "fields": {
        "status": 0, 
        "course": 9, 
        "created_at": "2013-06-25T22:34:48.941Z", 
        "updated_at": "2013-06-25T22:34:48.941Z", 
        "semester": 3
    }
},
{
    "pk": 50, 
    "model": "planner.courseoffering", 
    "fields": {
        "status": 0, 
        "course": 3, 
        "created_at": "2013-06-25T22:34:48.970Z", 
        "updated_at": "2013-06-25T22:34:48.970Z", 
        "semester": 1
    }
},
{
    "pk": 51, 
    "model": "planner.courseoffering", 
    "fields": {
        "status": 0, 
        "course": 10, 
        "created_at": "2013-06-25T22:34:48.999Z", 
        "updated_at": "2013-06-25T22:34:48.999Z", 
        "semester": 1
    }
},
{
    "pk": 52, 
    "model": "planner.courseoffering", 
    "fields": {
        "status": 0, 
        "course": 10, 
        "created_at": "2013-06-25T22:34:49.019Z", 
        "updated_at": "2013-06-25T22:34:49.019Z", 
        "semester": 2
    }
},
{
    "pk": 53, 
    "model": "planner.courseoffering", 
    "fields": {
        "status": 0, 
        "course": 25, 
        "created_at": "2013-06-25T22:34:49.048Z", 
        "updated_at": "2013-06-25T22:34:49.048Z", 
        "semester": 3
    }
},
{
    "pk": 54, 
    "model": "planner.courseoffering", 
    "fields": {
        "status": 0, 
        "course": 40, 
        "created_at": "2013-06-25T22:34:49.079Z", 
        "updated_at": "2013-06-25T22:34:49.079Z", 
        "semester": 1
    }
},
{
    "pk": 55, 
    "model": "planner.courseoffering", 
    "fields": {
        "status": 0, 
        "course": 26, 
        "created_at": "2013-06-25T22:34:49.107Z", 
        "updated_at": "2013-06-25T22:34:49.107Z", 
        "semester": 1
    }
},
{
    "pk": 56, 
    "model": "planner.courseoffering", 
    "fields": {
        "status": 0, 
        "course": 41, 
        "created_at": "2013-06-25T22:34:49.140Z", 
        "updated_at": "2013-06-25T22:34:49.140Z", 
        "semester": 1
    }
},
{
    "pk": 57, 
    "model": "planner.courseoffering", 
    "fields": {
        "status": 0, 
        "course": 41, 
        "created_at": "2013-06-25T22:34:49.160Z", 
        "updated_at": "2013-06-25T22:34:49.160Z", 
        "semester": 3
    }
},
{
    "pk": 58, 
    "model": "planner.courseoffering", 
    "fields": {
        "status": 0, 
        "course": 42, 
        "created_at": "2013-06-25T22:34:49.188Z", 
        "updated_at": "2013-06-25T22:34:49.188Z", 
        "semester": 1
    }
},
{
    "pk": 59, 
    "model": "planner.courseoffering", 
    "fields": {
        "status": 0, 
        "course": 42, 
        "created_at": "2013-06-25T22:34:49.208Z", 
        "updated_at": "2013-06-25T22:34:49.209Z", 
        "semester": 3
    }
},
{
    "pk": 60, 
    "model": "planner.courseoffering", 
    "fields": {
        "status": 0, 
        "course": 32, 
        "created_at": "2013-06-25T22:34:49.237Z", 
        "updated_at": "2013-06-25T22:34:49.237Z", 
        "semester": 3
    }
},
{
    "pk": 61, 
    "model": "planner.courseoffering", 
    "fields": {
        "status": 0, 
        "course": 22, 
        "created_at": "2013-06-25T22:34:49.265Z", 
        "updated_at": "2013-06-25T22:34:49.266Z", 
        "semester": 1
    }
},
{
    "pk": 62, 
    "model": "planner.courseoffering", 
    "fields": {
        "status": 0, 
        "course": 12, 
        "created_at": "2013-06-25T22:34:49.307Z", 
        "updated_at": "2013-06-25T22:34:49.307Z", 
        "semester": 3
    }
},
{
    "pk": 63, 
    "model": "planner.courseoffering", 
    "fields": {
        "status": 0, 
        "course": 23, 
        "created_at": "2013-06-25T22:34:49.337Z", 
        "updated_at": "2013-06-25T22:34:49.337Z", 
        "semester": 3
    }
},
{
    "pk": 64, 
    "model": "planner.courseoffering", 
    "fields": {
        "status": 0, 
        "course": 28, 
        "created_at": "2013-06-25T22:34:49.365Z", 
        "updated_at": "2013-06-25T22:34:49.365Z", 
        "semester": 3
    }
},
{
    "pk": 65, 
    "model": "planner.courseoffering", 
    "fields": {
        "status": 0, 
        "course": 29, 
        "created_at": "2013-06-25T22:34:49.393Z", 
        "updated_at": "2013-06-25T22:34:49.393Z", 
        "semester": 3
    }
},
{
    "pk": 66, 
    "model": "planner.courseoffering", 
    "fields": {
        "status": 0, 
        "course": 13, 
        "created_at": "2013-06-25T22:34:49.423Z", 
        "updated_at": "2013-06-25T22:34:49.423Z", 
        "semester": 1
    }
},
{
    "pk": 67, 
    "model": "planner.courseoffering", 
    "fields": {
        "status": 0, 
        "course": 24, 
        "created_at": "2013-06-25T22:34:49.452Z", 
        "updated_at": "2013-06-25T22:34:49.452Z", 
        "semester": 1
    }
},
{
    "pk": 68, 
    "model": "planner.courseoffering", 
    "fields": {
        "status": 0, 
        "course": 24, 
        "created_at": "2013-06-25T22:34:49.472Z", 
        "updated_at": "2013-06-25T22:34:49.472Z", 
        "semester": 3
    }
},
{
    "pk": 69, 
    "model": "planner.courseoffering", 
    "fields": {
        "status": 0, 
        "course": 14, 
        "created_at": "2013-06-25T22:34:49.501Z", 
        "updated_at": "2013-06-25T22:34:49.501Z", 
        "semester": 1
    }
},
{
    "pk": 70, 
    "model": "planner.courseoffering", 
    "fields": {
        "status": 0, 
        "course": 14, 
        "created_at": "2013-06-25T22:34:49.522Z", 
        "updated_at": "2013-06-25T22:34:49.522Z", 
        "semester": 2
    }
},
{
    "pk": 71, 
    "model": "planner.courseoffering", 
    "fields": {
        "status": 0, 
        "course": 14, 
        "created_at": "2013-06-25T22:34:49.542Z", 
        "updated_at": "2013-06-25T22:34:49.542Z", 
        "semester": 3
    }
},
{
    "pk": 72, 
    "model": "planner.courseoffering", 
    "fields": {
        "status": 0, 
        "course": 15, 
        "created_at": "2013-06-25T22:34:49.571Z", 
        "updated_at": "2013-06-25T22:34:49.571Z", 
        "semester": 1
    }
},
{
    "pk": 73, 
    "model": "planner.courseoffering", 
    "fields": {
        "status": 0, 
        "course": 15, 
        "created_at": "2013-06-25T22:34:49.593Z", 
        "updated_at": "2013-06-25T22:34:49.593Z", 
        "semester": 2
    }
},
{
    "pk": 74, 
    "model": "planner.courseoffering", 
    "fields": {
        "status": 0, 
        "course": 15, 
        "created_at": "2013-06-25T22:34:49.614Z", 
        "updated_at": "2013-06-25T22:34:49.614Z", 
        "semester": 3
    }
},
{
    "pk": 75, 
    "model": "planner.courseoffering", 
    "fields": {
        "status": 0, 
        "course": 43, 
        "created_at": "2013-06-25T22:34:49.643Z", 
        "updated_at": "2013-06-25T22:34:49.643Z", 
        "semester": 1
    }
},
{
    "pk": 76, 
    "model": "planner.courseoffering", 
    "fields": {
        "status": 0, 
        "course": 43, 
        "created_at": "2013-06-25T22:34:49.664Z", 
        "updated_at": "2013-06-25T22:34:49.664Z", 
        "semester": 3
    }
},
{
    "pk": 77, 
    "model": "planner.courseoffering", 
    "fields": {
        "status": 0, 
        "course": 44, 
        "created_at": "2013-06-25T22:34:49.693Z", 
        "updated_at": "2013-06-25T22:34:49.693Z", 
        "semester": 1
    }
},
{
    "pk": 78, 
    "model": "planner.courseoffering", 
    "fields": {
        "status": 0, 
        "course": 44, 
        "created_at": "2013-06-25T22:34:49.713Z", 
        "updated_at": "2013-06-25T22:34:49.713Z", 
        "semester": 3
    }
},
{
    "pk": 79, 
    "model": "planner.courseoffering", 
    "fields": {
        "status": 0, 
        "course": 16, 
        "created_at": "2013-06-25T22:34:49.742Z", 
        "updated_at": "2013-06-25T22:34:49.742Z", 
        "semester": 2
    }
},
{
    "pk": 80, 
    "model": "planner.courseoffering", 
    "fields": {
        "status": 0, 
        "course": 104, 
        "created_at": "2013-06-25T22:34:49.771Z", 
        "updated_at": "2013-06-25T22:34:49.771Z", 
        "semester": 1
    }
},
{
    "pk": 81, 
    "model": "planner.courseoffering", 
    "fields": {
        "status": 0, 
        "course": 104, 
        "created_at": "2013-06-25T22:34:49.796Z", 
        "updated_at": "2013-06-25T22:34:49.796Z", 
        "semester": 3
    }
},
{
    "pk": 82, 
    "model": "planner.courseoffering", 
    "fields": {
        "status": 0, 
        "course": 107, 
        "created_at": "2013-06-25T22:34:49.841Z", 
        "updated_at": "2013-06-25T22:34:49.841Z", 
        "semester": 1
    }
},
{
    "pk": 83, 
    "model": "planner.courseoffering", 
    "fields": {
        "status": 0, 
        "course": 107, 
        "created_at": "2013-06-25T22:34:49.862Z", 
        "updated_at": "2013-06-25T22:34:49.862Z", 
        "semester": 3
    }
},
{
    "pk": 84, 
    "model": "planner.courseoffering", 
    "fields": {
        "status": 0, 
        "course": 89, 
        "created_at": "2013-06-25T22:34:49.890Z", 
        "updated_at": "2013-06-25T22:34:49.890Z", 
        "semester": 1
    }
},
{
    "pk": 85, 
    "model": "planner.courseoffering", 
    "fields": {
        "status": 0, 
        "course": 89, 
        "created_at": "2013-06-25T22:34:49.911Z", 
        "updated_at": "2013-06-25T22:34:49.911Z", 
        "semester": 3
    }
},
{
    "pk": 86, 
    "model": "planner.courseoffering", 
    "fields": {
        "status": 0, 
        "course": 100, 
        "created_at": "2013-06-25T22:34:49.940Z", 
        "updated_at": "2013-06-25T22:34:49.940Z", 
        "semester": 1
    }
},
{
    "pk": 87, 
    "model": "planner.courseoffering", 
    "fields": {
        "status": 0, 
        "course": 100, 
        "created_at": "2013-06-25T22:34:49.961Z", 
        "updated_at": "2013-06-25T22:34:49.961Z", 
        "semester": 2
    }
},
{
    "pk": 88, 
    "model": "planner.courseoffering", 
    "fields": {
        "status": 0, 
        "course": 100, 
        "created_at": "2013-06-25T22:34:49.982Z", 
        "updated_at": "2013-06-25T22:34:49.982Z", 
        "semester": 3
    }
},
{
    "pk": 89, 
    "model": "planner.courseoffering", 
    "fields": {
        "status": 0, 
        "course": 101, 
        "created_at": "2013-06-25T22:34:50.010Z", 
        "updated_at": "2013-06-25T22:34:50.010Z", 
        "semester": 1
    }
},
{
    "pk": 90, 
    "model": "planner.courseoffering", 
    "fields": {
        "status": 0, 
        "course": 101, 
        "created_at": "2013-06-25T22:34:50.031Z", 
        "updated_at": "2013-06-25T22:34:50.031Z", 
        "semester": 3
    }
},
{
    "pk": 91, 
    "model": "planner.courseoffering", 
    "fields": {
        "status": 0, 
        "course": 102, 
        "created_at": "2013-06-25T22:34:50.060Z", 
        "updated_at": "2013-06-25T22:34:50.060Z", 
        "semester": 1
    }
},
{
    "pk": 92, 
    "model": "planner.courseoffering", 
    "fields": {
        "status": 0, 
        "course": 102, 
        "created_at": "2013-06-25T22:34:50.082Z", 
        "updated_at": "2013-06-25T22:34:50.082Z", 
        "semester": 3
    }
},
{
    "pk": 93, 
    "model": "planner.courseoffering", 
    "fields": {
        "status": 0, 
        "course": 62, 
        "created_at": "2013-06-25T22:34:50.111Z", 
        "updated_at": "2013-06-25T22:34:50.111Z", 
        "semester": 1
    }
},
{
    "pk": 94, 
    "model": "planner.courseoffering", 
    "fields": {
        "status": 0, 
        "course": 62, 
        "created_at": "2013-06-25T22:34:50.133Z", 
        "updated_at": "2013-06-25T22:34:50.133Z", 
        "semester": 3
    }
},
{
    "pk": 95, 
    "model": "planner.courseoffering", 
    "fields": {
        "status": 0, 
        "course": 61, 
        "created_at": "2013-06-25T22:34:50.162Z", 
        "updated_at": "2013-06-25T22:34:50.162Z", 
        "semester": 1
    }
},
{
    "pk": 96, 
    "model": "planner.courseoffering", 
    "fields": {
        "status": 0, 
        "course": 61, 
        "created_at": "2013-06-25T22:34:50.183Z", 
        "updated_at": "2013-06-25T22:34:50.183Z", 
        "semester": 3
    }
},
{
    "pk": 97, 
    "model": "planner.courseoffering", 
    "fields": {
        "status": 0, 
        "course": 53, 
        "created_at": "2013-06-25T22:34:50.212Z", 
        "updated_at": "2013-06-25T22:34:50.212Z", 
        "semester": 1
    }
},
{
    "pk": 98, 
    "model": "planner.courseoffering", 
    "fields": {
        "status": 0, 
        "course": 53, 
        "created_at": "2013-06-25T22:34:50.233Z", 
        "updated_at": "2013-06-25T22:34:50.233Z", 
        "semester": 3
    }
},
{
    "pk": 99, 
    "model": "planner.courseoffering", 
    "fields": {
        "status": 0, 
        "course": 54, 
        "created_at": "2013-06-25T22:34:50.261Z", 
        "updated_at": "2013-06-25T22:34:50.261Z", 
        "semester": 1
    }
},
{
    "pk": 100, 
    "model": "planner.courseoffering", 
    "fields": {
        "status": 0, 
        "course": 54, 
        "created_at": "2013-06-25T22:34:50.280Z", 
        "updated_at": "2013-06-25T22:34:50.281Z", 
        "semester": 3
    }
},
{
    "pk": 101, 
    "model": "planner.courseoffering", 
    "fields": {
        "status": 0, 
        "course": 63, 
        "created_at": "2013-06-25T22:34:50.308Z", 
        "updated_at": "2013-06-25T22:34:50.308Z", 
        "semester": 1
    }
},
{
    "pk": 102, 
    "model": "planner.courseoffering", 
    "fields": {
        "status": 0, 
        "course": 63, 
        "created_at": "2013-06-25T22:34:50.329Z", 
        "updated_at": "2013-06-25T22:34:50.329Z", 
        "semester": 3
    }
},
{
    "pk": 103, 
    "model": "planner.courseoffering", 
    "fields": {
        "status": 0, 
        "course": 64, 
        "created_at": "2013-06-25T22:34:50.356Z", 
        "updated_at": "2013-06-25T22:34:50.356Z", 
        "semester": 1
    }
},
{
    "pk": 104, 
    "model": "planner.courseoffering", 
    "fields": {
        "status": 0, 
        "course": 64, 
        "created_at": "2013-06-25T22:34:50.377Z", 
        "updated_at": "2013-06-25T22:34:50.377Z", 
        "semester": 3
    }
},
{
    "pk": 105, 
    "model": "planner.courseoffering", 
    "fields": {
        "status": 0, 
        "course": 122, 
        "created_at": "2013-06-25T22:34:50.406Z", 
        "updated_at": "2013-06-25T22:34:50.406Z", 
        "semester": 1
    }
},
{
    "pk": 106, 
    "model": "planner.courseoffering", 
    "fields": {
        "status": 0, 
        "course": 122, 
        "created_at": "2013-06-25T22:34:50.427Z", 
        "updated_at": "2013-06-25T22:34:50.427Z", 
        "semester": 3
    }
},
{
    "pk": 107, 
    "model": "planner.courseoffering", 
    "fields": {
        "status": 0, 
        "course": 108, 
        "created_at": "2013-06-25T22:34:50.456Z", 
        "updated_at": "2013-06-25T22:34:50.456Z", 
        "semester": 1
    }
},
{
    "pk": 108, 
    "model": "planner.courseoffering", 
    "fields": {
        "status": 0, 
        "course": 108, 
        "created_at": "2013-06-25T22:34:50.477Z", 
        "updated_at": "2013-06-25T22:34:50.477Z", 
        "semester": 3
    }
},
{
    "pk": 109, 
    "model": "planner.courseoffering", 
    "fields": {
        "status": 0, 
        "course": 65, 
        "created_at": "2013-06-25T22:34:50.505Z", 
        "updated_at": "2013-06-25T22:34:50.506Z", 
        "semester": 1
    }
},
{
    "pk": 110, 
    "model": "planner.courseoffering", 
    "fields": {
        "status": 0, 
        "course": 65, 
        "created_at": "2013-06-25T22:34:50.526Z", 
        "updated_at": "2013-06-25T22:34:50.526Z", 
        "semester": 3
    }
},
{
    "pk": 111, 
    "model": "planner.courseoffering", 
    "fields": {
        "status": 0, 
        "course": 123, 
        "created_at": "2013-06-25T22:34:50.555Z", 
        "updated_at": "2013-06-25T22:34:50.555Z", 
        "semester": 1
    }
},
{
    "pk": 112, 
    "model": "planner.courseoffering", 
    "fields": {
        "status": 0, 
        "course": 123, 
        "created_at": "2013-06-25T22:34:50.575Z", 
        "updated_at": "2013-06-25T22:34:50.575Z", 
        "semester": 3
    }
},
{
    "pk": 113, 
    "model": "planner.courseoffering", 
    "fields": {
        "status": 0, 
        "course": 124, 
        "created_at": "2013-06-25T22:34:50.604Z", 
        "updated_at": "2013-06-25T22:34:50.604Z", 
        "semester": 1
    }
},
{
    "pk": 114, 
    "model": "planner.courseoffering", 
    "fields": {
        "status": 0, 
        "course": 124, 
        "created_at": "2013-06-25T22:34:50.641Z", 
        "updated_at": "2013-06-25T22:34:50.641Z", 
        "semester": 3
    }
},
{
    "pk": 115, 
    "model": "planner.courseoffering", 
    "fields": {
        "status": 0, 
        "course": 125, 
        "created_at": "2013-06-25T22:34:50.671Z", 
        "updated_at": "2013-06-25T22:34:50.671Z", 
        "semester": 1
    }
},
{
    "pk": 116, 
    "model": "planner.courseoffering", 
    "fields": {
        "status": 0, 
        "course": 125, 
        "created_at": "2013-06-25T22:34:50.690Z", 
        "updated_at": "2013-06-25T22:34:50.691Z", 
        "semester": 3
    }
},
{
    "pk": 117, 
    "model": "planner.courseoffering", 
    "fields": {
        "status": 0, 
        "course": 126, 
        "created_at": "2013-06-25T22:34:50.719Z", 
        "updated_at": "2013-06-25T22:34:50.719Z", 
        "semester": 1
    }
},
{
    "pk": 118, 
    "model": "planner.courseoffering", 
    "fields": {
        "status": 0, 
        "course": 126, 
        "created_at": "2013-06-25T22:34:50.739Z", 
        "updated_at": "2013-06-25T22:34:50.739Z", 
        "semester": 3
    }
},
{
    "pk": 119, 
    "model": "planner.courseoffering", 
    "fields": {
        "status": 0, 
        "course": 83, 
        "created_at": "2013-06-25T22:34:50.767Z", 
        "updated_at": "2013-06-25T22:34:50.768Z", 
        "semester": 1
    }
},
{
    "pk": 120, 
    "model": "planner.courseoffering", 
    "fields": {
        "status": 0, 
        "course": 83, 
        "created_at": "2013-06-25T22:34:50.787Z", 
        "updated_at": "2013-06-25T22:34:50.787Z", 
        "semester": 2
    }
},
{
    "pk": 121, 
    "model": "planner.courseoffering", 
    "fields": {
        "status": 0, 
        "course": 83, 
        "created_at": "2013-06-25T22:34:50.812Z", 
        "updated_at": "2013-06-25T22:34:50.812Z", 
        "semester": 3
    }
},
{
    "pk": 122, 
    "model": "planner.courseoffering", 
    "fields": {
        "status": 0, 
        "course": 85, 
        "created_at": "2013-06-25T22:34:50.839Z", 
        "updated_at": "2013-06-25T22:34:50.839Z", 
        "semester": 1
    }
},
{
    "pk": 123, 
    "model": "planner.courseoffering", 
    "fields": {
        "status": 0, 
        "course": 85, 
        "created_at": "2013-06-25T22:34:50.860Z", 
        "updated_at": "2013-06-25T22:34:50.860Z", 
        "semester": 2
    }
},
{
    "pk": 124, 
    "model": "planner.courseoffering", 
    "fields": {
        "status": 0, 
        "course": 85, 
        "created_at": "2013-06-25T22:34:50.880Z", 
        "updated_at": "2013-06-25T22:34:50.880Z", 
        "semester": 3
    }
},
{
    "pk": 125, 
    "model": "planner.courseoffering", 
    "fields": {
        "status": 0, 
        "course": 84, 
        "created_at": "2013-06-25T22:34:50.907Z", 
        "updated_at": "2013-06-25T22:34:50.907Z", 
        "semester": 1
    }
},
{
    "pk": 126, 
    "model": "planner.courseoffering", 
    "fields": {
        "status": 0, 
        "course": 84, 
        "created_at": "2013-06-25T22:34:50.928Z", 
        "updated_at": "2013-06-25T22:34:50.928Z", 
        "semester": 2
    }
},
{
    "pk": 127, 
    "model": "planner.courseoffering", 
    "fields": {
        "status": 0, 
        "course": 84, 
        "created_at": "2013-06-25T22:34:50.949Z", 
        "updated_at": "2013-06-25T22:34:50.949Z", 
        "semester": 3
    }
},
{
    "pk": 128, 
    "model": "planner.courseoffering", 
    "fields": {
        "status": 0, 
        "course": 67, 
        "created_at": "2013-06-25T22:34:50.978Z", 
        "updated_at": "2013-06-25T22:34:50.978Z", 
        "semester": 1
    }
},
{
    "pk": 129, 
    "model": "planner.courseoffering", 
    "fields": {
        "status": 0, 
        "course": 67, 
        "created_at": "2013-06-25T22:34:50.999Z", 
        "updated_at": "2013-06-25T22:34:50.999Z", 
        "semester": 2
    }
},
{
    "pk": 130, 
    "model": "planner.courseoffering", 
    "fields": {
        "status": 0, 
        "course": 67, 
        "created_at": "2013-06-25T22:34:51.019Z", 
        "updated_at": "2013-06-25T22:34:51.019Z", 
        "semester": 3
    }
},
{
    "pk": 131, 
    "model": "planner.courseoffering", 
    "fields": {
        "status": 0, 
        "course": 68, 
        "created_at": "2013-06-25T22:34:51.048Z", 
        "updated_at": "2013-06-25T22:34:51.048Z", 
        "semester": 1
    }
},
{
    "pk": 132, 
    "model": "planner.courseoffering", 
    "fields": {
        "status": 0, 
        "course": 127, 
        "created_at": "2013-06-25T22:34:51.076Z", 
        "updated_at": "2013-06-25T22:34:51.076Z", 
        "semester": 1
    }
},
{
    "pk": 133, 
    "model": "planner.courseoffering", 
    "fields": {
        "status": 0, 
        "course": 127, 
        "created_at": "2013-06-25T22:34:51.097Z", 
        "updated_at": "2013-06-25T22:34:51.097Z", 
        "semester": 3
    }
},
{
    "pk": 134, 
    "model": "planner.courseoffering", 
    "fields": {
        "status": 0, 
        "course": 73, 
        "created_at": "2013-06-25T22:34:51.126Z", 
        "updated_at": "2013-06-25T22:34:51.126Z", 
        "semester": 1
    }
},
{
    "pk": 135, 
    "model": "planner.courseoffering", 
    "fields": {
        "status": 0, 
        "course": 73, 
        "created_at": "2013-06-25T22:34:51.146Z", 
        "updated_at": "2013-06-25T22:34:51.146Z", 
        "semester": 2
    }
},
{
    "pk": 136, 
    "model": "planner.courseoffering", 
    "fields": {
        "status": 0, 
        "course": 73, 
        "created_at": "2013-06-25T22:34:51.167Z", 
        "updated_at": "2013-06-25T22:34:51.167Z", 
        "semester": 3
    }
},
{
    "pk": 137, 
    "model": "planner.courseoffering", 
    "fields": {
        "status": 0, 
        "course": 92, 
        "created_at": "2013-06-25T22:34:51.196Z", 
        "updated_at": "2013-06-25T22:34:51.196Z", 
        "semester": 1
    }
},
{
    "pk": 138, 
    "model": "planner.courseoffering", 
    "fields": {
        "status": 0, 
        "course": 92, 
        "created_at": "2013-06-25T22:34:51.217Z", 
        "updated_at": "2013-06-25T22:34:51.217Z", 
        "semester": 3
    }
},
{
    "pk": 139, 
    "model": "planner.courseoffering", 
    "fields": {
        "status": 0, 
        "course": 93, 
        "created_at": "2013-06-25T22:34:51.245Z", 
        "updated_at": "2013-06-25T22:34:51.245Z", 
        "semester": 1
    }
},
{
    "pk": 140, 
    "model": "planner.courseoffering", 
    "fields": {
        "status": 0, 
        "course": 93, 
        "created_at": "2013-06-25T22:34:51.266Z", 
        "updated_at": "2013-06-25T22:34:51.266Z", 
        "semester": 3
    }
},
{
    "pk": 141, 
    "model": "planner.courseoffering", 
    "fields": {
        "status": 0, 
        "course": 94, 
        "created_at": "2013-06-25T22:34:51.295Z", 
        "updated_at": "2013-06-25T22:34:51.296Z", 
        "semester": 1
    }
},
{
    "pk": 142, 
    "model": "planner.courseoffering", 
    "fields": {
        "status": 0, 
        "course": 94, 
        "created_at": "2013-06-25T22:34:51.318Z", 
        "updated_at": "2013-06-25T22:34:51.318Z", 
        "semester": 3
    }
},
{
    "pk": 143, 
    "model": "planner.courseoffering", 
    "fields": {
        "status": 0, 
        "course": 95, 
        "created_at": "2013-06-25T22:34:51.346Z", 
        "updated_at": "2013-06-25T22:34:51.346Z", 
        "semester": 1
    }
},
{
    "pk": 144, 
    "model": "planner.courseoffering", 
    "fields": {
        "status": 0, 
        "course": 95, 
        "created_at": "2013-06-25T22:34:51.367Z", 
        "updated_at": "2013-06-25T22:34:51.367Z", 
        "semester": 3
    }
},
{
    "pk": 145, 
    "model": "planner.courseoffering", 
    "fields": {
        "status": 0, 
        "course": 17, 
        "created_at": "2013-06-25T22:34:51.396Z", 
        "updated_at": "2013-06-25T22:34:51.396Z", 
        "semester": 1
    }
},
{
    "pk": 146, 
    "model": "planner.courseoffering", 
    "fields": {
        "status": 0, 
        "course": 17, 
        "created_at": "2013-06-25T22:34:51.417Z", 
        "updated_at": "2013-06-25T22:34:51.417Z", 
        "semester": 3
    }
},
{
    "pk": 147, 
    "model": "planner.courseoffering", 
    "fields": {
        "status": 0, 
        "course": 96, 
        "created_at": "2013-06-25T22:34:51.447Z", 
        "updated_at": "2013-06-25T22:34:51.447Z", 
        "semester": 1
    }
},
{
    "pk": 148, 
    "model": "planner.courseoffering", 
    "fields": {
        "status": 0, 
        "course": 96, 
        "created_at": "2013-06-25T22:34:51.468Z", 
        "updated_at": "2013-06-25T22:34:51.468Z", 
        "semester": 3
    }
},
{
    "pk": 149, 
    "model": "planner.courseoffering", 
    "fields": {
        "status": 0, 
        "course": 97, 
        "created_at": "2013-06-25T22:34:51.497Z", 
        "updated_at": "2013-06-25T22:34:51.497Z", 
        "semester": 1
    }
},
{
    "pk": 150, 
    "model": "planner.courseoffering", 
    "fields": {
        "status": 0, 
        "course": 97, 
        "created_at": "2013-06-25T22:34:51.517Z", 
        "updated_at": "2013-06-25T22:34:51.517Z", 
        "semester": 3
    }
},
{
    "pk": 151, 
    "model": "planner.courseoffering", 
    "fields": {
        "status": 0, 
        "course": 18, 
        "created_at": "2013-06-25T22:34:51.547Z", 
        "updated_at": "2013-06-25T22:34:51.547Z", 
        "semester": 1
    }
},
{
    "pk": 152, 
    "model": "planner.courseoffering", 
    "fields": {
        "status": 0, 
        "course": 98, 
        "created_at": "2013-06-25T22:34:51.577Z", 
        "updated_at": "2013-06-25T22:34:51.577Z", 
        "semester": 1
    }
},
{
    "pk": 153, 
    "model": "planner.courseoffering", 
    "fields": {
        "status": 0, 
        "course": 98, 
        "created_at": "2013-06-25T22:34:51.597Z", 
        "updated_at": "2013-06-25T22:34:51.597Z", 
        "semester": 3
    }
},
{
    "pk": 154, 
    "model": "planner.courseoffering", 
    "fields": {
        "status": 0, 
        "course": 35, 
        "created_at": "2013-06-25T22:34:51.627Z", 
        "updated_at": "2013-06-25T22:34:51.627Z", 
        "semester": 1
    }
},
{
    "pk": 155, 
    "model": "planner.courseoffering", 
    "fields": {
        "status": 0, 
        "course": 35, 
        "created_at": "2013-06-25T22:34:51.648Z", 
        "updated_at": "2013-06-25T22:34:51.648Z", 
        "semester": 3
    }
},
{
    "pk": 156, 
    "model": "planner.courseoffering", 
    "fields": {
        "status": 0, 
        "course": 36, 
        "created_at": "2013-06-25T22:34:51.677Z", 
        "updated_at": "2013-06-25T22:34:51.677Z", 
        "semester": 1
    }
},
{
    "pk": 157, 
    "model": "planner.courseoffering", 
    "fields": {
        "status": 0, 
        "course": 36, 
        "created_at": "2013-06-25T22:34:51.697Z", 
        "updated_at": "2013-06-25T22:34:51.697Z", 
        "semester": 3
    }
},
{
    "pk": 158, 
    "model": "planner.courseoffering", 
    "fields": {
        "status": 0, 
        "course": 37, 
        "created_at": "2013-06-25T22:34:51.727Z", 
        "updated_at": "2013-06-25T22:34:51.727Z", 
        "semester": 1
    }
},
{
    "pk": 159, 
    "model": "planner.courseoffering", 
    "fields": {
        "status": 0, 
        "course": 37, 
        "created_at": "2013-06-25T22:34:51.747Z", 
        "updated_at": "2013-06-25T22:34:51.747Z", 
        "semester": 3
    }
},
{
    "pk": 160, 
    "model": "planner.courseoffering", 
    "fields": {
        "status": 0, 
        "course": 38, 
        "created_at": "2013-06-25T22:34:51.776Z", 
        "updated_at": "2013-06-25T22:34:51.776Z", 
        "semester": 1
    }
},
{
    "pk": 161, 
    "model": "planner.courseoffering", 
    "fields": {
        "status": 0, 
        "course": 38, 
        "created_at": "2013-06-25T22:34:51.798Z", 
        "updated_at": "2013-06-25T22:34:51.798Z", 
        "semester": 3
    }
},
{
    "pk": 162, 
    "model": "planner.courseoffering", 
    "fields": {
        "status": 0, 
        "course": 39, 
        "created_at": "2013-06-25T22:34:51.832Z", 
        "updated_at": "2013-06-25T22:34:51.832Z", 
        "semester": 1
    }
},
{
    "pk": 163, 
    "model": "planner.courseoffering", 
    "fields": {
        "status": 0, 
        "course": 39, 
        "created_at": "2013-06-25T22:34:51.854Z", 
        "updated_at": "2013-06-25T22:34:51.854Z", 
        "semester": 3
    }
},
{
    "pk": 164, 
    "model": "planner.courseoffering", 
    "fields": {
        "status": 0, 
        "course": 21, 
        "created_at": "2013-06-25T22:34:51.883Z", 
        "updated_at": "2013-06-25T22:34:51.883Z", 
        "semester": 3
    }
},
{
    "pk": 165, 
    "model": "planner.courseoffering", 
    "fields": {
        "status": 0, 
        "course": 86, 
        "created_at": "2013-06-25T22:34:51.911Z", 
        "updated_at": "2013-06-25T22:34:51.911Z", 
        "semester": 1
    }
},
{
    "pk": 166, 
    "model": "planner.courseoffering", 
    "fields": {
        "status": 0, 
        "course": 86, 
        "created_at": "2013-06-25T22:34:51.933Z", 
        "updated_at": "2013-06-25T22:34:51.933Z", 
        "semester": 2
    }
},
{
    "pk": 167, 
    "model": "planner.courseoffering", 
    "fields": {
        "status": 0, 
        "course": 86, 
        "created_at": "2013-06-25T22:34:51.954Z", 
        "updated_at": "2013-06-25T22:34:51.954Z", 
        "semester": 3
    }
},
{
    "pk": 168, 
    "model": "planner.courseoffering", 
    "fields": {
        "status": 0, 
        "course": 72, 
        "created_at": "2013-06-25T22:34:51.982Z", 
        "updated_at": "2013-06-25T22:34:51.982Z", 
        "semester": 1
    }
},
{
    "pk": 169, 
    "model": "planner.courseoffering", 
    "fields": {
        "status": 0, 
        "course": 72, 
        "created_at": "2013-06-25T22:34:52.004Z", 
        "updated_at": "2013-06-25T22:34:52.004Z", 
        "semester": 2
    }
},
{
    "pk": 170, 
    "model": "planner.courseoffering", 
    "fields": {
        "status": 0, 
        "course": 72, 
        "created_at": "2013-06-25T22:34:52.026Z", 
        "updated_at": "2013-06-25T22:34:52.026Z", 
        "semester": 3
    }
},
{
    "pk": 171, 
    "model": "planner.courseoffering", 
    "fields": {
        "status": 0, 
        "course": 74, 
        "created_at": "2013-06-25T22:34:52.055Z", 
        "updated_at": "2013-06-25T22:34:52.055Z", 
        "semester": 1
    }
},
{
    "pk": 172, 
    "model": "planner.courseoffering", 
    "fields": {
        "status": 0, 
        "course": 74, 
        "created_at": "2013-06-25T22:34:52.075Z", 
        "updated_at": "2013-06-25T22:34:52.075Z", 
        "semester": 3
    }
},
{
    "pk": 173, 
    "model": "planner.courseoffering", 
    "fields": {
        "status": 0, 
        "course": 75, 
        "created_at": "2013-06-25T22:34:52.104Z", 
        "updated_at": "2013-06-25T22:34:52.104Z", 
        "semester": 1
    }
},
{
    "pk": 174, 
    "model": "planner.courseoffering", 
    "fields": {
        "status": 0, 
        "course": 75, 
        "created_at": "2013-06-25T22:34:52.124Z", 
        "updated_at": "2013-06-25T22:34:52.124Z", 
        "semester": 2
    }
},
{
    "pk": 175, 
    "model": "planner.courseoffering", 
    "fields": {
        "status": 0, 
        "course": 75, 
        "created_at": "2013-06-25T22:34:52.145Z", 
        "updated_at": "2013-06-25T22:34:52.145Z", 
        "semester": 3
    }
},
{
    "pk": 176, 
    "model": "planner.courseoffering", 
    "fields": {
        "status": 0, 
        "course": 76, 
        "created_at": "2013-06-25T22:34:52.173Z", 
        "updated_at": "2013-06-25T22:34:52.173Z", 
        "semester": 1
    }
},
{
    "pk": 177, 
    "model": "planner.courseoffering", 
    "fields": {
        "status": 0, 
        "course": 76, 
        "created_at": "2013-06-25T22:34:52.194Z", 
        "updated_at": "2013-06-25T22:34:52.194Z", 
        "semester": 2
    }
},
{
    "pk": 178, 
    "model": "planner.courseoffering", 
    "fields": {
        "status": 0, 
        "course": 76, 
        "created_at": "2013-06-25T22:34:52.214Z", 
        "updated_at": "2013-06-25T22:34:52.214Z", 
        "semester": 3
    }
},
{
    "pk": 179, 
    "model": "planner.courseoffering", 
    "fields": {
        "status": 0, 
        "course": 77, 
        "created_at": "2013-06-25T22:34:52.242Z", 
        "updated_at": "2013-06-25T22:34:52.242Z", 
        "semester": 1
    }
},
{
    "pk": 180, 
    "model": "planner.courseoffering", 
    "fields": {
        "status": 0, 
        "course": 77, 
        "created_at": "2013-06-25T22:34:52.263Z", 
        "updated_at": "2013-06-25T22:34:52.263Z", 
        "semester": 2
    }
},
{
    "pk": 181, 
    "model": "planner.courseoffering", 
    "fields": {
        "status": 0, 
        "course": 77, 
        "created_at": "2013-06-25T22:34:52.283Z", 
        "updated_at": "2013-06-25T22:34:52.283Z", 
        "semester": 3
    }
},
{
    "pk": 182, 
    "model": "planner.courseoffering", 
    "fields": {
        "status": 0, 
        "course": 78, 
        "created_at": "2013-06-25T22:34:52.314Z", 
        "updated_at": "2013-06-25T22:34:52.314Z", 
        "semester": 1
    }
},
{
    "pk": 183, 
    "model": "planner.courseoffering", 
    "fields": {
        "status": 0, 
        "course": 78, 
        "created_at": "2013-06-25T22:34:52.335Z", 
        "updated_at": "2013-06-25T22:34:52.335Z", 
        "semester": 2
    }
},
{
    "pk": 184, 
    "model": "planner.courseoffering", 
    "fields": {
        "status": 0, 
        "course": 78, 
        "created_at": "2013-06-25T22:34:52.356Z", 
        "updated_at": "2013-06-25T22:34:52.356Z", 
        "semester": 3
    }
},
{
    "pk": 185, 
    "model": "planner.courseoffering", 
    "fields": {
        "status": 0, 
        "course": 79, 
        "created_at": "2013-06-25T22:34:52.385Z", 
        "updated_at": "2013-06-25T22:34:52.385Z", 
        "semester": 1
    }
},
{
    "pk": 186, 
    "model": "planner.courseoffering", 
    "fields": {
        "status": 0, 
        "course": 79, 
        "created_at": "2013-06-25T22:34:52.405Z", 
        "updated_at": "2013-06-25T22:34:52.405Z", 
        "semester": 2
    }
},
{
    "pk": 187, 
    "model": "planner.courseoffering", 
    "fields": {
        "status": 0, 
        "course": 79, 
        "created_at": "2013-06-25T22:34:52.426Z", 
        "updated_at": "2013-06-25T22:34:52.426Z", 
        "semester": 3
    }
},
{
    "pk": 188, 
    "model": "planner.courseoffering", 
    "fields": {
        "status": 0, 
        "course": 80, 
        "created_at": "2013-06-25T22:34:52.456Z", 
        "updated_at": "2013-06-25T22:34:52.456Z", 
        "semester": 1
    }
},
{
    "pk": 189, 
    "model": "planner.courseoffering", 
    "fields": {
        "status": 0, 
        "course": 80, 
        "created_at": "2013-06-25T22:34:52.476Z", 
        "updated_at": "2013-06-25T22:34:52.476Z", 
        "semester": 2
    }
},
{
    "pk": 190, 
    "model": "planner.courseoffering", 
    "fields": {
        "status": 0, 
        "course": 80, 
        "created_at": "2013-06-25T22:34:52.497Z", 
        "updated_at": "2013-06-25T22:34:52.497Z", 
        "semester": 3
    }
},
{
    "pk": 191, 
    "model": "planner.courseoffering", 
    "fields": {
        "status": 0, 
        "course": 81, 
        "created_at": "2013-06-25T22:34:52.527Z", 
        "updated_at": "2013-06-25T22:34:52.527Z", 
        "semester": 1
    }
},
{
    "pk": 192, 
    "model": "planner.courseoffering", 
    "fields": {
        "status": 0, 
        "course": 81, 
        "created_at": "2013-06-25T22:34:52.550Z", 
        "updated_at": "2013-06-25T22:34:52.550Z", 
        "semester": 2
    }
},
{
    "pk": 193, 
    "model": "planner.courseoffering", 
    "fields": {
        "status": 0, 
        "course": 81, 
        "created_at": "2013-06-25T22:34:52.571Z", 
        "updated_at": "2013-06-25T22:34:52.571Z", 
        "semester": 3
    }
},
{
    "pk": 194, 
    "model": "planner.courseoffering", 
    "fields": {
        "status": 0, 
        "course": 82, 
        "created_at": "2013-06-25T22:34:52.603Z", 
        "updated_at": "2013-06-25T22:34:52.603Z", 
        "semester": 1
    }
},
{
    "pk": 195, 
    "model": "planner.courseoffering", 
    "fields": {
        "status": 0, 
        "course": 82, 
        "created_at": "2013-06-25T22:34:52.623Z", 
        "updated_at": "2013-06-25T22:34:52.623Z", 
        "semester": 2
    }
},
{
    "pk": 196, 
    "model": "planner.courseoffering", 
    "fields": {
        "status": 0, 
        "course": 82, 
        "created_at": "2013-06-25T22:34:52.644Z", 
        "updated_at": "2013-06-25T22:34:52.644Z", 
        "semester": 3
    }
},
{
    "pk": 197, 
    "model": "planner.courseoffering", 
    "fields": {
        "status": 0, 
        "course": 109, 
        "created_at": "2013-06-25T22:34:52.677Z", 
        "updated_at": "2013-06-25T22:34:52.677Z", 
        "semester": 1
    }
},
{
    "pk": 198, 
    "model": "planner.courseoffering", 
    "fields": {
        "status": 0, 
        "course": 109, 
        "created_at": "2013-06-25T22:34:52.701Z", 
        "updated_at": "2013-06-25T22:34:52.701Z", 
        "semester": 3
    }
},
{
    "pk": 199, 
    "model": "planner.courseoffering", 
    "fields": {
        "status": 0, 
        "course": 58, 
        "created_at": "2013-06-25T22:34:52.728Z", 
        "updated_at": "2013-06-25T22:34:52.728Z", 
        "semester": 1
    }
},
{
    "pk": 200, 
    "model": "planner.courseoffering", 
    "fields": {
        "status": 0, 
        "course": 58, 
        "created_at": "2013-06-25T22:34:52.747Z", 
        "updated_at": "2013-06-25T22:34:52.747Z", 
        "semester": 3
    }
},
{
    "pk": 201, 
    "model": "planner.courseoffering", 
    "fields": {
        "status": 0, 
        "course": 66, 
        "created_at": "2013-06-25T22:34:52.774Z", 
        "updated_at": "2013-06-25T22:34:52.774Z", 
        "semester": 1
    }
},
{
    "pk": 202, 
    "model": "planner.courseoffering", 
    "fields": {
        "status": 0, 
        "course": 66, 
        "created_at": "2013-06-25T22:34:52.793Z", 
        "updated_at": "2013-06-25T22:34:52.793Z", 
        "semester": 3
    }
},
{
    "pk": 203, 
    "model": "planner.courseoffering", 
    "fields": {
        "status": 0, 
        "course": 59, 
        "created_at": "2013-06-25T22:34:52.826Z", 
        "updated_at": "2013-06-25T22:34:52.826Z", 
        "semester": 1
    }
},
{
    "pk": 204, 
    "model": "planner.courseoffering", 
    "fields": {
        "status": 0, 
        "course": 59, 
        "created_at": "2013-06-25T22:34:52.847Z", 
        "updated_at": "2013-06-25T22:34:52.847Z", 
        "semester": 3
    }
},
{
    "pk": 205, 
    "model": "planner.courseoffering", 
    "fields": {
        "status": 0, 
        "course": 60, 
        "created_at": "2013-06-25T22:34:52.876Z", 
        "updated_at": "2013-06-25T22:34:52.876Z", 
        "semester": 1
    }
},
{
    "pk": 206, 
    "model": "planner.courseoffering", 
    "fields": {
        "status": 0, 
        "course": 60, 
        "created_at": "2013-06-25T22:34:52.897Z", 
        "updated_at": "2013-06-25T22:34:52.897Z", 
        "semester": 3
    }
},
{
    "pk": 207, 
    "model": "planner.courseoffering", 
    "fields": {
        "status": 0, 
        "course": 110, 
        "created_at": "2013-06-25T22:34:52.927Z", 
        "updated_at": "2013-06-25T22:34:52.927Z", 
        "semester": 1
    }
},
{
    "pk": 208, 
    "model": "planner.courseoffering", 
    "fields": {
        "status": 0, 
        "course": 110, 
        "created_at": "2013-06-25T22:34:52.948Z", 
        "updated_at": "2013-06-25T22:34:52.948Z", 
        "semester": 3
    }
},
{
    "pk": 209, 
    "model": "planner.courseoffering", 
    "fields": {
        "status": 0, 
        "course": 111, 
        "created_at": "2013-06-25T22:34:52.976Z", 
        "updated_at": "2013-06-25T22:34:52.976Z", 
        "semester": 1
    }
},
{
    "pk": 210, 
    "model": "planner.courseoffering", 
    "fields": {
        "status": 0, 
        "course": 111, 
        "created_at": "2013-06-25T22:34:52.996Z", 
        "updated_at": "2013-06-25T22:34:52.996Z", 
        "semester": 3
    }
},
{
    "pk": 211, 
    "model": "planner.courseoffering", 
    "fields": {
        "status": 0, 
        "course": 112, 
        "created_at": "2013-06-25T22:34:53.026Z", 
        "updated_at": "2013-06-25T22:34:53.026Z", 
        "semester": 1
    }
},
{
    "pk": 212, 
    "model": "planner.courseoffering", 
    "fields": {
        "status": 0, 
        "course": 112, 
        "created_at": "2013-06-25T22:34:53.047Z", 
        "updated_at": "2013-06-25T22:34:53.047Z", 
        "semester": 3
    }
},
{
    "pk": 213, 
    "model": "planner.courseoffering", 
    "fields": {
        "status": 0, 
        "course": 128, 
        "created_at": "2013-06-25T22:34:53.076Z", 
        "updated_at": "2013-06-25T22:34:53.076Z", 
        "semester": 1
    }
},
{
    "pk": 214, 
    "model": "planner.courseoffering", 
    "fields": {
        "status": 0, 
        "course": 128, 
        "created_at": "2013-06-25T22:34:53.098Z", 
        "updated_at": "2013-06-25T22:34:53.098Z", 
        "semester": 3
    }
},
{
    "pk": 215, 
    "model": "planner.courseoffering", 
    "fields": {
        "status": 0, 
        "course": 129, 
        "created_at": "2013-06-25T22:34:53.129Z", 
        "updated_at": "2013-06-25T22:34:53.129Z", 
        "semester": 1
    }
},
{
    "pk": 216, 
    "model": "planner.courseoffering", 
    "fields": {
        "status": 0, 
        "course": 129, 
        "created_at": "2013-06-25T22:34:53.150Z", 
        "updated_at": "2013-06-25T22:34:53.150Z", 
        "semester": 3
    }
},
{
    "pk": 217, 
    "model": "planner.courseoffering", 
    "fields": {
        "status": 0, 
        "course": 130, 
        "created_at": "2013-06-25T22:34:53.179Z", 
        "updated_at": "2013-06-25T22:34:53.179Z", 
        "semester": 1
    }
},
{
    "pk": 218, 
    "model": "planner.courseoffering", 
    "fields": {
        "status": 0, 
        "course": 130, 
        "created_at": "2013-06-25T22:34:53.200Z", 
        "updated_at": "2013-06-25T22:34:53.200Z", 
        "semester": 3
    }
},
{
    "pk": 219, 
    "model": "planner.courseoffering", 
    "fields": {
        "status": 0, 
        "course": 113, 
        "created_at": "2013-06-25T22:34:53.229Z", 
        "updated_at": "2013-06-25T22:34:53.229Z", 
        "semester": 1
    }
},
{
    "pk": 220, 
    "model": "planner.courseoffering", 
    "fields": {
        "status": 0, 
        "course": 113, 
        "created_at": "2013-06-25T22:34:53.250Z", 
        "updated_at": "2013-06-25T22:34:53.250Z", 
        "semester": 3
    }
},
{
    "pk": 221, 
    "model": "planner.courseoffering", 
    "fields": {
        "status": 0, 
        "course": 131, 
        "created_at": "2013-06-25T22:34:53.280Z", 
        "updated_at": "2013-06-25T22:34:53.280Z", 
        "semester": 1
    }
},
{
    "pk": 222, 
    "model": "planner.courseoffering", 
    "fields": {
        "status": 0, 
        "course": 131, 
        "created_at": "2013-06-25T22:34:53.300Z", 
        "updated_at": "2013-06-25T22:34:53.300Z", 
        "semester": 3
    }
},
{
    "pk": 223, 
    "model": "planner.courseoffering", 
    "fields": {
        "status": 0, 
        "course": 132, 
        "created_at": "2013-06-25T22:34:53.330Z", 
        "updated_at": "2013-06-25T22:34:53.330Z", 
        "semester": 1
    }
},
{
    "pk": 224, 
    "model": "planner.courseoffering", 
    "fields": {
        "status": 0, 
        "course": 132, 
        "created_at": "2013-06-25T22:34:53.351Z", 
        "updated_at": "2013-06-25T22:34:53.351Z", 
        "semester": 3
    }
},
{
    "pk": 225, 
    "model": "planner.courseoffering", 
    "fields": {
        "status": 0, 
        "course": 133, 
        "created_at": "2013-06-25T22:34:53.380Z", 
        "updated_at": "2013-06-25T22:34:53.380Z", 
        "semester": 1
    }
},
{
    "pk": 226, 
    "model": "planner.courseoffering", 
    "fields": {
        "status": 0, 
        "course": 133, 
        "created_at": "2013-06-25T22:34:53.400Z", 
        "updated_at": "2013-06-25T22:34:53.400Z", 
        "semester": 3
    }
},
{
    "pk": 227, 
    "model": "planner.courseoffering", 
    "fields": {
        "status": 0, 
        "course": 134, 
        "created_at": "2013-06-25T22:34:53.430Z", 
        "updated_at": "2013-06-25T22:34:53.430Z", 
        "semester": 1
    }
},
{
    "pk": 228, 
    "model": "planner.courseoffering", 
    "fields": {
        "status": 0, 
        "course": 134, 
        "created_at": "2013-06-25T22:34:53.451Z", 
        "updated_at": "2013-06-25T22:34:53.451Z", 
        "semester": 3
    }
},
{
    "pk": 229, 
    "model": "planner.courseoffering", 
    "fields": {
        "status": 0, 
        "course": 135, 
        "created_at": "2013-06-25T22:34:53.478Z", 
        "updated_at": "2013-06-25T22:34:53.478Z", 
        "semester": 1
    }
},
{
    "pk": 230, 
    "model": "planner.courseoffering", 
    "fields": {
        "status": 0, 
        "course": 135, 
        "created_at": "2013-06-25T22:34:53.499Z", 
        "updated_at": "2013-06-25T22:34:53.499Z", 
        "semester": 3
    }
},
{
    "pk": 231, 
    "model": "planner.courseoffering", 
    "fields": {
        "status": 0, 
        "course": 136, 
        "created_at": "2013-06-25T22:34:53.528Z", 
        "updated_at": "2013-06-25T22:34:53.528Z", 
        "semester": 1
    }
},
{
    "pk": 232, 
    "model": "planner.courseoffering", 
    "fields": {
        "status": 0, 
        "course": 136, 
        "created_at": "2013-06-25T22:34:53.548Z", 
        "updated_at": "2013-06-25T22:34:53.548Z", 
        "semester": 3
    }
},
{
    "pk": 233, 
    "model": "planner.courseoffering", 
    "fields": {
        "status": 0, 
        "course": 71, 
        "created_at": "2013-06-25T22:34:53.576Z", 
        "updated_at": "2013-06-25T22:34:53.576Z", 
        "semester": 1
    }
},
{
    "pk": 234, 
    "model": "planner.courseoffering", 
    "fields": {
        "status": 0, 
        "course": 71, 
        "created_at": "2013-06-25T22:34:53.596Z", 
        "updated_at": "2013-06-25T22:34:53.597Z", 
        "semester": 2
    }
},
{
    "pk": 235, 
    "model": "planner.courseoffering", 
    "fields": {
        "status": 0, 
        "course": 71, 
        "created_at": "2013-06-25T22:34:53.654Z", 
        "updated_at": "2013-06-25T22:34:53.654Z", 
        "semester": 3
    }
},
{
    "pk": 236, 
    "model": "planner.courseoffering", 
    "fields": {
        "status": 0, 
        "course": 114, 
        "created_at": "2013-06-25T22:34:53.752Z", 
        "updated_at": "2013-06-25T22:34:53.752Z", 
        "semester": 1
    }
},
{
    "pk": 237, 
    "model": "planner.courseoffering", 
    "fields": {
        "status": 0, 
        "course": 114, 
        "created_at": "2013-06-25T22:34:53.824Z", 
        "updated_at": "2013-06-25T22:34:53.824Z", 
        "semester": 3
    }
},
{
    "pk": 238, 
    "model": "planner.courseoffering", 
    "fields": {
        "status": 0, 
        "course": 115, 
        "created_at": "2013-06-25T22:34:53.877Z", 
        "updated_at": "2013-06-25T22:34:53.877Z", 
        "semester": 1
    }
},
{
    "pk": 239, 
    "model": "planner.courseoffering", 
    "fields": {
        "status": 0, 
        "course": 115, 
        "created_at": "2013-06-25T22:34:53.897Z", 
        "updated_at": "2013-06-25T22:34:53.897Z", 
        "semester": 3
    }
},
{
    "pk": 240, 
    "model": "planner.courseoffering", 
    "fields": {
        "status": 0, 
        "course": 116, 
        "created_at": "2013-06-25T22:34:53.926Z", 
        "updated_at": "2013-06-25T22:34:53.926Z", 
        "semester": 1
    }
},
{
    "pk": 241, 
    "model": "planner.courseoffering", 
    "fields": {
        "status": 0, 
        "course": 116, 
        "created_at": "2013-06-25T22:34:53.946Z", 
        "updated_at": "2013-06-25T22:34:53.947Z", 
        "semester": 3
    }
},
{
    "pk": 242, 
    "model": "planner.courseoffering", 
    "fields": {
        "status": 0, 
        "course": 117, 
        "created_at": "2013-06-25T22:34:53.976Z", 
        "updated_at": "2013-06-25T22:34:53.977Z", 
        "semester": 1
    }
},
{
    "pk": 243, 
    "model": "planner.courseoffering", 
    "fields": {
        "status": 0, 
        "course": 117, 
        "created_at": "2013-06-25T22:34:53.998Z", 
        "updated_at": "2013-06-25T22:34:53.998Z", 
        "semester": 3
    }
},
{
    "pk": 244, 
    "model": "planner.courseoffering", 
    "fields": {
        "status": 0, 
        "course": 118, 
        "created_at": "2013-06-25T22:34:54.026Z", 
        "updated_at": "2013-06-25T22:34:54.026Z", 
        "semester": 1
    }
},
{
    "pk": 245, 
    "model": "planner.courseoffering", 
    "fields": {
        "status": 0, 
        "course": 118, 
        "created_at": "2013-06-25T22:34:54.047Z", 
        "updated_at": "2013-06-25T22:34:54.047Z", 
        "semester": 3
    }
},
{
    "pk": 246, 
    "model": "planner.courseoffering", 
    "fields": {
        "status": 0, 
        "course": 137, 
        "created_at": "2013-06-25T22:34:54.076Z", 
        "updated_at": "2013-06-25T22:34:54.077Z", 
        "semester": 1
    }
},
{
    "pk": 247, 
    "model": "planner.courseoffering", 
    "fields": {
        "status": 0, 
        "course": 137, 
        "created_at": "2013-06-25T22:34:54.097Z", 
        "updated_at": "2013-06-25T22:34:54.097Z", 
        "semester": 3
    }
},
{
    "pk": 248, 
    "model": "planner.courseoffering", 
    "fields": {
        "status": 0, 
        "course": 138, 
        "created_at": "2013-06-25T22:34:54.126Z", 
        "updated_at": "2013-06-25T22:34:54.126Z", 
        "semester": 1
    }
},
{
    "pk": 249, 
    "model": "planner.courseoffering", 
    "fields": {
        "status": 0, 
        "course": 138, 
        "created_at": "2013-06-25T22:34:54.146Z", 
        "updated_at": "2013-06-25T22:34:54.146Z", 
        "semester": 3
    }
},
{
    "pk": 250, 
    "model": "planner.courseoffering", 
    "fields": {
        "status": 0, 
        "course": 99, 
        "created_at": "2013-06-25T22:34:54.175Z", 
        "updated_at": "2013-06-25T22:34:54.175Z", 
        "semester": 1
    }
},
{
    "pk": 251, 
    "model": "planner.courseoffering", 
    "fields": {
        "status": 0, 
        "course": 99, 
        "created_at": "2013-06-25T22:34:54.197Z", 
        "updated_at": "2013-06-25T22:34:54.197Z", 
        "semester": 3
    }
},
{
    "pk": 252, 
    "model": "planner.courseoffering", 
    "fields": {
        "status": 0, 
        "course": 139, 
        "created_at": "2013-06-25T22:34:54.227Z", 
        "updated_at": "2013-06-25T22:34:54.227Z", 
        "semester": 1
    }
},
{
    "pk": 253, 
    "model": "planner.courseoffering", 
    "fields": {
        "status": 0, 
        "course": 139, 
        "created_at": "2013-06-25T22:34:54.247Z", 
        "updated_at": "2013-06-25T22:34:54.247Z", 
        "semester": 3
    }
},
{
    "pk": 254, 
    "model": "planner.courseoffering", 
    "fields": {
        "status": 0, 
        "course": 140, 
        "created_at": "2013-06-25T22:34:54.276Z", 
        "updated_at": "2013-06-25T22:34:54.276Z", 
        "semester": 1
    }
},
{
    "pk": 255, 
    "model": "planner.courseoffering", 
    "fields": {
        "status": 0, 
        "course": 140, 
        "created_at": "2013-06-25T22:34:54.296Z", 
        "updated_at": "2013-06-25T22:34:54.296Z", 
        "semester": 3
    }
},
{
    "pk": 256, 
    "model": "planner.courseoffering", 
    "fields": {
        "status": 0, 
        "course": 119, 
        "created_at": "2013-06-25T22:34:54.327Z", 
        "updated_at": "2013-06-25T22:34:54.327Z", 
        "semester": 1
    }
},
{
    "pk": 257, 
    "model": "planner.courseoffering", 
    "fields": {
        "status": 0, 
        "course": 119, 
        "created_at": "2013-06-25T22:34:54.349Z", 
        "updated_at": "2013-06-25T22:34:54.349Z", 
        "semester": 3
    }
},
{
    "pk": 258, 
    "model": "planner.courseoffering", 
    "fields": {
        "status": 0, 
        "course": 120, 
        "created_at": "2013-06-25T22:34:54.377Z", 
        "updated_at": "2013-06-25T22:34:54.377Z", 
        "semester": 1
    }
},
{
    "pk": 259, 
    "model": "planner.courseoffering", 
    "fields": {
        "status": 0, 
        "course": 120, 
        "created_at": "2013-06-25T22:34:54.397Z", 
        "updated_at": "2013-06-25T22:34:54.397Z", 
        "semester": 3
    }
},
{
    "pk": 260, 
    "model": "planner.courseoffering", 
    "fields": {
        "status": 0, 
        "course": 121, 
        "created_at": "2013-06-25T22:34:54.426Z", 
        "updated_at": "2013-06-25T22:34:54.426Z", 
        "semester": 1
    }
},
{
    "pk": 261, 
    "model": "planner.courseoffering", 
    "fields": {
        "status": 0, 
        "course": 121, 
        "created_at": "2013-06-25T22:34:54.446Z", 
        "updated_at": "2013-06-25T22:34:54.446Z", 
        "semester": 3
    }
},
{
    "pk": 262, 
    "model": "planner.courseoffering", 
    "fields": {
        "status": 0, 
        "course": 19, 
        "created_at": "2013-06-25T22:34:54.474Z", 
        "updated_at": "2013-06-25T22:34:54.474Z", 
        "semester": 1
    }
},
{
    "pk": 263, 
    "model": "planner.courseoffering", 
    "fields": {
        "status": 0, 
        "course": 19, 
        "created_at": "2013-06-25T22:34:54.495Z", 
        "updated_at": "2013-06-25T22:34:54.495Z", 
        "semester": 3
    }
},
{
    "pk": 264, 
    "model": "planner.courseoffering", 
    "fields": {
        "status": 0, 
        "course": 30, 
        "created_at": "2013-06-25T22:34:54.525Z", 
        "updated_at": "2013-06-25T22:34:54.525Z", 
        "semester": 1
    }
},
{
    "pk": 265, 
    "model": "planner.courseoffering", 
    "fields": {
        "status": 0, 
        "course": 30, 
        "created_at": "2013-06-25T22:34:54.546Z", 
        "updated_at": "2013-06-25T22:34:54.546Z", 
        "semester": 3
    }
},
{
    "pk": 266, 
    "model": "planner.courseoffering", 
    "fields": {
        "status": 0, 
        "course": 45, 
        "created_at": "2013-06-25T22:34:54.579Z", 
        "updated_at": "2013-06-25T22:34:54.579Z", 
        "semester": 1
    }
},
{
    "pk": 267, 
    "model": "planner.courseoffering", 
    "fields": {
        "status": 0, 
        "course": 69, 
        "created_at": "2013-06-25T22:36:25.978Z", 
        "updated_at": "2013-06-25T22:36:25.978Z", 
        "semester": 5
    }
},
{
    "pk": 268, 
    "model": "planner.courseoffering", 
    "fields": {
        "status": 0, 
        "course": 69, 
        "created_at": "2013-06-25T22:36:26.009Z", 
        "updated_at": "2013-06-25T22:36:26.009Z", 
        "semester": 6
    }
},
{
    "pk": 269, 
    "model": "planner.courseoffering", 
    "fields": {
        "status": 0, 
        "course": 69, 
        "created_at": "2013-06-25T22:36:26.038Z", 
        "updated_at": "2013-06-25T22:36:26.038Z", 
        "semester": 7
    }
},
{
    "pk": 270, 
    "model": "planner.courseoffering", 
    "fields": {
        "status": 0, 
        "course": 70, 
        "created_at": "2013-06-25T22:36:26.067Z", 
        "updated_at": "2013-06-25T22:36:26.067Z", 
        "semester": 5
    }
},
{
    "pk": 271, 
    "model": "planner.courseoffering", 
    "fields": {
        "status": 0, 
        "course": 70, 
        "created_at": "2013-06-25T22:36:26.092Z", 
        "updated_at": "2013-06-25T22:36:26.093Z", 
        "semester": 6
    }
},
{
    "pk": 272, 
    "model": "planner.courseoffering", 
    "fields": {
        "status": 0, 
        "course": 70, 
        "created_at": "2013-06-25T22:36:26.115Z", 
        "updated_at": "2013-06-25T22:36:26.115Z", 
        "semester": 7
    }
},
{
    "pk": 273, 
    "model": "planner.courseoffering", 
    "fields": {
        "status": 0, 
        "course": 1, 
        "created_at": "2013-06-25T22:36:26.144Z", 
        "updated_at": "2013-06-25T22:36:26.144Z", 
        "semester": 5
    }
},
{
    "pk": 274, 
    "model": "planner.courseoffering", 
    "fields": {
        "status": 0, 
        "course": 1, 
        "created_at": "2013-06-25T22:36:26.165Z", 
        "updated_at": "2013-06-25T22:36:26.165Z", 
        "semester": 7
    }
},
{
    "pk": 275, 
    "model": "planner.courseoffering", 
    "fields": {
        "status": 0, 
        "course": 2, 
        "created_at": "2013-06-25T22:36:26.196Z", 
        "updated_at": "2013-06-25T22:36:26.196Z", 
        "semester": 5
    }
},
{
    "pk": 276, 
    "model": "planner.courseoffering", 
    "fields": {
        "status": 0, 
        "course": 2, 
        "created_at": "2013-06-25T22:36:26.218Z", 
        "updated_at": "2013-06-25T22:36:26.218Z", 
        "semester": 7
    }
},
{
    "pk": 277, 
    "model": "planner.courseoffering", 
    "fields": {
        "status": 0, 
        "course": 46, 
        "created_at": "2013-06-25T22:36:26.247Z", 
        "updated_at": "2013-06-25T22:36:26.247Z", 
        "semester": 5
    }
},
{
    "pk": 278, 
    "model": "planner.courseoffering", 
    "fields": {
        "status": 0, 
        "course": 46, 
        "created_at": "2013-06-25T22:36:26.267Z", 
        "updated_at": "2013-06-25T22:36:26.267Z", 
        "semester": 7
    }
},
{
    "pk": 279, 
    "model": "planner.courseoffering", 
    "fields": {
        "status": 0, 
        "course": 47, 
        "created_at": "2013-06-25T22:36:26.297Z", 
        "updated_at": "2013-06-25T22:36:26.297Z", 
        "semester": 5
    }
},
{
    "pk": 280, 
    "model": "planner.courseoffering", 
    "fields": {
        "status": 0, 
        "course": 47, 
        "created_at": "2013-06-25T22:36:26.318Z", 
        "updated_at": "2013-06-25T22:36:26.318Z", 
        "semester": 7
    }
},
{
    "pk": 281, 
    "model": "planner.courseoffering", 
    "fields": {
        "status": 0, 
        "course": 48, 
        "created_at": "2013-06-25T22:36:26.347Z", 
        "updated_at": "2013-06-25T22:36:26.347Z", 
        "semester": 5
    }
},
{
    "pk": 282, 
    "model": "planner.courseoffering", 
    "fields": {
        "status": 0, 
        "course": 48, 
        "created_at": "2013-06-25T22:36:26.367Z", 
        "updated_at": "2013-06-25T22:36:26.367Z", 
        "semester": 7
    }
},
{
    "pk": 283, 
    "model": "planner.courseoffering", 
    "fields": {
        "status": 0, 
        "course": 49, 
        "created_at": "2013-06-25T22:36:26.397Z", 
        "updated_at": "2013-06-25T22:36:26.397Z", 
        "semester": 5
    }
},
{
    "pk": 284, 
    "model": "planner.courseoffering", 
    "fields": {
        "status": 0, 
        "course": 49, 
        "created_at": "2013-06-25T22:36:26.418Z", 
        "updated_at": "2013-06-25T22:36:26.418Z", 
        "semester": 7
    }
},
{
    "pk": 285, 
    "model": "planner.courseoffering", 
    "fields": {
        "status": 0, 
        "course": 50, 
        "created_at": "2013-06-25T22:36:26.447Z", 
        "updated_at": "2013-06-25T22:36:26.447Z", 
        "semester": 5
    }
},
{
    "pk": 286, 
    "model": "planner.courseoffering", 
    "fields": {
        "status": 0, 
        "course": 50, 
        "created_at": "2013-06-25T22:36:26.468Z", 
        "updated_at": "2013-06-25T22:36:26.468Z", 
        "semester": 7
    }
},
{
    "pk": 287, 
    "model": "planner.courseoffering", 
    "fields": {
        "status": 0, 
        "course": 51, 
        "created_at": "2013-06-25T22:36:26.498Z", 
        "updated_at": "2013-06-25T22:36:26.498Z", 
        "semester": 5
    }
},
{
    "pk": 288, 
    "model": "planner.courseoffering", 
    "fields": {
        "status": 0, 
        "course": 51, 
        "created_at": "2013-06-25T22:36:26.519Z", 
        "updated_at": "2013-06-25T22:36:26.519Z", 
        "semester": 7
    }
},
{
    "pk": 289, 
    "model": "planner.courseoffering", 
    "fields": {
        "status": 0, 
        "course": 90, 
        "created_at": "2013-06-25T22:36:26.549Z", 
        "updated_at": "2013-06-25T22:36:26.549Z", 
        "semester": 5
    }
},
{
    "pk": 290, 
    "model": "planner.courseoffering", 
    "fields": {
        "status": 0, 
        "course": 90, 
        "created_at": "2013-06-25T22:36:26.569Z", 
        "updated_at": "2013-06-25T22:36:26.569Z", 
        "semester": 7
    }
},
{
    "pk": 291, 
    "model": "planner.courseoffering", 
    "fields": {
        "status": 0, 
        "course": 91, 
        "created_at": "2013-06-25T22:36:26.598Z", 
        "updated_at": "2013-06-25T22:36:26.598Z", 
        "semester": 5
    }
},
{
    "pk": 292, 
    "model": "planner.courseoffering", 
    "fields": {
        "status": 0, 
        "course": 91, 
        "created_at": "2013-06-25T22:36:26.617Z", 
        "updated_at": "2013-06-25T22:36:26.618Z", 
        "semester": 7
    }
},
{
    "pk": 293, 
    "model": "planner.courseoffering", 
    "fields": {
        "status": 0, 
        "course": 103, 
        "created_at": "2013-06-25T22:36:26.647Z", 
        "updated_at": "2013-06-25T22:36:26.647Z", 
        "semester": 5
    }
},
{
    "pk": 294, 
    "model": "planner.courseoffering", 
    "fields": {
        "status": 0, 
        "course": 103, 
        "created_at": "2013-06-25T22:36:26.667Z", 
        "updated_at": "2013-06-25T22:36:26.667Z", 
        "semester": 7
    }
},
{
    "pk": 295, 
    "model": "planner.courseoffering", 
    "fields": {
        "status": 0, 
        "course": 55, 
        "created_at": "2013-06-25T22:36:26.696Z", 
        "updated_at": "2013-06-25T22:36:26.696Z", 
        "semester": 5
    }
},
{
    "pk": 296, 
    "model": "planner.courseoffering", 
    "fields": {
        "status": 0, 
        "course": 55, 
        "created_at": "2013-06-25T22:36:26.716Z", 
        "updated_at": "2013-06-25T22:36:26.717Z", 
        "semester": 7
    }
},
{
    "pk": 297, 
    "model": "planner.courseoffering", 
    "fields": {
        "status": 0, 
        "course": 52, 
        "created_at": "2013-06-25T22:36:26.745Z", 
        "updated_at": "2013-06-25T22:36:26.745Z", 
        "semester": 5
    }
},
{
    "pk": 298, 
    "model": "planner.courseoffering", 
    "fields": {
        "status": 0, 
        "course": 52, 
        "created_at": "2013-06-25T22:36:26.765Z", 
        "updated_at": "2013-06-25T22:36:26.765Z", 
        "semester": 7
    }
},
{
    "pk": 299, 
    "model": "planner.courseoffering", 
    "fields": {
        "status": 0, 
        "course": 56, 
        "created_at": "2013-06-25T22:36:26.795Z", 
        "updated_at": "2013-06-25T22:36:26.795Z", 
        "semester": 5
    }
},
{
    "pk": 300, 
    "model": "planner.courseoffering", 
    "fields": {
        "status": 0, 
        "course": 56, 
        "created_at": "2013-06-25T22:36:26.844Z", 
        "updated_at": "2013-06-25T22:36:26.844Z", 
        "semester": 7
    }
},
{
    "pk": 301, 
    "model": "planner.courseoffering", 
    "fields": {
        "status": 0, 
        "course": 57, 
        "created_at": "2013-06-25T22:36:26.874Z", 
        "updated_at": "2013-06-25T22:36:26.874Z", 
        "semester": 5
    }
},
{
    "pk": 302, 
    "model": "planner.courseoffering", 
    "fields": {
        "status": 0, 
        "course": 57, 
        "created_at": "2013-06-25T22:36:26.896Z", 
        "updated_at": "2013-06-25T22:36:26.896Z", 
        "semester": 7
    }
},
{
    "pk": 303, 
    "model": "planner.courseoffering", 
    "fields": {
        "status": 0, 
        "course": 87, 
        "created_at": "2013-06-25T22:36:26.928Z", 
        "updated_at": "2013-06-25T22:36:26.928Z", 
        "semester": 5
    }
},
{
    "pk": 304, 
    "model": "planner.courseoffering", 
    "fields": {
        "status": 0, 
        "course": 87, 
        "created_at": "2013-06-25T22:36:26.949Z", 
        "updated_at": "2013-06-25T22:36:26.949Z", 
        "semester": 7
    }
},
{
    "pk": 305, 
    "model": "planner.courseoffering", 
    "fields": {
        "status": 0, 
        "course": 88, 
        "created_at": "2013-06-25T22:36:26.982Z", 
        "updated_at": "2013-06-25T22:36:26.982Z", 
        "semester": 5
    }
},
{
    "pk": 306, 
    "model": "planner.courseoffering", 
    "fields": {
        "status": 0, 
        "course": 88, 
        "created_at": "2013-06-25T22:36:27.004Z", 
        "updated_at": "2013-06-25T22:36:27.004Z", 
        "semester": 7
    }
},
{
    "pk": 307, 
    "model": "planner.courseoffering", 
    "fields": {
        "status": 0, 
        "course": 4, 
        "created_at": "2013-06-25T22:36:27.032Z", 
        "updated_at": "2013-06-25T22:36:27.032Z", 
        "semester": 5
    }
},
{
    "pk": 308, 
    "model": "planner.courseoffering", 
    "fields": {
        "status": 0, 
        "course": 4, 
        "created_at": "2013-06-25T22:36:27.053Z", 
        "updated_at": "2013-06-25T22:36:27.053Z", 
        "semester": 7
    }
},
{
    "pk": 309, 
    "model": "planner.courseoffering", 
    "fields": {
        "status": 0, 
        "course": 5, 
        "created_at": "2013-06-25T22:36:27.084Z", 
        "updated_at": "2013-06-25T22:36:27.084Z", 
        "semester": 5
    }
},
{
    "pk": 310, 
    "model": "planner.courseoffering", 
    "fields": {
        "status": 0, 
        "course": 5, 
        "created_at": "2013-06-25T22:36:27.105Z", 
        "updated_at": "2013-06-25T22:36:27.105Z", 
        "semester": 7
    }
},
{
    "pk": 311, 
    "model": "planner.courseoffering", 
    "fields": {
        "status": 0, 
        "course": 6, 
        "created_at": "2013-06-25T22:36:27.134Z", 
        "updated_at": "2013-06-25T22:36:27.134Z", 
        "semester": 7
    }
},
{
    "pk": 312, 
    "model": "planner.courseoffering", 
    "fields": {
        "status": 0, 
        "course": 7, 
        "created_at": "2013-06-25T22:36:27.164Z", 
        "updated_at": "2013-06-25T22:36:27.164Z", 
        "semester": 5
    }
},
{
    "pk": 313, 
    "model": "planner.courseoffering", 
    "fields": {
        "status": 0, 
        "course": 8, 
        "created_at": "2013-06-25T22:36:27.192Z", 
        "updated_at": "2013-06-25T22:36:27.192Z", 
        "semester": 5
    }
},
{
    "pk": 314, 
    "model": "planner.courseoffering", 
    "fields": {
        "status": 0, 
        "course": 31, 
        "created_at": "2013-06-25T22:36:27.221Z", 
        "updated_at": "2013-06-25T22:36:27.221Z", 
        "semester": 7
    }
},
{
    "pk": 315, 
    "model": "planner.courseoffering", 
    "fields": {
        "status": 0, 
        "course": 9, 
        "created_at": "2013-06-25T22:36:27.250Z", 
        "updated_at": "2013-06-25T22:36:27.250Z", 
        "semester": 7
    }
},
{
    "pk": 316, 
    "model": "planner.courseoffering", 
    "fields": {
        "status": 0, 
        "course": 3, 
        "created_at": "2013-06-25T22:36:27.280Z", 
        "updated_at": "2013-06-25T22:36:27.280Z", 
        "semester": 5
    }
},
{
    "pk": 317, 
    "model": "planner.courseoffering", 
    "fields": {
        "status": 0, 
        "course": 10, 
        "created_at": "2013-06-25T22:36:27.311Z", 
        "updated_at": "2013-06-25T22:36:27.311Z", 
        "semester": 5
    }
},
{
    "pk": 318, 
    "model": "planner.courseoffering", 
    "fields": {
        "status": 0, 
        "course": 10, 
        "created_at": "2013-06-25T22:36:27.332Z", 
        "updated_at": "2013-06-25T22:36:27.332Z", 
        "semester": 6
    }
},
{
    "pk": 319, 
    "model": "planner.courseoffering", 
    "fields": {
        "status": 0, 
        "course": 25, 
        "created_at": "2013-06-25T22:36:27.362Z", 
        "updated_at": "2013-06-25T22:36:27.362Z", 
        "semester": 7
    }
},
{
    "pk": 320, 
    "model": "planner.courseoffering", 
    "fields": {
        "status": 0, 
        "course": 11, 
        "created_at": "2013-06-25T22:36:27.392Z", 
        "updated_at": "2013-06-25T22:36:27.392Z", 
        "semester": 7
    }
},
{
    "pk": 321, 
    "model": "planner.courseoffering", 
    "fields": {
        "status": 0, 
        "course": 40, 
        "created_at": "2013-06-25T22:36:27.421Z", 
        "updated_at": "2013-06-25T22:36:27.421Z", 
        "semester": 5
    }
},
{
    "pk": 322, 
    "model": "planner.courseoffering", 
    "fields": {
        "status": 0, 
        "course": 26, 
        "created_at": "2013-06-25T22:36:27.451Z", 
        "updated_at": "2013-06-25T22:36:27.451Z", 
        "semester": 5
    }
},
{
    "pk": 323, 
    "model": "planner.courseoffering", 
    "fields": {
        "status": 0, 
        "course": 27, 
        "created_at": "2013-06-25T22:36:27.481Z", 
        "updated_at": "2013-06-25T22:36:27.481Z", 
        "semester": 7
    }
},
{
    "pk": 324, 
    "model": "planner.courseoffering", 
    "fields": {
        "status": 0, 
        "course": 41, 
        "created_at": "2013-06-25T22:36:27.511Z", 
        "updated_at": "2013-06-25T22:36:27.511Z", 
        "semester": 5
    }
},
{
    "pk": 325, 
    "model": "planner.courseoffering", 
    "fields": {
        "status": 0, 
        "course": 41, 
        "created_at": "2013-06-25T22:36:27.533Z", 
        "updated_at": "2013-06-25T22:36:27.533Z", 
        "semester": 7
    }
},
{
    "pk": 326, 
    "model": "planner.courseoffering", 
    "fields": {
        "status": 0, 
        "course": 42, 
        "created_at": "2013-06-25T22:36:27.563Z", 
        "updated_at": "2013-06-25T22:36:27.564Z", 
        "semester": 5
    }
},
{
    "pk": 327, 
    "model": "planner.courseoffering", 
    "fields": {
        "status": 0, 
        "course": 42, 
        "created_at": "2013-06-25T22:36:27.585Z", 
        "updated_at": "2013-06-25T22:36:27.585Z", 
        "semester": 7
    }
},
{
    "pk": 328, 
    "model": "planner.courseoffering", 
    "fields": {
        "status": 0, 
        "course": 22, 
        "created_at": "2013-06-25T22:36:27.620Z", 
        "updated_at": "2013-06-25T22:36:27.620Z", 
        "semester": 5
    }
},
{
    "pk": 329, 
    "model": "planner.courseoffering", 
    "fields": {
        "status": 0, 
        "course": 24, 
        "created_at": "2013-06-25T22:36:27.668Z", 
        "updated_at": "2013-06-25T22:36:27.668Z", 
        "semester": 5
    }
},
{
    "pk": 330, 
    "model": "planner.courseoffering", 
    "fields": {
        "status": 0, 
        "course": 24, 
        "created_at": "2013-06-25T22:36:27.691Z", 
        "updated_at": "2013-06-25T22:36:27.691Z", 
        "semester": 7
    }
},
{
    "pk": 331, 
    "model": "planner.courseoffering", 
    "fields": {
        "status": 0, 
        "course": 14, 
        "created_at": "2013-06-25T22:36:27.720Z", 
        "updated_at": "2013-06-25T22:36:27.720Z", 
        "semester": 5
    }
},
{
    "pk": 332, 
    "model": "planner.courseoffering", 
    "fields": {
        "status": 0, 
        "course": 14, 
        "created_at": "2013-06-25T22:36:27.741Z", 
        "updated_at": "2013-06-25T22:36:27.742Z", 
        "semester": 6
    }
},
{
    "pk": 333, 
    "model": "planner.courseoffering", 
    "fields": {
        "status": 0, 
        "course": 14, 
        "created_at": "2013-06-25T22:36:27.770Z", 
        "updated_at": "2013-06-25T22:36:27.770Z", 
        "semester": 7
    }
},
{
    "pk": 334, 
    "model": "planner.courseoffering", 
    "fields": {
        "status": 0, 
        "course": 15, 
        "created_at": "2013-06-25T22:36:27.800Z", 
        "updated_at": "2013-06-25T22:36:27.800Z", 
        "semester": 5
    }
},
{
    "pk": 335, 
    "model": "planner.courseoffering", 
    "fields": {
        "status": 0, 
        "course": 15, 
        "created_at": "2013-06-25T22:36:27.820Z", 
        "updated_at": "2013-06-25T22:36:27.821Z", 
        "semester": 6
    }
},
{
    "pk": 336, 
    "model": "planner.courseoffering", 
    "fields": {
        "status": 0, 
        "course": 15, 
        "created_at": "2013-06-25T22:36:27.842Z", 
        "updated_at": "2013-06-25T22:36:27.842Z", 
        "semester": 7
    }
},
{
    "pk": 337, 
    "model": "planner.courseoffering", 
    "fields": {
        "status": 0, 
        "course": 43, 
        "created_at": "2013-06-25T22:36:27.872Z", 
        "updated_at": "2013-06-25T22:36:27.872Z", 
        "semester": 5
    }
},
{
    "pk": 338, 
    "model": "planner.courseoffering", 
    "fields": {
        "status": 0, 
        "course": 43, 
        "created_at": "2013-06-25T22:36:27.895Z", 
        "updated_at": "2013-06-25T22:36:27.895Z", 
        "semester": 7
    }
},
{
    "pk": 339, 
    "model": "planner.courseoffering", 
    "fields": {
        "status": 0, 
        "course": 44, 
        "created_at": "2013-06-25T22:36:27.925Z", 
        "updated_at": "2013-06-25T22:36:27.925Z", 
        "semester": 5
    }
},
{
    "pk": 340, 
    "model": "planner.courseoffering", 
    "fields": {
        "status": 0, 
        "course": 44, 
        "created_at": "2013-06-25T22:36:27.949Z", 
        "updated_at": "2013-06-25T22:36:27.949Z", 
        "semester": 7
    }
},
{
    "pk": 341, 
    "model": "planner.courseoffering", 
    "fields": {
        "status": 0, 
        "course": 16, 
        "created_at": "2013-06-25T22:36:27.978Z", 
        "updated_at": "2013-06-25T22:36:27.978Z", 
        "semester": 6
    }
},
{
    "pk": 342, 
    "model": "planner.courseoffering", 
    "fields": {
        "status": 0, 
        "course": 104, 
        "created_at": "2013-06-25T22:36:28.021Z", 
        "updated_at": "2013-06-25T22:36:28.021Z", 
        "semester": 5
    }
},
{
    "pk": 343, 
    "model": "planner.courseoffering", 
    "fields": {
        "status": 0, 
        "course": 104, 
        "created_at": "2013-06-25T22:36:28.045Z", 
        "updated_at": "2013-06-25T22:36:28.045Z", 
        "semester": 7
    }
},
{
    "pk": 344, 
    "model": "planner.courseoffering", 
    "fields": {
        "status": 0, 
        "course": 107, 
        "created_at": "2013-06-25T22:36:28.078Z", 
        "updated_at": "2013-06-25T22:36:28.078Z", 
        "semester": 5
    }
},
{
    "pk": 345, 
    "model": "planner.courseoffering", 
    "fields": {
        "status": 0, 
        "course": 107, 
        "created_at": "2013-06-25T22:36:28.099Z", 
        "updated_at": "2013-06-25T22:36:28.099Z", 
        "semester": 7
    }
},
{
    "pk": 346, 
    "model": "planner.courseoffering", 
    "fields": {
        "status": 0, 
        "course": 89, 
        "created_at": "2013-06-25T22:36:28.129Z", 
        "updated_at": "2013-06-25T22:36:28.129Z", 
        "semester": 5
    }
},
{
    "pk": 347, 
    "model": "planner.courseoffering", 
    "fields": {
        "status": 0, 
        "course": 89, 
        "created_at": "2013-06-25T22:36:28.152Z", 
        "updated_at": "2013-06-25T22:36:28.152Z", 
        "semester": 7
    }
},
{
    "pk": 348, 
    "model": "planner.courseoffering", 
    "fields": {
        "status": 0, 
        "course": 100, 
        "created_at": "2013-06-25T22:36:28.182Z", 
        "updated_at": "2013-06-25T22:36:28.182Z", 
        "semester": 5
    }
},
{
    "pk": 349, 
    "model": "planner.courseoffering", 
    "fields": {
        "status": 0, 
        "course": 100, 
        "created_at": "2013-06-25T22:36:28.202Z", 
        "updated_at": "2013-06-25T22:36:28.203Z", 
        "semester": 6
    }
},
{
    "pk": 350, 
    "model": "planner.courseoffering", 
    "fields": {
        "status": 0, 
        "course": 100, 
        "created_at": "2013-06-25T22:36:28.224Z", 
        "updated_at": "2013-06-25T22:36:28.224Z", 
        "semester": 7
    }
},
{
    "pk": 351, 
    "model": "planner.courseoffering", 
    "fields": {
        "status": 0, 
        "course": 101, 
        "created_at": "2013-06-25T22:36:28.253Z", 
        "updated_at": "2013-06-25T22:36:28.253Z", 
        "semester": 5
    }
},
{
    "pk": 352, 
    "model": "planner.courseoffering", 
    "fields": {
        "status": 0, 
        "course": 101, 
        "created_at": "2013-06-25T22:36:28.274Z", 
        "updated_at": "2013-06-25T22:36:28.274Z", 
        "semester": 7
    }
},
{
    "pk": 353, 
    "model": "planner.courseoffering", 
    "fields": {
        "status": 0, 
        "course": 102, 
        "created_at": "2013-06-25T22:36:28.304Z", 
        "updated_at": "2013-06-25T22:36:28.304Z", 
        "semester": 5
    }
},
{
    "pk": 354, 
    "model": "planner.courseoffering", 
    "fields": {
        "status": 0, 
        "course": 102, 
        "created_at": "2013-06-25T22:36:28.325Z", 
        "updated_at": "2013-06-25T22:36:28.325Z", 
        "semester": 7
    }
},
{
    "pk": 355, 
    "model": "planner.courseoffering", 
    "fields": {
        "status": 0, 
        "course": 62, 
        "created_at": "2013-06-25T22:36:28.354Z", 
        "updated_at": "2013-06-25T22:36:28.354Z", 
        "semester": 5
    }
},
{
    "pk": 356, 
    "model": "planner.courseoffering", 
    "fields": {
        "status": 0, 
        "course": 62, 
        "created_at": "2013-06-25T22:36:28.375Z", 
        "updated_at": "2013-06-25T22:36:28.375Z", 
        "semester": 7
    }
},
{
    "pk": 357, 
    "model": "planner.courseoffering", 
    "fields": {
        "status": 0, 
        "course": 61, 
        "created_at": "2013-06-25T22:36:28.405Z", 
        "updated_at": "2013-06-25T22:36:28.405Z", 
        "semester": 5
    }
},
{
    "pk": 358, 
    "model": "planner.courseoffering", 
    "fields": {
        "status": 0, 
        "course": 61, 
        "created_at": "2013-06-25T22:36:28.425Z", 
        "updated_at": "2013-06-25T22:36:28.425Z", 
        "semester": 7
    }
},
{
    "pk": 359, 
    "model": "planner.courseoffering", 
    "fields": {
        "status": 0, 
        "course": 53, 
        "created_at": "2013-06-25T22:36:28.454Z", 
        "updated_at": "2013-06-25T22:36:28.454Z", 
        "semester": 5
    }
},
{
    "pk": 360, 
    "model": "planner.courseoffering", 
    "fields": {
        "status": 0, 
        "course": 53, 
        "created_at": "2013-06-25T22:36:28.475Z", 
        "updated_at": "2013-06-25T22:36:28.475Z", 
        "semester": 7
    }
},
{
    "pk": 361, 
    "model": "planner.courseoffering", 
    "fields": {
        "status": 0, 
        "course": 54, 
        "created_at": "2013-06-25T22:36:28.504Z", 
        "updated_at": "2013-06-25T22:36:28.504Z", 
        "semester": 5
    }
},
{
    "pk": 362, 
    "model": "planner.courseoffering", 
    "fields": {
        "status": 0, 
        "course": 54, 
        "created_at": "2013-06-25T22:36:28.526Z", 
        "updated_at": "2013-06-25T22:36:28.526Z", 
        "semester": 7
    }
},
{
    "pk": 363, 
    "model": "planner.courseoffering", 
    "fields": {
        "status": 0, 
        "course": 63, 
        "created_at": "2013-06-25T22:36:28.560Z", 
        "updated_at": "2013-06-25T22:36:28.560Z", 
        "semester": 5
    }
},
{
    "pk": 364, 
    "model": "planner.courseoffering", 
    "fields": {
        "status": 0, 
        "course": 63, 
        "created_at": "2013-06-25T22:36:28.581Z", 
        "updated_at": "2013-06-25T22:36:28.581Z", 
        "semester": 7
    }
},
{
    "pk": 365, 
    "model": "planner.courseoffering", 
    "fields": {
        "status": 0, 
        "course": 64, 
        "created_at": "2013-06-25T22:36:28.611Z", 
        "updated_at": "2013-06-25T22:36:28.611Z", 
        "semester": 5
    }
},
{
    "pk": 366, 
    "model": "planner.courseoffering", 
    "fields": {
        "status": 0, 
        "course": 64, 
        "created_at": "2013-06-25T22:36:28.632Z", 
        "updated_at": "2013-06-25T22:36:28.632Z", 
        "semester": 7
    }
},
{
    "pk": 367, 
    "model": "planner.courseoffering", 
    "fields": {
        "status": 0, 
        "course": 122, 
        "created_at": "2013-06-25T22:36:28.661Z", 
        "updated_at": "2013-06-25T22:36:28.661Z", 
        "semester": 5
    }
},
{
    "pk": 368, 
    "model": "planner.courseoffering", 
    "fields": {
        "status": 0, 
        "course": 122, 
        "created_at": "2013-06-25T22:36:28.682Z", 
        "updated_at": "2013-06-25T22:36:28.682Z", 
        "semester": 7
    }
},
{
    "pk": 369, 
    "model": "planner.courseoffering", 
    "fields": {
        "status": 0, 
        "course": 108, 
        "created_at": "2013-06-25T22:36:28.715Z", 
        "updated_at": "2013-06-25T22:36:28.715Z", 
        "semester": 5
    }
},
{
    "pk": 370, 
    "model": "planner.courseoffering", 
    "fields": {
        "status": 0, 
        "course": 108, 
        "created_at": "2013-06-25T22:36:28.737Z", 
        "updated_at": "2013-06-25T22:36:28.737Z", 
        "semester": 7
    }
},
{
    "pk": 371, 
    "model": "planner.courseoffering", 
    "fields": {
        "status": 0, 
        "course": 65, 
        "created_at": "2013-06-25T22:36:28.767Z", 
        "updated_at": "2013-06-25T22:36:28.767Z", 
        "semester": 5
    }
},
{
    "pk": 372, 
    "model": "planner.courseoffering", 
    "fields": {
        "status": 0, 
        "course": 65, 
        "created_at": "2013-06-25T22:36:28.787Z", 
        "updated_at": "2013-06-25T22:36:28.787Z", 
        "semester": 7
    }
},
{
    "pk": 373, 
    "model": "planner.courseoffering", 
    "fields": {
        "status": 0, 
        "course": 123, 
        "created_at": "2013-06-25T22:36:28.817Z", 
        "updated_at": "2013-06-25T22:36:28.817Z", 
        "semester": 5
    }
},
{
    "pk": 374, 
    "model": "planner.courseoffering", 
    "fields": {
        "status": 0, 
        "course": 123, 
        "created_at": "2013-06-25T22:36:28.838Z", 
        "updated_at": "2013-06-25T22:36:28.838Z", 
        "semester": 7
    }
},
{
    "pk": 375, 
    "model": "planner.courseoffering", 
    "fields": {
        "status": 0, 
        "course": 124, 
        "created_at": "2013-06-25T22:36:28.867Z", 
        "updated_at": "2013-06-25T22:36:28.867Z", 
        "semester": 5
    }
},
{
    "pk": 376, 
    "model": "planner.courseoffering", 
    "fields": {
        "status": 0, 
        "course": 124, 
        "created_at": "2013-06-25T22:36:28.888Z", 
        "updated_at": "2013-06-25T22:36:28.888Z", 
        "semester": 7
    }
},
{
    "pk": 377, 
    "model": "planner.courseoffering", 
    "fields": {
        "status": 0, 
        "course": 125, 
        "created_at": "2013-06-25T22:36:28.918Z", 
        "updated_at": "2013-06-25T22:36:28.918Z", 
        "semester": 5
    }
},
{
    "pk": 378, 
    "model": "planner.courseoffering", 
    "fields": {
        "status": 0, 
        "course": 125, 
        "created_at": "2013-06-25T22:36:28.940Z", 
        "updated_at": "2013-06-25T22:36:28.940Z", 
        "semester": 7
    }
},
{
    "pk": 379, 
    "model": "planner.courseoffering", 
    "fields": {
        "status": 0, 
        "course": 126, 
        "created_at": "2013-06-25T22:36:28.977Z", 
        "updated_at": "2013-06-25T22:36:28.977Z", 
        "semester": 5
    }
},
{
    "pk": 380, 
    "model": "planner.courseoffering", 
    "fields": {
        "status": 0, 
        "course": 126, 
        "created_at": "2013-06-25T22:36:28.999Z", 
        "updated_at": "2013-06-25T22:36:28.999Z", 
        "semester": 7
    }
},
{
    "pk": 381, 
    "model": "planner.courseoffering", 
    "fields": {
        "status": 0, 
        "course": 83, 
        "created_at": "2013-06-25T22:36:29.028Z", 
        "updated_at": "2013-06-25T22:36:29.028Z", 
        "semester": 5
    }
},
{
    "pk": 382, 
    "model": "planner.courseoffering", 
    "fields": {
        "status": 0, 
        "course": 83, 
        "created_at": "2013-06-25T22:36:29.050Z", 
        "updated_at": "2013-06-25T22:36:29.050Z", 
        "semester": 6
    }
},
{
    "pk": 383, 
    "model": "planner.courseoffering", 
    "fields": {
        "status": 0, 
        "course": 83, 
        "created_at": "2013-06-25T22:36:29.072Z", 
        "updated_at": "2013-06-25T22:36:29.072Z", 
        "semester": 7
    }
},
{
    "pk": 384, 
    "model": "planner.courseoffering", 
    "fields": {
        "status": 0, 
        "course": 85, 
        "created_at": "2013-06-25T22:36:29.102Z", 
        "updated_at": "2013-06-25T22:36:29.102Z", 
        "semester": 5
    }
},
{
    "pk": 385, 
    "model": "planner.courseoffering", 
    "fields": {
        "status": 0, 
        "course": 85, 
        "created_at": "2013-06-25T22:36:29.132Z", 
        "updated_at": "2013-06-25T22:36:29.133Z", 
        "semester": 6
    }
},
{
    "pk": 386, 
    "model": "planner.courseoffering", 
    "fields": {
        "status": 0, 
        "course": 85, 
        "created_at": "2013-06-25T22:36:29.154Z", 
        "updated_at": "2013-06-25T22:36:29.154Z", 
        "semester": 7
    }
},
{
    "pk": 387, 
    "model": "planner.courseoffering", 
    "fields": {
        "status": 0, 
        "course": 84, 
        "created_at": "2013-06-25T22:36:29.184Z", 
        "updated_at": "2013-06-25T22:36:29.184Z", 
        "semester": 5
    }
},
{
    "pk": 388, 
    "model": "planner.courseoffering", 
    "fields": {
        "status": 0, 
        "course": 84, 
        "created_at": "2013-06-25T22:36:29.207Z", 
        "updated_at": "2013-06-25T22:36:29.207Z", 
        "semester": 6
    }
},
{
    "pk": 389, 
    "model": "planner.courseoffering", 
    "fields": {
        "status": 0, 
        "course": 84, 
        "created_at": "2013-06-25T22:36:29.228Z", 
        "updated_at": "2013-06-25T22:36:29.228Z", 
        "semester": 7
    }
},
{
    "pk": 390, 
    "model": "planner.courseoffering", 
    "fields": {
        "status": 0, 
        "course": 67, 
        "created_at": "2013-06-25T22:36:29.258Z", 
        "updated_at": "2013-06-25T22:36:29.258Z", 
        "semester": 5
    }
},
{
    "pk": 391, 
    "model": "planner.courseoffering", 
    "fields": {
        "status": 0, 
        "course": 67, 
        "created_at": "2013-06-25T22:36:29.279Z", 
        "updated_at": "2013-06-25T22:36:29.279Z", 
        "semester": 6
    }
},
{
    "pk": 392, 
    "model": "planner.courseoffering", 
    "fields": {
        "status": 0, 
        "course": 67, 
        "created_at": "2013-06-25T22:36:29.301Z", 
        "updated_at": "2013-06-25T22:36:29.301Z", 
        "semester": 7
    }
},
{
    "pk": 393, 
    "model": "planner.courseoffering", 
    "fields": {
        "status": 0, 
        "course": 68, 
        "created_at": "2013-06-25T22:36:29.330Z", 
        "updated_at": "2013-06-25T22:36:29.330Z", 
        "semester": 5
    }
},
{
    "pk": 394, 
    "model": "planner.courseoffering", 
    "fields": {
        "status": 0, 
        "course": 127, 
        "created_at": "2013-06-25T22:36:29.360Z", 
        "updated_at": "2013-06-25T22:36:29.360Z", 
        "semester": 5
    }
},
{
    "pk": 395, 
    "model": "planner.courseoffering", 
    "fields": {
        "status": 0, 
        "course": 127, 
        "created_at": "2013-06-25T22:36:29.382Z", 
        "updated_at": "2013-06-25T22:36:29.382Z", 
        "semester": 7
    }
},
{
    "pk": 396, 
    "model": "planner.courseoffering", 
    "fields": {
        "status": 0, 
        "course": 73, 
        "created_at": "2013-06-25T22:36:29.411Z", 
        "updated_at": "2013-06-25T22:36:29.411Z", 
        "semester": 5
    }
},
{
    "pk": 397, 
    "model": "planner.courseoffering", 
    "fields": {
        "status": 0, 
        "course": 73, 
        "created_at": "2013-06-25T22:36:29.431Z", 
        "updated_at": "2013-06-25T22:36:29.431Z", 
        "semester": 6
    }
},
{
    "pk": 398, 
    "model": "planner.courseoffering", 
    "fields": {
        "status": 0, 
        "course": 73, 
        "created_at": "2013-06-25T22:36:29.452Z", 
        "updated_at": "2013-06-25T22:36:29.452Z", 
        "semester": 7
    }
},
{
    "pk": 399, 
    "model": "planner.courseoffering", 
    "fields": {
        "status": 0, 
        "course": 92, 
        "created_at": "2013-06-25T22:36:29.479Z", 
        "updated_at": "2013-06-25T22:36:29.479Z", 
        "semester": 5
    }
},
{
    "pk": 400, 
    "model": "planner.courseoffering", 
    "fields": {
        "status": 0, 
        "course": 92, 
        "created_at": "2013-06-25T22:36:29.499Z", 
        "updated_at": "2013-06-25T22:36:29.499Z", 
        "semester": 7
    }
},
{
    "pk": 401, 
    "model": "planner.courseoffering", 
    "fields": {
        "status": 0, 
        "course": 93, 
        "created_at": "2013-06-25T22:36:29.526Z", 
        "updated_at": "2013-06-25T22:36:29.526Z", 
        "semester": 5
    }
},
{
    "pk": 402, 
    "model": "planner.courseoffering", 
    "fields": {
        "status": 0, 
        "course": 93, 
        "created_at": "2013-06-25T22:36:29.547Z", 
        "updated_at": "2013-06-25T22:36:29.547Z", 
        "semester": 7
    }
},
{
    "pk": 403, 
    "model": "planner.courseoffering", 
    "fields": {
        "status": 0, 
        "course": 94, 
        "created_at": "2013-06-25T22:36:29.575Z", 
        "updated_at": "2013-06-25T22:36:29.576Z", 
        "semester": 5
    }
},
{
    "pk": 404, 
    "model": "planner.courseoffering", 
    "fields": {
        "status": 0, 
        "course": 94, 
        "created_at": "2013-06-25T22:36:29.596Z", 
        "updated_at": "2013-06-25T22:36:29.596Z", 
        "semester": 7
    }
},
{
    "pk": 405, 
    "model": "planner.courseoffering", 
    "fields": {
        "status": 0, 
        "course": 95, 
        "created_at": "2013-06-25T22:36:29.625Z", 
        "updated_at": "2013-06-25T22:36:29.625Z", 
        "semester": 5
    }
},
{
    "pk": 406, 
    "model": "planner.courseoffering", 
    "fields": {
        "status": 0, 
        "course": 95, 
        "created_at": "2013-06-25T22:36:29.648Z", 
        "updated_at": "2013-06-25T22:36:29.648Z", 
        "semester": 7
    }
},
{
    "pk": 407, 
    "model": "planner.courseoffering", 
    "fields": {
        "status": 0, 
        "course": 17, 
        "created_at": "2013-06-25T22:36:29.679Z", 
        "updated_at": "2013-06-25T22:36:29.679Z", 
        "semester": 5
    }
},
{
    "pk": 408, 
    "model": "planner.courseoffering", 
    "fields": {
        "status": 0, 
        "course": 17, 
        "created_at": "2013-06-25T22:36:29.699Z", 
        "updated_at": "2013-06-25T22:36:29.699Z", 
        "semester": 7
    }
},
{
    "pk": 409, 
    "model": "planner.courseoffering", 
    "fields": {
        "status": 0, 
        "course": 96, 
        "created_at": "2013-06-25T22:36:29.729Z", 
        "updated_at": "2013-06-25T22:36:29.729Z", 
        "semester": 5
    }
},
{
    "pk": 410, 
    "model": "planner.courseoffering", 
    "fields": {
        "status": 0, 
        "course": 96, 
        "created_at": "2013-06-25T22:36:29.749Z", 
        "updated_at": "2013-06-25T22:36:29.749Z", 
        "semester": 7
    }
},
{
    "pk": 411, 
    "model": "planner.courseoffering", 
    "fields": {
        "status": 0, 
        "course": 97, 
        "created_at": "2013-06-25T22:36:29.778Z", 
        "updated_at": "2013-06-25T22:36:29.778Z", 
        "semester": 5
    }
},
{
    "pk": 412, 
    "model": "planner.courseoffering", 
    "fields": {
        "status": 0, 
        "course": 97, 
        "created_at": "2013-06-25T22:36:29.800Z", 
        "updated_at": "2013-06-25T22:36:29.800Z", 
        "semester": 7
    }
},
{
    "pk": 413, 
    "model": "planner.courseoffering", 
    "fields": {
        "status": 0, 
        "course": 18, 
        "created_at": "2013-06-25T22:36:29.829Z", 
        "updated_at": "2013-06-25T22:36:29.829Z", 
        "semester": 5
    }
},
{
    "pk": 414, 
    "model": "planner.courseoffering", 
    "fields": {
        "status": 0, 
        "course": 98, 
        "created_at": "2013-06-25T22:36:29.857Z", 
        "updated_at": "2013-06-25T22:36:29.858Z", 
        "semester": 5
    }
},
{
    "pk": 415, 
    "model": "planner.courseoffering", 
    "fields": {
        "status": 0, 
        "course": 98, 
        "created_at": "2013-06-25T22:36:29.877Z", 
        "updated_at": "2013-06-25T22:36:29.877Z", 
        "semester": 7
    }
},
{
    "pk": 416, 
    "model": "planner.courseoffering", 
    "fields": {
        "status": 0, 
        "course": 35, 
        "created_at": "2013-06-25T22:36:29.906Z", 
        "updated_at": "2013-06-25T22:36:29.906Z", 
        "semester": 5
    }
},
{
    "pk": 417, 
    "model": "planner.courseoffering", 
    "fields": {
        "status": 0, 
        "course": 35, 
        "created_at": "2013-06-25T22:36:29.927Z", 
        "updated_at": "2013-06-25T22:36:29.927Z", 
        "semester": 7
    }
},
{
    "pk": 418, 
    "model": "planner.courseoffering", 
    "fields": {
        "status": 0, 
        "course": 36, 
        "created_at": "2013-06-25T22:36:29.956Z", 
        "updated_at": "2013-06-25T22:36:29.956Z", 
        "semester": 5
    }
},
{
    "pk": 419, 
    "model": "planner.courseoffering", 
    "fields": {
        "status": 0, 
        "course": 36, 
        "created_at": "2013-06-25T22:36:29.981Z", 
        "updated_at": "2013-06-25T22:36:29.981Z", 
        "semester": 7
    }
},
{
    "pk": 420, 
    "model": "planner.courseoffering", 
    "fields": {
        "status": 0, 
        "course": 37, 
        "created_at": "2013-06-25T22:36:30.011Z", 
        "updated_at": "2013-06-25T22:36:30.011Z", 
        "semester": 5
    }
},
{
    "pk": 421, 
    "model": "planner.courseoffering", 
    "fields": {
        "status": 0, 
        "course": 37, 
        "created_at": "2013-06-25T22:36:30.031Z", 
        "updated_at": "2013-06-25T22:36:30.031Z", 
        "semester": 7
    }
},
{
    "pk": 422, 
    "model": "planner.courseoffering", 
    "fields": {
        "status": 0, 
        "course": 38, 
        "created_at": "2013-06-25T22:36:30.061Z", 
        "updated_at": "2013-06-25T22:36:30.061Z", 
        "semester": 5
    }
},
{
    "pk": 423, 
    "model": "planner.courseoffering", 
    "fields": {
        "status": 0, 
        "course": 38, 
        "created_at": "2013-06-25T22:36:30.082Z", 
        "updated_at": "2013-06-25T22:36:30.082Z", 
        "semester": 7
    }
},
{
    "pk": 424, 
    "model": "planner.courseoffering", 
    "fields": {
        "status": 0, 
        "course": 39, 
        "created_at": "2013-06-25T22:36:30.111Z", 
        "updated_at": "2013-06-25T22:36:30.111Z", 
        "semester": 5
    }
},
{
    "pk": 425, 
    "model": "planner.courseoffering", 
    "fields": {
        "status": 0, 
        "course": 39, 
        "created_at": "2013-06-25T22:36:30.132Z", 
        "updated_at": "2013-06-25T22:36:30.132Z", 
        "semester": 7
    }
},
{
    "pk": 426, 
    "model": "planner.courseoffering", 
    "fields": {
        "status": 0, 
        "course": 21, 
        "created_at": "2013-06-25T22:36:30.161Z", 
        "updated_at": "2013-06-25T22:36:30.161Z", 
        "semester": 7
    }
},
{
    "pk": 427, 
    "model": "planner.courseoffering", 
    "fields": {
        "status": 0, 
        "course": 86, 
        "created_at": "2013-06-25T22:36:30.190Z", 
        "updated_at": "2013-06-25T22:36:30.190Z", 
        "semester": 5
    }
},
{
    "pk": 428, 
    "model": "planner.courseoffering", 
    "fields": {
        "status": 0, 
        "course": 86, 
        "created_at": "2013-06-25T22:36:30.210Z", 
        "updated_at": "2013-06-25T22:36:30.210Z", 
        "semester": 6
    }
},
{
    "pk": 429, 
    "model": "planner.courseoffering", 
    "fields": {
        "status": 0, 
        "course": 86, 
        "created_at": "2013-06-25T22:36:30.230Z", 
        "updated_at": "2013-06-25T22:36:30.230Z", 
        "semester": 7
    }
},
{
    "pk": 430, 
    "model": "planner.courseoffering", 
    "fields": {
        "status": 0, 
        "course": 72, 
        "created_at": "2013-06-25T22:36:30.260Z", 
        "updated_at": "2013-06-25T22:36:30.260Z", 
        "semester": 5
    }
},
{
    "pk": 431, 
    "model": "planner.courseoffering", 
    "fields": {
        "status": 0, 
        "course": 72, 
        "created_at": "2013-06-25T22:36:30.281Z", 
        "updated_at": "2013-06-25T22:36:30.281Z", 
        "semester": 6
    }
},
{
    "pk": 432, 
    "model": "planner.courseoffering", 
    "fields": {
        "status": 0, 
        "course": 72, 
        "created_at": "2013-06-25T22:36:30.302Z", 
        "updated_at": "2013-06-25T22:36:30.302Z", 
        "semester": 7
    }
},
{
    "pk": 433, 
    "model": "planner.courseoffering", 
    "fields": {
        "status": 0, 
        "course": 74, 
        "created_at": "2013-06-25T22:36:30.333Z", 
        "updated_at": "2013-06-25T22:36:30.333Z", 
        "semester": 5
    }
},
{
    "pk": 434, 
    "model": "planner.courseoffering", 
    "fields": {
        "status": 0, 
        "course": 74, 
        "created_at": "2013-06-25T22:36:30.424Z", 
        "updated_at": "2013-06-25T22:36:30.424Z", 
        "semester": 7
    }
},
{
    "pk": 435, 
    "model": "planner.courseoffering", 
    "fields": {
        "status": 0, 
        "course": 75, 
        "created_at": "2013-06-25T22:36:30.502Z", 
        "updated_at": "2013-06-25T22:36:30.502Z", 
        "semester": 5
    }
},
{
    "pk": 436, 
    "model": "planner.courseoffering", 
    "fields": {
        "status": 0, 
        "course": 75, 
        "created_at": "2013-06-25T22:36:30.573Z", 
        "updated_at": "2013-06-25T22:36:30.573Z", 
        "semester": 6
    }
},
{
    "pk": 437, 
    "model": "planner.courseoffering", 
    "fields": {
        "status": 0, 
        "course": 75, 
        "created_at": "2013-06-25T22:36:30.596Z", 
        "updated_at": "2013-06-25T22:36:30.596Z", 
        "semester": 7
    }
},
{
    "pk": 438, 
    "model": "planner.courseoffering", 
    "fields": {
        "status": 0, 
        "course": 76, 
        "created_at": "2013-06-25T22:36:30.624Z", 
        "updated_at": "2013-06-25T22:36:30.624Z", 
        "semester": 5
    }
},
{
    "pk": 439, 
    "model": "planner.courseoffering", 
    "fields": {
        "status": 0, 
        "course": 76, 
        "created_at": "2013-06-25T22:36:30.644Z", 
        "updated_at": "2013-06-25T22:36:30.644Z", 
        "semester": 6
    }
},
{
    "pk": 440, 
    "model": "planner.courseoffering", 
    "fields": {
        "status": 0, 
        "course": 76, 
        "created_at": "2013-06-25T22:36:30.666Z", 
        "updated_at": "2013-06-25T22:36:30.666Z", 
        "semester": 7
    }
},
{
    "pk": 441, 
    "model": "planner.courseoffering", 
    "fields": {
        "status": 0, 
        "course": 77, 
        "created_at": "2013-06-25T22:36:30.695Z", 
        "updated_at": "2013-06-25T22:36:30.695Z", 
        "semester": 5
    }
},
{
    "pk": 442, 
    "model": "planner.courseoffering", 
    "fields": {
        "status": 0, 
        "course": 77, 
        "created_at": "2013-06-25T22:36:30.717Z", 
        "updated_at": "2013-06-25T22:36:30.717Z", 
        "semester": 6
    }
},
{
    "pk": 443, 
    "model": "planner.courseoffering", 
    "fields": {
        "status": 0, 
        "course": 77, 
        "created_at": "2013-06-25T22:36:30.738Z", 
        "updated_at": "2013-06-25T22:36:30.738Z", 
        "semester": 7
    }
},
{
    "pk": 444, 
    "model": "planner.courseoffering", 
    "fields": {
        "status": 0, 
        "course": 78, 
        "created_at": "2013-06-25T22:36:30.766Z", 
        "updated_at": "2013-06-25T22:36:30.767Z", 
        "semester": 5
    }
},
{
    "pk": 445, 
    "model": "planner.courseoffering", 
    "fields": {
        "status": 0, 
        "course": 78, 
        "created_at": "2013-06-25T22:36:30.788Z", 
        "updated_at": "2013-06-25T22:36:30.788Z", 
        "semester": 6
    }
},
{
    "pk": 446, 
    "model": "planner.courseoffering", 
    "fields": {
        "status": 0, 
        "course": 78, 
        "created_at": "2013-06-25T22:36:30.810Z", 
        "updated_at": "2013-06-25T22:36:30.810Z", 
        "semester": 7
    }
},
{
    "pk": 447, 
    "model": "planner.courseoffering", 
    "fields": {
        "status": 0, 
        "course": 79, 
        "created_at": "2013-06-25T22:36:30.839Z", 
        "updated_at": "2013-06-25T22:36:30.839Z", 
        "semester": 5
    }
},
{
    "pk": 448, 
    "model": "planner.courseoffering", 
    "fields": {
        "status": 0, 
        "course": 79, 
        "created_at": "2013-06-25T22:36:30.859Z", 
        "updated_at": "2013-06-25T22:36:30.859Z", 
        "semester": 6
    }
},
{
    "pk": 449, 
    "model": "planner.courseoffering", 
    "fields": {
        "status": 0, 
        "course": 79, 
        "created_at": "2013-06-25T22:36:30.882Z", 
        "updated_at": "2013-06-25T22:36:30.882Z", 
        "semester": 7
    }
},
{
    "pk": 450, 
    "model": "planner.courseoffering", 
    "fields": {
        "status": 0, 
        "course": 80, 
        "created_at": "2013-06-25T22:36:30.912Z", 
        "updated_at": "2013-06-25T22:36:30.912Z", 
        "semester": 5
    }
},
{
    "pk": 451, 
    "model": "planner.courseoffering", 
    "fields": {
        "status": 0, 
        "course": 80, 
        "created_at": "2013-06-25T22:36:30.934Z", 
        "updated_at": "2013-06-25T22:36:30.934Z", 
        "semester": 6
    }
},
{
    "pk": 452, 
    "model": "planner.courseoffering", 
    "fields": {
        "status": 0, 
        "course": 80, 
        "created_at": "2013-06-25T22:36:30.956Z", 
        "updated_at": "2013-06-25T22:36:30.956Z", 
        "semester": 7
    }
},
{
    "pk": 453, 
    "model": "planner.courseoffering", 
    "fields": {
        "status": 0, 
        "course": 81, 
        "created_at": "2013-06-25T22:36:30.989Z", 
        "updated_at": "2013-06-25T22:36:30.989Z", 
        "semester": 5
    }
},
{
    "pk": 454, 
    "model": "planner.courseoffering", 
    "fields": {
        "status": 0, 
        "course": 81, 
        "created_at": "2013-06-25T22:36:31.010Z", 
        "updated_at": "2013-06-25T22:36:31.010Z", 
        "semester": 6
    }
},
{
    "pk": 455, 
    "model": "planner.courseoffering", 
    "fields": {
        "status": 0, 
        "course": 81, 
        "created_at": "2013-06-25T22:36:31.031Z", 
        "updated_at": "2013-06-25T22:36:31.031Z", 
        "semester": 7
    }
},
{
    "pk": 456, 
    "model": "planner.courseoffering", 
    "fields": {
        "status": 0, 
        "course": 82, 
        "created_at": "2013-06-25T22:36:31.062Z", 
        "updated_at": "2013-06-25T22:36:31.062Z", 
        "semester": 5
    }
},
{
    "pk": 457, 
    "model": "planner.courseoffering", 
    "fields": {
        "status": 0, 
        "course": 82, 
        "created_at": "2013-06-25T22:36:31.084Z", 
        "updated_at": "2013-06-25T22:36:31.084Z", 
        "semester": 6
    }
},
{
    "pk": 458, 
    "model": "planner.courseoffering", 
    "fields": {
        "status": 0, 
        "course": 82, 
        "created_at": "2013-06-25T22:36:31.107Z", 
        "updated_at": "2013-06-25T22:36:31.107Z", 
        "semester": 7
    }
},
{
    "pk": 459, 
    "model": "planner.courseoffering", 
    "fields": {
        "status": 0, 
        "course": 109, 
        "created_at": "2013-06-25T22:36:31.138Z", 
        "updated_at": "2013-06-25T22:36:31.138Z", 
        "semester": 5
    }
},
{
    "pk": 460, 
    "model": "planner.courseoffering", 
    "fields": {
        "status": 0, 
        "course": 109, 
        "created_at": "2013-06-25T22:36:31.157Z", 
        "updated_at": "2013-06-25T22:36:31.157Z", 
        "semester": 7
    }
},
{
    "pk": 461, 
    "model": "planner.courseoffering", 
    "fields": {
        "status": 0, 
        "course": 58, 
        "created_at": "2013-06-25T22:36:31.187Z", 
        "updated_at": "2013-06-25T22:36:31.187Z", 
        "semester": 5
    }
},
{
    "pk": 462, 
    "model": "planner.courseoffering", 
    "fields": {
        "status": 0, 
        "course": 58, 
        "created_at": "2013-06-25T22:36:31.208Z", 
        "updated_at": "2013-06-25T22:36:31.208Z", 
        "semester": 7
    }
},
{
    "pk": 463, 
    "model": "planner.courseoffering", 
    "fields": {
        "status": 0, 
        "course": 66, 
        "created_at": "2013-06-25T22:36:31.237Z", 
        "updated_at": "2013-06-25T22:36:31.237Z", 
        "semester": 5
    }
},
{
    "pk": 464, 
    "model": "planner.courseoffering", 
    "fields": {
        "status": 0, 
        "course": 66, 
        "created_at": "2013-06-25T22:36:31.258Z", 
        "updated_at": "2013-06-25T22:36:31.258Z", 
        "semester": 7
    }
},
{
    "pk": 465, 
    "model": "planner.courseoffering", 
    "fields": {
        "status": 0, 
        "course": 59, 
        "created_at": "2013-06-25T22:36:31.287Z", 
        "updated_at": "2013-06-25T22:36:31.287Z", 
        "semester": 5
    }
},
{
    "pk": 466, 
    "model": "planner.courseoffering", 
    "fields": {
        "status": 0, 
        "course": 59, 
        "created_at": "2013-06-25T22:36:31.308Z", 
        "updated_at": "2013-06-25T22:36:31.308Z", 
        "semester": 7
    }
},
{
    "pk": 467, 
    "model": "planner.courseoffering", 
    "fields": {
        "status": 0, 
        "course": 60, 
        "created_at": "2013-06-25T22:36:31.338Z", 
        "updated_at": "2013-06-25T22:36:31.338Z", 
        "semester": 5
    }
},
{
    "pk": 468, 
    "model": "planner.courseoffering", 
    "fields": {
        "status": 0, 
        "course": 60, 
        "created_at": "2013-06-25T22:36:31.358Z", 
        "updated_at": "2013-06-25T22:36:31.358Z", 
        "semester": 7
    }
},
{
    "pk": 469, 
    "model": "planner.courseoffering", 
    "fields": {
        "status": 0, 
        "course": 110, 
        "created_at": "2013-06-25T22:36:31.386Z", 
        "updated_at": "2013-06-25T22:36:31.387Z", 
        "semester": 5
    }
},
{
    "pk": 470, 
    "model": "planner.courseoffering", 
    "fields": {
        "status": 0, 
        "course": 110, 
        "created_at": "2013-06-25T22:36:31.407Z", 
        "updated_at": "2013-06-25T22:36:31.407Z", 
        "semester": 7
    }
},
{
    "pk": 471, 
    "model": "planner.courseoffering", 
    "fields": {
        "status": 0, 
        "course": 111, 
        "created_at": "2013-06-25T22:36:31.438Z", 
        "updated_at": "2013-06-25T22:36:31.438Z", 
        "semester": 5
    }
},
{
    "pk": 472, 
    "model": "planner.courseoffering", 
    "fields": {
        "status": 0, 
        "course": 111, 
        "created_at": "2013-06-25T22:36:31.458Z", 
        "updated_at": "2013-06-25T22:36:31.458Z", 
        "semester": 7
    }
},
{
    "pk": 473, 
    "model": "planner.courseoffering", 
    "fields": {
        "status": 0, 
        "course": 112, 
        "created_at": "2013-06-25T22:36:31.488Z", 
        "updated_at": "2013-06-25T22:36:31.488Z", 
        "semester": 5
    }
},
{
    "pk": 474, 
    "model": "planner.courseoffering", 
    "fields": {
        "status": 0, 
        "course": 112, 
        "created_at": "2013-06-25T22:36:31.507Z", 
        "updated_at": "2013-06-25T22:36:31.508Z", 
        "semester": 7
    }
},
{
    "pk": 475, 
    "model": "planner.courseoffering", 
    "fields": {
        "status": 0, 
        "course": 128, 
        "created_at": "2013-06-25T22:36:31.540Z", 
        "updated_at": "2013-06-25T22:36:31.540Z", 
        "semester": 5
    }
},
{
    "pk": 476, 
    "model": "planner.courseoffering", 
    "fields": {
        "status": 0, 
        "course": 128, 
        "created_at": "2013-06-25T22:36:31.560Z", 
        "updated_at": "2013-06-25T22:36:31.560Z", 
        "semester": 7
    }
},
{
    "pk": 477, 
    "model": "planner.courseoffering", 
    "fields": {
        "status": 0, 
        "course": 129, 
        "created_at": "2013-06-25T22:36:31.847Z", 
        "updated_at": "2013-06-25T22:36:31.847Z", 
        "semester": 5
    }
},
{
    "pk": 478, 
    "model": "planner.courseoffering", 
    "fields": {
        "status": 0, 
        "course": 129, 
        "created_at": "2013-06-25T22:36:31.923Z", 
        "updated_at": "2013-06-25T22:36:31.923Z", 
        "semester": 7
    }
},
{
    "pk": 479, 
    "model": "planner.courseoffering", 
    "fields": {
        "status": 0, 
        "course": 130, 
        "created_at": "2013-06-25T22:36:31.984Z", 
        "updated_at": "2013-06-25T22:36:31.984Z", 
        "semester": 5
    }
},
{
    "pk": 480, 
    "model": "planner.courseoffering", 
    "fields": {
        "status": 0, 
        "course": 130, 
        "created_at": "2013-06-25T22:36:32.037Z", 
        "updated_at": "2013-06-25T22:36:32.037Z", 
        "semester": 7
    }
},
{
    "pk": 481, 
    "model": "planner.courseoffering", 
    "fields": {
        "status": 0, 
        "course": 113, 
        "created_at": "2013-06-25T22:36:32.065Z", 
        "updated_at": "2013-06-25T22:36:32.065Z", 
        "semester": 5
    }
},
{
    "pk": 482, 
    "model": "planner.courseoffering", 
    "fields": {
        "status": 0, 
        "course": 113, 
        "created_at": "2013-06-25T22:36:32.090Z", 
        "updated_at": "2013-06-25T22:36:32.090Z", 
        "semester": 7
    }
},
{
    "pk": 483, 
    "model": "planner.courseoffering", 
    "fields": {
        "status": 0, 
        "course": 131, 
        "created_at": "2013-06-25T22:36:32.120Z", 
        "updated_at": "2013-06-25T22:36:32.120Z", 
        "semester": 5
    }
},
{
    "pk": 484, 
    "model": "planner.courseoffering", 
    "fields": {
        "status": 0, 
        "course": 131, 
        "created_at": "2013-06-25T22:36:32.140Z", 
        "updated_at": "2013-06-25T22:36:32.140Z", 
        "semester": 7
    }
},
{
    "pk": 485, 
    "model": "planner.courseoffering", 
    "fields": {
        "status": 0, 
        "course": 132, 
        "created_at": "2013-06-25T22:36:32.169Z", 
        "updated_at": "2013-06-25T22:36:32.170Z", 
        "semester": 5
    }
},
{
    "pk": 486, 
    "model": "planner.courseoffering", 
    "fields": {
        "status": 0, 
        "course": 132, 
        "created_at": "2013-06-25T22:36:32.190Z", 
        "updated_at": "2013-06-25T22:36:32.190Z", 
        "semester": 7
    }
},
{
    "pk": 487, 
    "model": "planner.courseoffering", 
    "fields": {
        "status": 0, 
        "course": 133, 
        "created_at": "2013-06-25T22:36:32.219Z", 
        "updated_at": "2013-06-25T22:36:32.219Z", 
        "semester": 5
    }
},
{
    "pk": 488, 
    "model": "planner.courseoffering", 
    "fields": {
        "status": 0, 
        "course": 133, 
        "created_at": "2013-06-25T22:36:32.239Z", 
        "updated_at": "2013-06-25T22:36:32.239Z", 
        "semester": 7
    }
},
{
    "pk": 489, 
    "model": "planner.courseoffering", 
    "fields": {
        "status": 0, 
        "course": 134, 
        "created_at": "2013-06-25T22:36:32.268Z", 
        "updated_at": "2013-06-25T22:36:32.268Z", 
        "semester": 5
    }
},
{
    "pk": 490, 
    "model": "planner.courseoffering", 
    "fields": {
        "status": 0, 
        "course": 134, 
        "created_at": "2013-06-25T22:36:32.288Z", 
        "updated_at": "2013-06-25T22:36:32.289Z", 
        "semester": 7
    }
},
{
    "pk": 491, 
    "model": "planner.courseoffering", 
    "fields": {
        "status": 0, 
        "course": 135, 
        "created_at": "2013-06-25T22:36:32.316Z", 
        "updated_at": "2013-06-25T22:36:32.316Z", 
        "semester": 5
    }
},
{
    "pk": 492, 
    "model": "planner.courseoffering", 
    "fields": {
        "status": 0, 
        "course": 135, 
        "created_at": "2013-06-25T22:36:32.336Z", 
        "updated_at": "2013-06-25T22:36:32.336Z", 
        "semester": 7
    }
},
{
    "pk": 493, 
    "model": "planner.courseoffering", 
    "fields": {
        "status": 0, 
        "course": 136, 
        "created_at": "2013-06-25T22:36:32.364Z", 
        "updated_at": "2013-06-25T22:36:32.364Z", 
        "semester": 5
    }
},
{
    "pk": 494, 
    "model": "planner.courseoffering", 
    "fields": {
        "status": 0, 
        "course": 136, 
        "created_at": "2013-06-25T22:36:32.384Z", 
        "updated_at": "2013-06-25T22:36:32.384Z", 
        "semester": 7
    }
},
{
    "pk": 495, 
    "model": "planner.courseoffering", 
    "fields": {
        "status": 0, 
        "course": 71, 
        "created_at": "2013-06-25T22:36:32.411Z", 
        "updated_at": "2013-06-25T22:36:32.411Z", 
        "semester": 5
    }
},
{
    "pk": 496, 
    "model": "planner.courseoffering", 
    "fields": {
        "status": 0, 
        "course": 71, 
        "created_at": "2013-06-25T22:36:32.431Z", 
        "updated_at": "2013-06-25T22:36:32.431Z", 
        "semester": 6
    }
},
{
    "pk": 497, 
    "model": "planner.courseoffering", 
    "fields": {
        "status": 0, 
        "course": 71, 
        "created_at": "2013-06-25T22:36:32.451Z", 
        "updated_at": "2013-06-25T22:36:32.452Z", 
        "semester": 7
    }
},
{
    "pk": 498, 
    "model": "planner.courseoffering", 
    "fields": {
        "status": 0, 
        "course": 114, 
        "created_at": "2013-06-25T22:36:32.480Z", 
        "updated_at": "2013-06-25T22:36:32.480Z", 
        "semester": 5
    }
},
{
    "pk": 499, 
    "model": "planner.courseoffering", 
    "fields": {
        "status": 0, 
        "course": 114, 
        "created_at": "2013-06-25T22:36:32.500Z", 
        "updated_at": "2013-06-25T22:36:32.500Z", 
        "semester": 7
    }
},
{
    "pk": 500, 
    "model": "planner.courseoffering", 
    "fields": {
        "status": 0, 
        "course": 115, 
        "created_at": "2013-06-25T22:36:32.530Z", 
        "updated_at": "2013-06-25T22:36:32.530Z", 
        "semester": 5
    }
},
{
    "pk": 501, 
    "model": "planner.courseoffering", 
    "fields": {
        "status": 0, 
        "course": 115, 
        "created_at": "2013-06-25T22:36:32.551Z", 
        "updated_at": "2013-06-25T22:36:32.551Z", 
        "semester": 7
    }
},
{
    "pk": 502, 
    "model": "planner.courseoffering", 
    "fields": {
        "status": 0, 
        "course": 116, 
        "created_at": "2013-06-25T22:36:32.616Z", 
        "updated_at": "2013-06-25T22:36:32.616Z", 
        "semester": 5
    }
},
{
    "pk": 503, 
    "model": "planner.courseoffering", 
    "fields": {
        "status": 0, 
        "course": 116, 
        "created_at": "2013-06-25T22:36:32.668Z", 
        "updated_at": "2013-06-25T22:36:32.668Z", 
        "semester": 7
    }
},
{
    "pk": 504, 
    "model": "planner.courseoffering", 
    "fields": {
        "status": 0, 
        "course": 117, 
        "created_at": "2013-06-25T22:36:32.726Z", 
        "updated_at": "2013-06-25T22:36:32.726Z", 
        "semester": 5
    }
},
{
    "pk": 505, 
    "model": "planner.courseoffering", 
    "fields": {
        "status": 0, 
        "course": 117, 
        "created_at": "2013-06-25T22:36:32.746Z", 
        "updated_at": "2013-06-25T22:36:32.746Z", 
        "semester": 7
    }
},
{
    "pk": 506, 
    "model": "planner.courseoffering", 
    "fields": {
        "status": 0, 
        "course": 118, 
        "created_at": "2013-06-25T22:36:32.776Z", 
        "updated_at": "2013-06-25T22:36:32.776Z", 
        "semester": 5
    }
},
{
    "pk": 507, 
    "model": "planner.courseoffering", 
    "fields": {
        "status": 0, 
        "course": 118, 
        "created_at": "2013-06-25T22:36:32.798Z", 
        "updated_at": "2013-06-25T22:36:32.798Z", 
        "semester": 7
    }
},
{
    "pk": 508, 
    "model": "planner.courseoffering", 
    "fields": {
        "status": 0, 
        "course": 137, 
        "created_at": "2013-06-25T22:36:32.827Z", 
        "updated_at": "2013-06-25T22:36:32.827Z", 
        "semester": 5
    }
},
{
    "pk": 509, 
    "model": "planner.courseoffering", 
    "fields": {
        "status": 0, 
        "course": 137, 
        "created_at": "2013-06-25T22:36:32.848Z", 
        "updated_at": "2013-06-25T22:36:32.848Z", 
        "semester": 7
    }
},
{
    "pk": 510, 
    "model": "planner.courseoffering", 
    "fields": {
        "status": 0, 
        "course": 138, 
        "created_at": "2013-06-25T22:36:32.879Z", 
        "updated_at": "2013-06-25T22:36:32.879Z", 
        "semester": 5
    }
},
{
    "pk": 511, 
    "model": "planner.courseoffering", 
    "fields": {
        "status": 0, 
        "course": 138, 
        "created_at": "2013-06-25T22:36:32.901Z", 
        "updated_at": "2013-06-25T22:36:32.901Z", 
        "semester": 7
    }
},
{
    "pk": 512, 
    "model": "planner.courseoffering", 
    "fields": {
        "status": 0, 
        "course": 99, 
        "created_at": "2013-06-25T22:36:32.930Z", 
        "updated_at": "2013-06-25T22:36:32.930Z", 
        "semester": 5
    }
},
{
    "pk": 513, 
    "model": "planner.courseoffering", 
    "fields": {
        "status": 0, 
        "course": 99, 
        "created_at": "2013-06-25T22:36:32.951Z", 
        "updated_at": "2013-06-25T22:36:32.951Z", 
        "semester": 7
    }
},
{
    "pk": 514, 
    "model": "planner.courseoffering", 
    "fields": {
        "status": 0, 
        "course": 139, 
        "created_at": "2013-06-25T22:36:32.981Z", 
        "updated_at": "2013-06-25T22:36:32.981Z", 
        "semester": 5
    }
},
{
    "pk": 515, 
    "model": "planner.courseoffering", 
    "fields": {
        "status": 0, 
        "course": 139, 
        "created_at": "2013-06-25T22:36:33.005Z", 
        "updated_at": "2013-06-25T22:36:33.005Z", 
        "semester": 7
    }
},
{
    "pk": 516, 
    "model": "planner.courseoffering", 
    "fields": {
        "status": 0, 
        "course": 140, 
        "created_at": "2013-06-25T22:36:33.034Z", 
        "updated_at": "2013-06-25T22:36:33.034Z", 
        "semester": 5
    }
},
{
    "pk": 517, 
    "model": "planner.courseoffering", 
    "fields": {
        "status": 0, 
        "course": 140, 
        "created_at": "2013-06-25T22:36:33.055Z", 
        "updated_at": "2013-06-25T22:36:33.055Z", 
        "semester": 7
    }
},
{
    "pk": 518, 
    "model": "planner.courseoffering", 
    "fields": {
        "status": 0, 
        "course": 119, 
        "created_at": "2013-06-25T22:36:33.085Z", 
        "updated_at": "2013-06-25T22:36:33.085Z", 
        "semester": 5
    }
},
{
    "pk": 519, 
    "model": "planner.courseoffering", 
    "fields": {
        "status": 0, 
        "course": 119, 
        "created_at": "2013-06-25T22:36:33.108Z", 
        "updated_at": "2013-06-25T22:36:33.108Z", 
        "semester": 7
    }
},
{
    "pk": 520, 
    "model": "planner.courseoffering", 
    "fields": {
        "status": 0, 
        "course": 120, 
        "created_at": "2013-06-25T22:36:33.138Z", 
        "updated_at": "2013-06-25T22:36:33.138Z", 
        "semester": 5
    }
},
{
    "pk": 521, 
    "model": "planner.courseoffering", 
    "fields": {
        "status": 0, 
        "course": 120, 
        "created_at": "2013-06-25T22:36:33.159Z", 
        "updated_at": "2013-06-25T22:36:33.159Z", 
        "semester": 7
    }
},
{
    "pk": 522, 
    "model": "planner.courseoffering", 
    "fields": {
        "status": 0, 
        "course": 121, 
        "created_at": "2013-06-25T22:36:33.187Z", 
        "updated_at": "2013-06-25T22:36:33.187Z", 
        "semester": 5
    }
},
{
    "pk": 523, 
    "model": "planner.courseoffering", 
    "fields": {
        "status": 0, 
        "course": 121, 
        "created_at": "2013-06-25T22:36:33.209Z", 
        "updated_at": "2013-06-25T22:36:33.209Z", 
        "semester": 7
    }
},
{
    "pk": 524, 
    "model": "planner.courseoffering", 
    "fields": {
        "status": 0, 
        "course": 19, 
        "created_at": "2013-06-25T22:36:33.237Z", 
        "updated_at": "2013-06-25T22:36:33.237Z", 
        "semester": 5
    }
},
{
    "pk": 525, 
    "model": "planner.courseoffering", 
    "fields": {
        "status": 0, 
        "course": 19, 
        "created_at": "2013-06-25T22:36:33.258Z", 
        "updated_at": "2013-06-25T22:36:33.258Z", 
        "semester": 7
    }
},
{
    "pk": 526, 
    "model": "planner.courseoffering", 
    "fields": {
        "status": 0, 
        "course": 30, 
        "created_at": "2013-06-25T22:36:33.288Z", 
        "updated_at": "2013-06-25T22:36:33.288Z", 
        "semester": 5
    }
},
{
    "pk": 527, 
    "model": "planner.courseoffering", 
    "fields": {
        "status": 0, 
        "course": 30, 
        "created_at": "2013-06-25T22:36:33.309Z", 
        "updated_at": "2013-06-25T22:36:33.309Z", 
        "semester": 7
    }
},
{
    "pk": 528, 
    "model": "planner.courseoffering", 
    "fields": {
        "status": 0, 
        "course": 33, 
        "created_at": "2013-06-25T22:36:33.339Z", 
        "updated_at": "2013-06-25T22:36:33.339Z", 
        "semester": 7
    }
},
{
    "pk": 529, 
    "model": "planner.courseoffering", 
    "fields": {
        "status": 0, 
        "course": 45, 
        "created_at": "2013-06-25T22:36:33.367Z", 
        "updated_at": "2013-06-25T22:36:33.367Z", 
        "semester": 5
    }
},
{
    "pk": 530, 
    "model": "planner.courseoffering", 
    "fields": {
        "status": 0, 
        "course": 34, 
        "created_at": "2013-06-25T22:36:33.396Z", 
        "updated_at": "2013-06-25T22:36:33.396Z", 
        "semester": 7
    }
},
{
    "pk": 531, 
    "model": "planner.courseoffering", 
    "fields": {
        "status": 0, 
        "course": 69, 
        "created_at": "2013-06-25T22:36:37.957Z", 
        "updated_at": "2013-06-25T22:36:37.957Z", 
        "semester": 9
    }
},
{
    "pk": 532, 
    "model": "planner.courseoffering", 
    "fields": {
        "status": 0, 
        "course": 69, 
        "created_at": "2013-06-25T22:36:37.988Z", 
        "updated_at": "2013-06-25T22:36:37.988Z", 
        "semester": 10
    }
},
{
    "pk": 533, 
    "model": "planner.courseoffering", 
    "fields": {
        "status": 0, 
        "course": 69, 
        "created_at": "2013-06-25T22:36:38.017Z", 
        "updated_at": "2013-06-25T22:36:38.017Z", 
        "semester": 11
    }
},
{
    "pk": 534, 
    "model": "planner.courseoffering", 
    "fields": {
        "status": 0, 
        "course": 70, 
        "created_at": "2013-06-25T22:36:38.046Z", 
        "updated_at": "2013-06-25T22:36:38.046Z", 
        "semester": 9
    }
},
{
    "pk": 535, 
    "model": "planner.courseoffering", 
    "fields": {
        "status": 0, 
        "course": 70, 
        "created_at": "2013-06-25T22:36:38.069Z", 
        "updated_at": "2013-06-25T22:36:38.069Z", 
        "semester": 10
    }
},
{
    "pk": 536, 
    "model": "planner.courseoffering", 
    "fields": {
        "status": 0, 
        "course": 70, 
        "created_at": "2013-06-25T22:36:38.090Z", 
        "updated_at": "2013-06-25T22:36:38.090Z", 
        "semester": 11
    }
},
{
    "pk": 537, 
    "model": "planner.courseoffering", 
    "fields": {
        "status": 0, 
        "course": 1, 
        "created_at": "2013-06-25T22:36:38.119Z", 
        "updated_at": "2013-06-25T22:36:38.119Z", 
        "semester": 9
    }
},
{
    "pk": 538, 
    "model": "planner.courseoffering", 
    "fields": {
        "status": 0, 
        "course": 1, 
        "created_at": "2013-06-25T22:36:38.140Z", 
        "updated_at": "2013-06-25T22:36:38.140Z", 
        "semester": 11
    }
},
{
    "pk": 539, 
    "model": "planner.courseoffering", 
    "fields": {
        "status": 0, 
        "course": 2, 
        "created_at": "2013-06-25T22:36:38.168Z", 
        "updated_at": "2013-06-25T22:36:38.168Z", 
        "semester": 9
    }
},
{
    "pk": 540, 
    "model": "planner.courseoffering", 
    "fields": {
        "status": 0, 
        "course": 2, 
        "created_at": "2013-06-25T22:36:38.188Z", 
        "updated_at": "2013-06-25T22:36:38.188Z", 
        "semester": 11
    }
},
{
    "pk": 541, 
    "model": "planner.courseoffering", 
    "fields": {
        "status": 0, 
        "course": 46, 
        "created_at": "2013-06-25T22:36:38.218Z", 
        "updated_at": "2013-06-25T22:36:38.218Z", 
        "semester": 9
    }
},
{
    "pk": 542, 
    "model": "planner.courseoffering", 
    "fields": {
        "status": 0, 
        "course": 46, 
        "created_at": "2013-06-25T22:36:38.238Z", 
        "updated_at": "2013-06-25T22:36:38.238Z", 
        "semester": 11
    }
},
{
    "pk": 543, 
    "model": "planner.courseoffering", 
    "fields": {
        "status": 0, 
        "course": 47, 
        "created_at": "2013-06-25T22:36:38.267Z", 
        "updated_at": "2013-06-25T22:36:38.267Z", 
        "semester": 9
    }
},
{
    "pk": 544, 
    "model": "planner.courseoffering", 
    "fields": {
        "status": 0, 
        "course": 47, 
        "created_at": "2013-06-25T22:36:38.288Z", 
        "updated_at": "2013-06-25T22:36:38.288Z", 
        "semester": 11
    }
},
{
    "pk": 545, 
    "model": "planner.courseoffering", 
    "fields": {
        "status": 0, 
        "course": 48, 
        "created_at": "2013-06-25T22:36:38.317Z", 
        "updated_at": "2013-06-25T22:36:38.317Z", 
        "semester": 9
    }
},
{
    "pk": 546, 
    "model": "planner.courseoffering", 
    "fields": {
        "status": 0, 
        "course": 48, 
        "created_at": "2013-06-25T22:36:38.337Z", 
        "updated_at": "2013-06-25T22:36:38.337Z", 
        "semester": 11
    }
},
{
    "pk": 547, 
    "model": "planner.courseoffering", 
    "fields": {
        "status": 0, 
        "course": 49, 
        "created_at": "2013-06-25T22:36:38.366Z", 
        "updated_at": "2013-06-25T22:36:38.366Z", 
        "semester": 9
    }
},
{
    "pk": 548, 
    "model": "planner.courseoffering", 
    "fields": {
        "status": 0, 
        "course": 49, 
        "created_at": "2013-06-25T22:36:38.387Z", 
        "updated_at": "2013-06-25T22:36:38.387Z", 
        "semester": 11
    }
},
{
    "pk": 549, 
    "model": "planner.courseoffering", 
    "fields": {
        "status": 0, 
        "course": 50, 
        "created_at": "2013-06-25T22:36:38.416Z", 
        "updated_at": "2013-06-25T22:36:38.416Z", 
        "semester": 9
    }
},
{
    "pk": 550, 
    "model": "planner.courseoffering", 
    "fields": {
        "status": 0, 
        "course": 50, 
        "created_at": "2013-06-25T22:36:38.437Z", 
        "updated_at": "2013-06-25T22:36:38.437Z", 
        "semester": 11
    }
},
{
    "pk": 551, 
    "model": "planner.courseoffering", 
    "fields": {
        "status": 0, 
        "course": 51, 
        "created_at": "2013-06-25T22:36:38.466Z", 
        "updated_at": "2013-06-25T22:36:38.466Z", 
        "semester": 9
    }
},
{
    "pk": 552, 
    "model": "planner.courseoffering", 
    "fields": {
        "status": 0, 
        "course": 51, 
        "created_at": "2013-06-25T22:36:38.487Z", 
        "updated_at": "2013-06-25T22:36:38.487Z", 
        "semester": 11
    }
},
{
    "pk": 553, 
    "model": "planner.courseoffering", 
    "fields": {
        "status": 0, 
        "course": 90, 
        "created_at": "2013-06-25T22:36:38.516Z", 
        "updated_at": "2013-06-25T22:36:38.516Z", 
        "semester": 9
    }
},
{
    "pk": 554, 
    "model": "planner.courseoffering", 
    "fields": {
        "status": 0, 
        "course": 90, 
        "created_at": "2013-06-25T22:36:38.539Z", 
        "updated_at": "2013-06-25T22:36:38.539Z", 
        "semester": 11
    }
},
{
    "pk": 555, 
    "model": "planner.courseoffering", 
    "fields": {
        "status": 0, 
        "course": 91, 
        "created_at": "2013-06-25T22:36:38.569Z", 
        "updated_at": "2013-06-25T22:36:38.569Z", 
        "semester": 9
    }
},
{
    "pk": 556, 
    "model": "planner.courseoffering", 
    "fields": {
        "status": 0, 
        "course": 91, 
        "created_at": "2013-06-25T22:36:38.592Z", 
        "updated_at": "2013-06-25T22:36:38.592Z", 
        "semester": 11
    }
},
{
    "pk": 557, 
    "model": "planner.courseoffering", 
    "fields": {
        "status": 0, 
        "course": 103, 
        "created_at": "2013-06-25T22:36:38.622Z", 
        "updated_at": "2013-06-25T22:36:38.622Z", 
        "semester": 9
    }
},
{
    "pk": 558, 
    "model": "planner.courseoffering", 
    "fields": {
        "status": 0, 
        "course": 103, 
        "created_at": "2013-06-25T22:36:38.643Z", 
        "updated_at": "2013-06-25T22:36:38.643Z", 
        "semester": 11
    }
},
{
    "pk": 559, 
    "model": "planner.courseoffering", 
    "fields": {
        "status": 0, 
        "course": 55, 
        "created_at": "2013-06-25T22:36:38.672Z", 
        "updated_at": "2013-06-25T22:36:38.672Z", 
        "semester": 9
    }
},
{
    "pk": 560, 
    "model": "planner.courseoffering", 
    "fields": {
        "status": 0, 
        "course": 55, 
        "created_at": "2013-06-25T22:36:38.693Z", 
        "updated_at": "2013-06-25T22:36:38.693Z", 
        "semester": 11
    }
},
{
    "pk": 561, 
    "model": "planner.courseoffering", 
    "fields": {
        "status": 0, 
        "course": 52, 
        "created_at": "2013-06-25T22:36:38.723Z", 
        "updated_at": "2013-06-25T22:36:38.723Z", 
        "semester": 9
    }
},
{
    "pk": 562, 
    "model": "planner.courseoffering", 
    "fields": {
        "status": 0, 
        "course": 52, 
        "created_at": "2013-06-25T22:36:38.744Z", 
        "updated_at": "2013-06-25T22:36:38.744Z", 
        "semester": 11
    }
},
{
    "pk": 563, 
    "model": "planner.courseoffering", 
    "fields": {
        "status": 0, 
        "course": 56, 
        "created_at": "2013-06-25T22:36:38.772Z", 
        "updated_at": "2013-06-25T22:36:38.772Z", 
        "semester": 9
    }
},
{
    "pk": 564, 
    "model": "planner.courseoffering", 
    "fields": {
        "status": 0, 
        "course": 56, 
        "created_at": "2013-06-25T22:36:38.792Z", 
        "updated_at": "2013-06-25T22:36:38.792Z", 
        "semester": 11
    }
},
{
    "pk": 565, 
    "model": "planner.courseoffering", 
    "fields": {
        "status": 0, 
        "course": 57, 
        "created_at": "2013-06-25T22:36:38.821Z", 
        "updated_at": "2013-06-25T22:36:38.821Z", 
        "semester": 9
    }
},
{
    "pk": 566, 
    "model": "planner.courseoffering", 
    "fields": {
        "status": 0, 
        "course": 57, 
        "created_at": "2013-06-25T22:36:38.841Z", 
        "updated_at": "2013-06-25T22:36:38.841Z", 
        "semester": 11
    }
},
{
    "pk": 567, 
    "model": "planner.courseoffering", 
    "fields": {
        "status": 0, 
        "course": 87, 
        "created_at": "2013-06-25T22:36:38.870Z", 
        "updated_at": "2013-06-25T22:36:38.870Z", 
        "semester": 9
    }
},
{
    "pk": 568, 
    "model": "planner.courseoffering", 
    "fields": {
        "status": 0, 
        "course": 87, 
        "created_at": "2013-06-25T22:36:38.891Z", 
        "updated_at": "2013-06-25T22:36:38.891Z", 
        "semester": 11
    }
},
{
    "pk": 569, 
    "model": "planner.courseoffering", 
    "fields": {
        "status": 0, 
        "course": 88, 
        "created_at": "2013-06-25T22:36:38.920Z", 
        "updated_at": "2013-06-25T22:36:38.920Z", 
        "semester": 9
    }
},
{
    "pk": 570, 
    "model": "planner.courseoffering", 
    "fields": {
        "status": 0, 
        "course": 88, 
        "created_at": "2013-06-25T22:36:38.942Z", 
        "updated_at": "2013-06-25T22:36:38.942Z", 
        "semester": 11
    }
},
{
    "pk": 571, 
    "model": "planner.courseoffering", 
    "fields": {
        "status": 0, 
        "course": 4, 
        "created_at": "2013-06-25T22:36:38.973Z", 
        "updated_at": "2013-06-25T22:36:38.973Z", 
        "semester": 9
    }
},
{
    "pk": 572, 
    "model": "planner.courseoffering", 
    "fields": {
        "status": 0, 
        "course": 4, 
        "created_at": "2013-06-25T22:36:38.995Z", 
        "updated_at": "2013-06-25T22:36:38.995Z", 
        "semester": 11
    }
},
{
    "pk": 573, 
    "model": "planner.courseoffering", 
    "fields": {
        "status": 0, 
        "course": 5, 
        "created_at": "2013-06-25T22:36:39.023Z", 
        "updated_at": "2013-06-25T22:36:39.023Z", 
        "semester": 9
    }
},
{
    "pk": 574, 
    "model": "planner.courseoffering", 
    "fields": {
        "status": 0, 
        "course": 5, 
        "created_at": "2013-06-25T22:36:39.044Z", 
        "updated_at": "2013-06-25T22:36:39.044Z", 
        "semester": 11
    }
},
{
    "pk": 575, 
    "model": "planner.courseoffering", 
    "fields": {
        "status": 0, 
        "course": 6, 
        "created_at": "2013-06-25T22:36:39.083Z", 
        "updated_at": "2013-06-25T22:36:39.083Z", 
        "semester": 11
    }
},
{
    "pk": 576, 
    "model": "planner.courseoffering", 
    "fields": {
        "status": 0, 
        "course": 7, 
        "created_at": "2013-06-25T22:36:39.114Z", 
        "updated_at": "2013-06-25T22:36:39.114Z", 
        "semester": 9
    }
},
{
    "pk": 577, 
    "model": "planner.courseoffering", 
    "fields": {
        "status": 0, 
        "course": 8, 
        "created_at": "2013-06-25T22:36:39.144Z", 
        "updated_at": "2013-06-25T22:36:39.144Z", 
        "semester": 9
    }
},
{
    "pk": 578, 
    "model": "planner.courseoffering", 
    "fields": {
        "status": 0, 
        "course": 31, 
        "created_at": "2013-06-25T22:36:39.172Z", 
        "updated_at": "2013-06-25T22:36:39.173Z", 
        "semester": 11
    }
},
{
    "pk": 579, 
    "model": "planner.courseoffering", 
    "fields": {
        "status": 0, 
        "course": 9, 
        "created_at": "2013-06-25T22:36:39.201Z", 
        "updated_at": "2013-06-25T22:36:39.201Z", 
        "semester": 11
    }
},
{
    "pk": 580, 
    "model": "planner.courseoffering", 
    "fields": {
        "status": 0, 
        "course": 3, 
        "created_at": "2013-06-25T22:36:39.230Z", 
        "updated_at": "2013-06-25T22:36:39.230Z", 
        "semester": 9
    }
},
{
    "pk": 581, 
    "model": "planner.courseoffering", 
    "fields": {
        "status": 0, 
        "course": 10, 
        "created_at": "2013-06-25T22:36:39.259Z", 
        "updated_at": "2013-06-25T22:36:39.259Z", 
        "semester": 9
    }
},
{
    "pk": 582, 
    "model": "planner.courseoffering", 
    "fields": {
        "status": 0, 
        "course": 10, 
        "created_at": "2013-06-25T22:36:39.281Z", 
        "updated_at": "2013-06-25T22:36:39.281Z", 
        "semester": 10
    }
},
{
    "pk": 583, 
    "model": "planner.courseoffering", 
    "fields": {
        "status": 0, 
        "course": 25, 
        "created_at": "2013-06-25T22:36:39.311Z", 
        "updated_at": "2013-06-25T22:36:39.311Z", 
        "semester": 11
    }
},
{
    "pk": 584, 
    "model": "planner.courseoffering", 
    "fields": {
        "status": 0, 
        "course": 40, 
        "created_at": "2013-06-25T22:36:39.345Z", 
        "updated_at": "2013-06-25T22:36:39.345Z", 
        "semester": 9
    }
},
{
    "pk": 585, 
    "model": "planner.courseoffering", 
    "fields": {
        "status": 0, 
        "course": 26, 
        "created_at": "2013-06-25T22:36:39.375Z", 
        "updated_at": "2013-06-25T22:36:39.375Z", 
        "semester": 9
    }
},
{
    "pk": 586, 
    "model": "planner.courseoffering", 
    "fields": {
        "status": 0, 
        "course": 41, 
        "created_at": "2013-06-25T22:36:39.408Z", 
        "updated_at": "2013-06-25T22:36:39.408Z", 
        "semester": 9
    }
},
{
    "pk": 587, 
    "model": "planner.courseoffering", 
    "fields": {
        "status": 0, 
        "course": 41, 
        "created_at": "2013-06-25T22:36:39.428Z", 
        "updated_at": "2013-06-25T22:36:39.428Z", 
        "semester": 11
    }
},
{
    "pk": 588, 
    "model": "planner.courseoffering", 
    "fields": {
        "status": 0, 
        "course": 42, 
        "created_at": "2013-06-25T22:36:39.457Z", 
        "updated_at": "2013-06-25T22:36:39.457Z", 
        "semester": 9
    }
},
{
    "pk": 589, 
    "model": "planner.courseoffering", 
    "fields": {
        "status": 0, 
        "course": 42, 
        "created_at": "2013-06-25T22:36:39.477Z", 
        "updated_at": "2013-06-25T22:36:39.477Z", 
        "semester": 11
    }
},
{
    "pk": 590, 
    "model": "planner.courseoffering", 
    "fields": {
        "status": 0, 
        "course": 32, 
        "created_at": "2013-06-25T22:36:39.506Z", 
        "updated_at": "2013-06-25T22:36:39.506Z", 
        "semester": 11
    }
},
{
    "pk": 591, 
    "model": "planner.courseoffering", 
    "fields": {
        "status": 0, 
        "course": 22, 
        "created_at": "2013-06-25T22:36:39.534Z", 
        "updated_at": "2013-06-25T22:36:39.534Z", 
        "semester": 9
    }
},
{
    "pk": 592, 
    "model": "planner.courseoffering", 
    "fields": {
        "status": 0, 
        "course": 12, 
        "created_at": "2013-06-25T22:36:39.563Z", 
        "updated_at": "2013-06-25T22:36:39.563Z", 
        "semester": 11
    }
},
{
    "pk": 593, 
    "model": "planner.courseoffering", 
    "fields": {
        "status": 0, 
        "course": 23, 
        "created_at": "2013-06-25T22:36:39.591Z", 
        "updated_at": "2013-06-25T22:36:39.591Z", 
        "semester": 11
    }
},
{
    "pk": 594, 
    "model": "planner.courseoffering", 
    "fields": {
        "status": 0, 
        "course": 28, 
        "created_at": "2013-06-25T22:36:39.619Z", 
        "updated_at": "2013-06-25T22:36:39.619Z", 
        "semester": 11
    }
},
{
    "pk": 595, 
    "model": "planner.courseoffering", 
    "fields": {
        "status": 0, 
        "course": 29, 
        "created_at": "2013-06-25T22:36:39.649Z", 
        "updated_at": "2013-06-25T22:36:39.649Z", 
        "semester": 11
    }
},
{
    "pk": 596, 
    "model": "planner.courseoffering", 
    "fields": {
        "status": 0, 
        "course": 13, 
        "created_at": "2013-06-25T22:36:39.678Z", 
        "updated_at": "2013-06-25T22:36:39.678Z", 
        "semester": 9
    }
},
{
    "pk": 597, 
    "model": "planner.courseoffering", 
    "fields": {
        "status": 0, 
        "course": 24, 
        "created_at": "2013-06-25T22:36:39.706Z", 
        "updated_at": "2013-06-25T22:36:39.706Z", 
        "semester": 9
    }
},
{
    "pk": 598, 
    "model": "planner.courseoffering", 
    "fields": {
        "status": 0, 
        "course": 24, 
        "created_at": "2013-06-25T22:36:39.727Z", 
        "updated_at": "2013-06-25T22:36:39.727Z", 
        "semester": 11
    }
},
{
    "pk": 599, 
    "model": "planner.courseoffering", 
    "fields": {
        "status": 0, 
        "course": 14, 
        "created_at": "2013-06-25T22:36:39.757Z", 
        "updated_at": "2013-06-25T22:36:39.757Z", 
        "semester": 9
    }
},
{
    "pk": 600, 
    "model": "planner.courseoffering", 
    "fields": {
        "status": 0, 
        "course": 14, 
        "created_at": "2013-06-25T22:36:39.777Z", 
        "updated_at": "2013-06-25T22:36:39.777Z", 
        "semester": 10
    }
},
{
    "pk": 601, 
    "model": "planner.courseoffering", 
    "fields": {
        "status": 0, 
        "course": 14, 
        "created_at": "2013-06-25T22:36:39.799Z", 
        "updated_at": "2013-06-25T22:36:39.799Z", 
        "semester": 11
    }
},
{
    "pk": 602, 
    "model": "planner.courseoffering", 
    "fields": {
        "status": 0, 
        "course": 15, 
        "created_at": "2013-06-25T22:36:39.828Z", 
        "updated_at": "2013-06-25T22:36:39.828Z", 
        "semester": 9
    }
},
{
    "pk": 603, 
    "model": "planner.courseoffering", 
    "fields": {
        "status": 0, 
        "course": 15, 
        "created_at": "2013-06-25T22:36:39.848Z", 
        "updated_at": "2013-06-25T22:36:39.848Z", 
        "semester": 10
    }
},
{
    "pk": 604, 
    "model": "planner.courseoffering", 
    "fields": {
        "status": 0, 
        "course": 15, 
        "created_at": "2013-06-25T22:36:39.869Z", 
        "updated_at": "2013-06-25T22:36:39.869Z", 
        "semester": 11
    }
},
{
    "pk": 605, 
    "model": "planner.courseoffering", 
    "fields": {
        "status": 0, 
        "course": 43, 
        "created_at": "2013-06-25T22:36:39.899Z", 
        "updated_at": "2013-06-25T22:36:39.899Z", 
        "semester": 9
    }
},
{
    "pk": 606, 
    "model": "planner.courseoffering", 
    "fields": {
        "status": 0, 
        "course": 43, 
        "created_at": "2013-06-25T22:36:39.921Z", 
        "updated_at": "2013-06-25T22:36:39.921Z", 
        "semester": 11
    }
},
{
    "pk": 607, 
    "model": "planner.courseoffering", 
    "fields": {
        "status": 0, 
        "course": 44, 
        "created_at": "2013-06-25T22:36:39.951Z", 
        "updated_at": "2013-06-25T22:36:39.951Z", 
        "semester": 9
    }
},
{
    "pk": 608, 
    "model": "planner.courseoffering", 
    "fields": {
        "status": 0, 
        "course": 44, 
        "created_at": "2013-06-25T22:36:39.976Z", 
        "updated_at": "2013-06-25T22:36:39.976Z", 
        "semester": 11
    }
},
{
    "pk": 609, 
    "model": "planner.courseoffering", 
    "fields": {
        "status": 0, 
        "course": 16, 
        "created_at": "2013-06-25T22:36:40.004Z", 
        "updated_at": "2013-06-25T22:36:40.004Z", 
        "semester": 10
    }
},
{
    "pk": 610, 
    "model": "planner.courseoffering", 
    "fields": {
        "status": 0, 
        "course": 104, 
        "created_at": "2013-06-25T22:36:40.036Z", 
        "updated_at": "2013-06-25T22:36:40.036Z", 
        "semester": 9
    }
},
{
    "pk": 611, 
    "model": "planner.courseoffering", 
    "fields": {
        "status": 0, 
        "course": 104, 
        "created_at": "2013-06-25T22:36:40.057Z", 
        "updated_at": "2013-06-25T22:36:40.057Z", 
        "semester": 11
    }
},
{
    "pk": 612, 
    "model": "planner.courseoffering", 
    "fields": {
        "status": 0, 
        "course": 107, 
        "created_at": "2013-06-25T22:36:40.100Z", 
        "updated_at": "2013-06-25T22:36:40.100Z", 
        "semester": 9
    }
},
{
    "pk": 613, 
    "model": "planner.courseoffering", 
    "fields": {
        "status": 0, 
        "course": 107, 
        "created_at": "2013-06-25T22:36:40.120Z", 
        "updated_at": "2013-06-25T22:36:40.120Z", 
        "semester": 11
    }
},
{
    "pk": 614, 
    "model": "planner.courseoffering", 
    "fields": {
        "status": 0, 
        "course": 89, 
        "created_at": "2013-06-25T22:36:40.150Z", 
        "updated_at": "2013-06-25T22:36:40.150Z", 
        "semester": 9
    }
},
{
    "pk": 615, 
    "model": "planner.courseoffering", 
    "fields": {
        "status": 0, 
        "course": 89, 
        "created_at": "2013-06-25T22:36:40.170Z", 
        "updated_at": "2013-06-25T22:36:40.170Z", 
        "semester": 11
    }
},
{
    "pk": 616, 
    "model": "planner.courseoffering", 
    "fields": {
        "status": 0, 
        "course": 100, 
        "created_at": "2013-06-25T22:36:40.203Z", 
        "updated_at": "2013-06-25T22:36:40.203Z", 
        "semester": 9
    }
},
{
    "pk": 617, 
    "model": "planner.courseoffering", 
    "fields": {
        "status": 0, 
        "course": 100, 
        "created_at": "2013-06-25T22:36:40.224Z", 
        "updated_at": "2013-06-25T22:36:40.224Z", 
        "semester": 10
    }
},
{
    "pk": 618, 
    "model": "planner.courseoffering", 
    "fields": {
        "status": 0, 
        "course": 100, 
        "created_at": "2013-06-25T22:36:40.245Z", 
        "updated_at": "2013-06-25T22:36:40.245Z", 
        "semester": 11
    }
},
{
    "pk": 619, 
    "model": "planner.courseoffering", 
    "fields": {
        "status": 0, 
        "course": 101, 
        "created_at": "2013-06-25T22:36:40.275Z", 
        "updated_at": "2013-06-25T22:36:40.275Z", 
        "semester": 9
    }
},
{
    "pk": 620, 
    "model": "planner.courseoffering", 
    "fields": {
        "status": 0, 
        "course": 101, 
        "created_at": "2013-06-25T22:36:40.296Z", 
        "updated_at": "2013-06-25T22:36:40.296Z", 
        "semester": 11
    }
},
{
    "pk": 621, 
    "model": "planner.courseoffering", 
    "fields": {
        "status": 0, 
        "course": 102, 
        "created_at": "2013-06-25T22:36:40.326Z", 
        "updated_at": "2013-06-25T22:36:40.327Z", 
        "semester": 9
    }
},
{
    "pk": 622, 
    "model": "planner.courseoffering", 
    "fields": {
        "status": 0, 
        "course": 102, 
        "created_at": "2013-06-25T22:36:40.348Z", 
        "updated_at": "2013-06-25T22:36:40.348Z", 
        "semester": 11
    }
},
{
    "pk": 623, 
    "model": "planner.courseoffering", 
    "fields": {
        "status": 0, 
        "course": 62, 
        "created_at": "2013-06-25T22:36:40.389Z", 
        "updated_at": "2013-06-25T22:36:40.389Z", 
        "semester": 9
    }
},
{
    "pk": 624, 
    "model": "planner.courseoffering", 
    "fields": {
        "status": 0, 
        "course": 62, 
        "created_at": "2013-06-25T22:36:40.411Z", 
        "updated_at": "2013-06-25T22:36:40.411Z", 
        "semester": 11
    }
},
{
    "pk": 625, 
    "model": "planner.courseoffering", 
    "fields": {
        "status": 0, 
        "course": 61, 
        "created_at": "2013-06-25T22:36:40.440Z", 
        "updated_at": "2013-06-25T22:36:40.440Z", 
        "semester": 9
    }
},
{
    "pk": 626, 
    "model": "planner.courseoffering", 
    "fields": {
        "status": 0, 
        "course": 61, 
        "created_at": "2013-06-25T22:36:40.460Z", 
        "updated_at": "2013-06-25T22:36:40.461Z", 
        "semester": 11
    }
},
{
    "pk": 627, 
    "model": "planner.courseoffering", 
    "fields": {
        "status": 0, 
        "course": 53, 
        "created_at": "2013-06-25T22:36:40.490Z", 
        "updated_at": "2013-06-25T22:36:40.490Z", 
        "semester": 9
    }
},
{
    "pk": 628, 
    "model": "planner.courseoffering", 
    "fields": {
        "status": 0, 
        "course": 53, 
        "created_at": "2013-06-25T22:36:40.510Z", 
        "updated_at": "2013-06-25T22:36:40.511Z", 
        "semester": 11
    }
},
{
    "pk": 629, 
    "model": "planner.courseoffering", 
    "fields": {
        "status": 0, 
        "course": 54, 
        "created_at": "2013-06-25T22:36:40.539Z", 
        "updated_at": "2013-06-25T22:36:40.539Z", 
        "semester": 9
    }
},
{
    "pk": 630, 
    "model": "planner.courseoffering", 
    "fields": {
        "status": 0, 
        "course": 54, 
        "created_at": "2013-06-25T22:36:40.560Z", 
        "updated_at": "2013-06-25T22:36:40.560Z", 
        "semester": 11
    }
},
{
    "pk": 631, 
    "model": "planner.courseoffering", 
    "fields": {
        "status": 0, 
        "course": 63, 
        "created_at": "2013-06-25T22:36:40.588Z", 
        "updated_at": "2013-06-25T22:36:40.588Z", 
        "semester": 9
    }
},
{
    "pk": 632, 
    "model": "planner.courseoffering", 
    "fields": {
        "status": 0, 
        "course": 63, 
        "created_at": "2013-06-25T22:36:40.610Z", 
        "updated_at": "2013-06-25T22:36:40.610Z", 
        "semester": 11
    }
},
{
    "pk": 633, 
    "model": "planner.courseoffering", 
    "fields": {
        "status": 0, 
        "course": 64, 
        "created_at": "2013-06-25T22:36:40.639Z", 
        "updated_at": "2013-06-25T22:36:40.640Z", 
        "semester": 9
    }
},
{
    "pk": 634, 
    "model": "planner.courseoffering", 
    "fields": {
        "status": 0, 
        "course": 64, 
        "created_at": "2013-06-25T22:36:40.661Z", 
        "updated_at": "2013-06-25T22:36:40.661Z", 
        "semester": 11
    }
},
{
    "pk": 635, 
    "model": "planner.courseoffering", 
    "fields": {
        "status": 0, 
        "course": 122, 
        "created_at": "2013-06-25T22:36:40.690Z", 
        "updated_at": "2013-06-25T22:36:40.691Z", 
        "semester": 9
    }
},
{
    "pk": 636, 
    "model": "planner.courseoffering", 
    "fields": {
        "status": 0, 
        "course": 122, 
        "created_at": "2013-06-25T22:36:40.713Z", 
        "updated_at": "2013-06-25T22:36:40.713Z", 
        "semester": 11
    }
},
{
    "pk": 637, 
    "model": "planner.courseoffering", 
    "fields": {
        "status": 0, 
        "course": 108, 
        "created_at": "2013-06-25T22:36:40.742Z", 
        "updated_at": "2013-06-25T22:36:40.743Z", 
        "semester": 9
    }
},
{
    "pk": 638, 
    "model": "planner.courseoffering", 
    "fields": {
        "status": 0, 
        "course": 108, 
        "created_at": "2013-06-25T22:36:40.764Z", 
        "updated_at": "2013-06-25T22:36:40.764Z", 
        "semester": 11
    }
},
{
    "pk": 639, 
    "model": "planner.courseoffering", 
    "fields": {
        "status": 0, 
        "course": 65, 
        "created_at": "2013-06-25T22:36:40.793Z", 
        "updated_at": "2013-06-25T22:36:40.794Z", 
        "semester": 9
    }
},
{
    "pk": 640, 
    "model": "planner.courseoffering", 
    "fields": {
        "status": 0, 
        "course": 65, 
        "created_at": "2013-06-25T22:36:40.813Z", 
        "updated_at": "2013-06-25T22:36:40.813Z", 
        "semester": 11
    }
},
{
    "pk": 641, 
    "model": "planner.courseoffering", 
    "fields": {
        "status": 0, 
        "course": 123, 
        "created_at": "2013-06-25T22:36:40.843Z", 
        "updated_at": "2013-06-25T22:36:40.843Z", 
        "semester": 9
    }
},
{
    "pk": 642, 
    "model": "planner.courseoffering", 
    "fields": {
        "status": 0, 
        "course": 123, 
        "created_at": "2013-06-25T22:36:40.864Z", 
        "updated_at": "2013-06-25T22:36:40.864Z", 
        "semester": 11
    }
},
{
    "pk": 643, 
    "model": "planner.courseoffering", 
    "fields": {
        "status": 0, 
        "course": 124, 
        "created_at": "2013-06-25T22:36:40.893Z", 
        "updated_at": "2013-06-25T22:36:40.893Z", 
        "semester": 9
    }
},
{
    "pk": 644, 
    "model": "planner.courseoffering", 
    "fields": {
        "status": 0, 
        "course": 124, 
        "created_at": "2013-06-25T22:36:40.917Z", 
        "updated_at": "2013-06-25T22:36:40.917Z", 
        "semester": 11
    }
},
{
    "pk": 645, 
    "model": "planner.courseoffering", 
    "fields": {
        "status": 0, 
        "course": 125, 
        "created_at": "2013-06-25T22:36:40.948Z", 
        "updated_at": "2013-06-25T22:36:40.948Z", 
        "semester": 9
    }
},
{
    "pk": 646, 
    "model": "planner.courseoffering", 
    "fields": {
        "status": 0, 
        "course": 125, 
        "created_at": "2013-06-25T22:36:40.969Z", 
        "updated_at": "2013-06-25T22:36:40.969Z", 
        "semester": 11
    }
},
{
    "pk": 647, 
    "model": "planner.courseoffering", 
    "fields": {
        "status": 0, 
        "course": 126, 
        "created_at": "2013-06-25T22:36:40.999Z", 
        "updated_at": "2013-06-25T22:36:40.999Z", 
        "semester": 9
    }
},
{
    "pk": 648, 
    "model": "planner.courseoffering", 
    "fields": {
        "status": 0, 
        "course": 126, 
        "created_at": "2013-06-25T22:36:41.019Z", 
        "updated_at": "2013-06-25T22:36:41.019Z", 
        "semester": 11
    }
},
{
    "pk": 649, 
    "model": "planner.courseoffering", 
    "fields": {
        "status": 0, 
        "course": 83, 
        "created_at": "2013-06-25T22:36:41.048Z", 
        "updated_at": "2013-06-25T22:36:41.048Z", 
        "semester": 9
    }
},
{
    "pk": 650, 
    "model": "planner.courseoffering", 
    "fields": {
        "status": 0, 
        "course": 83, 
        "created_at": "2013-06-25T22:36:41.068Z", 
        "updated_at": "2013-06-25T22:36:41.069Z", 
        "semester": 10
    }
},
{
    "pk": 651, 
    "model": "planner.courseoffering", 
    "fields": {
        "status": 0, 
        "course": 83, 
        "created_at": "2013-06-25T22:36:41.092Z", 
        "updated_at": "2013-06-25T22:36:41.092Z", 
        "semester": 11
    }
},
{
    "pk": 652, 
    "model": "planner.courseoffering", 
    "fields": {
        "status": 0, 
        "course": 85, 
        "created_at": "2013-06-25T22:36:41.125Z", 
        "updated_at": "2013-06-25T22:36:41.125Z", 
        "semester": 9
    }
},
{
    "pk": 653, 
    "model": "planner.courseoffering", 
    "fields": {
        "status": 0, 
        "course": 85, 
        "created_at": "2013-06-25T22:36:41.145Z", 
        "updated_at": "2013-06-25T22:36:41.145Z", 
        "semester": 10
    }
},
{
    "pk": 654, 
    "model": "planner.courseoffering", 
    "fields": {
        "status": 0, 
        "course": 85, 
        "created_at": "2013-06-25T22:36:41.167Z", 
        "updated_at": "2013-06-25T22:36:41.167Z", 
        "semester": 11
    }
},
{
    "pk": 655, 
    "model": "planner.courseoffering", 
    "fields": {
        "status": 0, 
        "course": 84, 
        "created_at": "2013-06-25T22:36:41.197Z", 
        "updated_at": "2013-06-25T22:36:41.197Z", 
        "semester": 9
    }
},
{
    "pk": 656, 
    "model": "planner.courseoffering", 
    "fields": {
        "status": 0, 
        "course": 84, 
        "created_at": "2013-06-25T22:36:41.218Z", 
        "updated_at": "2013-06-25T22:36:41.218Z", 
        "semester": 10
    }
},
{
    "pk": 657, 
    "model": "planner.courseoffering", 
    "fields": {
        "status": 0, 
        "course": 84, 
        "created_at": "2013-06-25T22:36:41.239Z", 
        "updated_at": "2013-06-25T22:36:41.239Z", 
        "semester": 11
    }
},
{
    "pk": 658, 
    "model": "planner.courseoffering", 
    "fields": {
        "status": 0, 
        "course": 67, 
        "created_at": "2013-06-25T22:36:41.268Z", 
        "updated_at": "2013-06-25T22:36:41.268Z", 
        "semester": 9
    }
},
{
    "pk": 659, 
    "model": "planner.courseoffering", 
    "fields": {
        "status": 0, 
        "course": 67, 
        "created_at": "2013-06-25T22:36:41.289Z", 
        "updated_at": "2013-06-25T22:36:41.289Z", 
        "semester": 10
    }
},
{
    "pk": 660, 
    "model": "planner.courseoffering", 
    "fields": {
        "status": 0, 
        "course": 67, 
        "created_at": "2013-06-25T22:36:41.311Z", 
        "updated_at": "2013-06-25T22:36:41.311Z", 
        "semester": 11
    }
},
{
    "pk": 661, 
    "model": "planner.courseoffering", 
    "fields": {
        "status": 0, 
        "course": 68, 
        "created_at": "2013-06-25T22:36:41.341Z", 
        "updated_at": "2013-06-25T22:36:41.341Z", 
        "semester": 9
    }
},
{
    "pk": 662, 
    "model": "planner.courseoffering", 
    "fields": {
        "status": 0, 
        "course": 127, 
        "created_at": "2013-06-25T22:36:41.371Z", 
        "updated_at": "2013-06-25T22:36:41.371Z", 
        "semester": 9
    }
},
{
    "pk": 663, 
    "model": "planner.courseoffering", 
    "fields": {
        "status": 0, 
        "course": 127, 
        "created_at": "2013-06-25T22:36:41.393Z", 
        "updated_at": "2013-06-25T22:36:41.393Z", 
        "semester": 11
    }
},
{
    "pk": 664, 
    "model": "planner.courseoffering", 
    "fields": {
        "status": 0, 
        "course": 73, 
        "created_at": "2013-06-25T22:36:41.422Z", 
        "updated_at": "2013-06-25T22:36:41.422Z", 
        "semester": 9
    }
},
{
    "pk": 665, 
    "model": "planner.courseoffering", 
    "fields": {
        "status": 0, 
        "course": 73, 
        "created_at": "2013-06-25T22:36:41.443Z", 
        "updated_at": "2013-06-25T22:36:41.443Z", 
        "semester": 10
    }
},
{
    "pk": 666, 
    "model": "planner.courseoffering", 
    "fields": {
        "status": 0, 
        "course": 73, 
        "created_at": "2013-06-25T22:36:41.465Z", 
        "updated_at": "2013-06-25T22:36:41.465Z", 
        "semester": 11
    }
},
{
    "pk": 667, 
    "model": "planner.courseoffering", 
    "fields": {
        "status": 0, 
        "course": 92, 
        "created_at": "2013-06-25T22:36:41.495Z", 
        "updated_at": "2013-06-25T22:36:41.495Z", 
        "semester": 9
    }
},
{
    "pk": 668, 
    "model": "planner.courseoffering", 
    "fields": {
        "status": 0, 
        "course": 92, 
        "created_at": "2013-06-25T22:36:41.516Z", 
        "updated_at": "2013-06-25T22:36:41.516Z", 
        "semester": 11
    }
},
{
    "pk": 669, 
    "model": "planner.courseoffering", 
    "fields": {
        "status": 0, 
        "course": 93, 
        "created_at": "2013-06-25T22:36:41.545Z", 
        "updated_at": "2013-06-25T22:36:41.545Z", 
        "semester": 9
    }
},
{
    "pk": 670, 
    "model": "planner.courseoffering", 
    "fields": {
        "status": 0, 
        "course": 93, 
        "created_at": "2013-06-25T22:36:41.567Z", 
        "updated_at": "2013-06-25T22:36:41.567Z", 
        "semester": 11
    }
},
{
    "pk": 671, 
    "model": "planner.courseoffering", 
    "fields": {
        "status": 0, 
        "course": 94, 
        "created_at": "2013-06-25T22:36:41.597Z", 
        "updated_at": "2013-06-25T22:36:41.597Z", 
        "semester": 9
    }
},
{
    "pk": 672, 
    "model": "planner.courseoffering", 
    "fields": {
        "status": 0, 
        "course": 94, 
        "created_at": "2013-06-25T22:36:41.618Z", 
        "updated_at": "2013-06-25T22:36:41.618Z", 
        "semester": 11
    }
},
{
    "pk": 673, 
    "model": "planner.courseoffering", 
    "fields": {
        "status": 0, 
        "course": 95, 
        "created_at": "2013-06-25T22:36:41.647Z", 
        "updated_at": "2013-06-25T22:36:41.647Z", 
        "semester": 9
    }
},
{
    "pk": 674, 
    "model": "planner.courseoffering", 
    "fields": {
        "status": 0, 
        "course": 95, 
        "created_at": "2013-06-25T22:36:41.668Z", 
        "updated_at": "2013-06-25T22:36:41.668Z", 
        "semester": 11
    }
},
{
    "pk": 675, 
    "model": "planner.courseoffering", 
    "fields": {
        "status": 0, 
        "course": 17, 
        "created_at": "2013-06-25T22:36:41.696Z", 
        "updated_at": "2013-06-25T22:36:41.696Z", 
        "semester": 9
    }
},
{
    "pk": 676, 
    "model": "planner.courseoffering", 
    "fields": {
        "status": 0, 
        "course": 17, 
        "created_at": "2013-06-25T22:36:41.718Z", 
        "updated_at": "2013-06-25T22:36:41.718Z", 
        "semester": 11
    }
},
{
    "pk": 677, 
    "model": "planner.courseoffering", 
    "fields": {
        "status": 0, 
        "course": 96, 
        "created_at": "2013-06-25T22:36:41.746Z", 
        "updated_at": "2013-06-25T22:36:41.746Z", 
        "semester": 9
    }
},
{
    "pk": 678, 
    "model": "planner.courseoffering", 
    "fields": {
        "status": 0, 
        "course": 96, 
        "created_at": "2013-06-25T22:36:41.767Z", 
        "updated_at": "2013-06-25T22:36:41.767Z", 
        "semester": 11
    }
},
{
    "pk": 679, 
    "model": "planner.courseoffering", 
    "fields": {
        "status": 0, 
        "course": 97, 
        "created_at": "2013-06-25T22:36:41.796Z", 
        "updated_at": "2013-06-25T22:36:41.796Z", 
        "semester": 9
    }
},
{
    "pk": 680, 
    "model": "planner.courseoffering", 
    "fields": {
        "status": 0, 
        "course": 97, 
        "created_at": "2013-06-25T22:36:41.819Z", 
        "updated_at": "2013-06-25T22:36:41.819Z", 
        "semester": 11
    }
},
{
    "pk": 681, 
    "model": "planner.courseoffering", 
    "fields": {
        "status": 0, 
        "course": 18, 
        "created_at": "2013-06-25T22:36:41.847Z", 
        "updated_at": "2013-06-25T22:36:41.848Z", 
        "semester": 9
    }
},
{
    "pk": 682, 
    "model": "planner.courseoffering", 
    "fields": {
        "status": 0, 
        "course": 98, 
        "created_at": "2013-06-25T22:36:41.876Z", 
        "updated_at": "2013-06-25T22:36:41.876Z", 
        "semester": 9
    }
},
{
    "pk": 683, 
    "model": "planner.courseoffering", 
    "fields": {
        "status": 0, 
        "course": 98, 
        "created_at": "2013-06-25T22:36:41.897Z", 
        "updated_at": "2013-06-25T22:36:41.898Z", 
        "semester": 11
    }
},
{
    "pk": 684, 
    "model": "planner.courseoffering", 
    "fields": {
        "status": 0, 
        "course": 35, 
        "created_at": "2013-06-25T22:36:41.928Z", 
        "updated_at": "2013-06-25T22:36:41.928Z", 
        "semester": 9
    }
},
{
    "pk": 685, 
    "model": "planner.courseoffering", 
    "fields": {
        "status": 0, 
        "course": 35, 
        "created_at": "2013-06-25T22:36:41.948Z", 
        "updated_at": "2013-06-25T22:36:41.949Z", 
        "semester": 11
    }
},
{
    "pk": 686, 
    "model": "planner.courseoffering", 
    "fields": {
        "status": 0, 
        "course": 36, 
        "created_at": "2013-06-25T22:36:41.978Z", 
        "updated_at": "2013-06-25T22:36:41.978Z", 
        "semester": 9
    }
},
{
    "pk": 687, 
    "model": "planner.courseoffering", 
    "fields": {
        "status": 0, 
        "course": 36, 
        "created_at": "2013-06-25T22:36:41.999Z", 
        "updated_at": "2013-06-25T22:36:41.999Z", 
        "semester": 11
    }
},
{
    "pk": 688, 
    "model": "planner.courseoffering", 
    "fields": {
        "status": 0, 
        "course": 37, 
        "created_at": "2013-06-25T22:36:42.030Z", 
        "updated_at": "2013-06-25T22:36:42.030Z", 
        "semester": 9
    }
},
{
    "pk": 689, 
    "model": "planner.courseoffering", 
    "fields": {
        "status": 0, 
        "course": 37, 
        "created_at": "2013-06-25T22:36:42.051Z", 
        "updated_at": "2013-06-25T22:36:42.052Z", 
        "semester": 11
    }
},
{
    "pk": 690, 
    "model": "planner.courseoffering", 
    "fields": {
        "status": 0, 
        "course": 38, 
        "created_at": "2013-06-25T22:36:42.082Z", 
        "updated_at": "2013-06-25T22:36:42.083Z", 
        "semester": 9
    }
},
{
    "pk": 691, 
    "model": "planner.courseoffering", 
    "fields": {
        "status": 0, 
        "course": 38, 
        "created_at": "2013-06-25T22:36:42.104Z", 
        "updated_at": "2013-06-25T22:36:42.104Z", 
        "semester": 11
    }
},
{
    "pk": 692, 
    "model": "planner.courseoffering", 
    "fields": {
        "status": 0, 
        "course": 39, 
        "created_at": "2013-06-25T22:36:42.141Z", 
        "updated_at": "2013-06-25T22:36:42.142Z", 
        "semester": 9
    }
},
{
    "pk": 693, 
    "model": "planner.courseoffering", 
    "fields": {
        "status": 0, 
        "course": 39, 
        "created_at": "2013-06-25T22:36:42.168Z", 
        "updated_at": "2013-06-25T22:36:42.168Z", 
        "semester": 11
    }
},
{
    "pk": 694, 
    "model": "planner.courseoffering", 
    "fields": {
        "status": 0, 
        "course": 21, 
        "created_at": "2013-06-25T22:36:42.204Z", 
        "updated_at": "2013-06-25T22:36:42.204Z", 
        "semester": 11
    }
},
{
    "pk": 695, 
    "model": "planner.courseoffering", 
    "fields": {
        "status": 0, 
        "course": 86, 
        "created_at": "2013-06-25T22:36:42.233Z", 
        "updated_at": "2013-06-25T22:36:42.233Z", 
        "semester": 9
    }
},
{
    "pk": 696, 
    "model": "planner.courseoffering", 
    "fields": {
        "status": 0, 
        "course": 86, 
        "created_at": "2013-06-25T22:36:42.255Z", 
        "updated_at": "2013-06-25T22:36:42.255Z", 
        "semester": 10
    }
},
{
    "pk": 697, 
    "model": "planner.courseoffering", 
    "fields": {
        "status": 0, 
        "course": 86, 
        "created_at": "2013-06-25T22:36:42.278Z", 
        "updated_at": "2013-06-25T22:36:42.278Z", 
        "semester": 11
    }
},
{
    "pk": 698, 
    "model": "planner.courseoffering", 
    "fields": {
        "status": 0, 
        "course": 72, 
        "created_at": "2013-06-25T22:36:42.307Z", 
        "updated_at": "2013-06-25T22:36:42.307Z", 
        "semester": 9
    }
},
{
    "pk": 699, 
    "model": "planner.courseoffering", 
    "fields": {
        "status": 0, 
        "course": 72, 
        "created_at": "2013-06-25T22:36:42.329Z", 
        "updated_at": "2013-06-25T22:36:42.329Z", 
        "semester": 10
    }
},
{
    "pk": 700, 
    "model": "planner.courseoffering", 
    "fields": {
        "status": 0, 
        "course": 72, 
        "created_at": "2013-06-25T22:36:42.351Z", 
        "updated_at": "2013-06-25T22:36:42.351Z", 
        "semester": 11
    }
},
{
    "pk": 701, 
    "model": "planner.courseoffering", 
    "fields": {
        "status": 0, 
        "course": 74, 
        "created_at": "2013-06-25T22:36:42.381Z", 
        "updated_at": "2013-06-25T22:36:42.381Z", 
        "semester": 9
    }
},
{
    "pk": 702, 
    "model": "planner.courseoffering", 
    "fields": {
        "status": 0, 
        "course": 74, 
        "created_at": "2013-06-25T22:36:42.404Z", 
        "updated_at": "2013-06-25T22:36:42.404Z", 
        "semester": 11
    }
},
{
    "pk": 703, 
    "model": "planner.courseoffering", 
    "fields": {
        "status": 0, 
        "course": 75, 
        "created_at": "2013-06-25T22:36:42.434Z", 
        "updated_at": "2013-06-25T22:36:42.434Z", 
        "semester": 9
    }
},
{
    "pk": 704, 
    "model": "planner.courseoffering", 
    "fields": {
        "status": 0, 
        "course": 75, 
        "created_at": "2013-06-25T22:36:42.455Z", 
        "updated_at": "2013-06-25T22:36:42.456Z", 
        "semester": 10
    }
},
{
    "pk": 705, 
    "model": "planner.courseoffering", 
    "fields": {
        "status": 0, 
        "course": 75, 
        "created_at": "2013-06-25T22:36:42.477Z", 
        "updated_at": "2013-06-25T22:36:42.477Z", 
        "semester": 11
    }
},
{
    "pk": 706, 
    "model": "planner.courseoffering", 
    "fields": {
        "status": 0, 
        "course": 76, 
        "created_at": "2013-06-25T22:36:42.507Z", 
        "updated_at": "2013-06-25T22:36:42.507Z", 
        "semester": 9
    }
},
{
    "pk": 707, 
    "model": "planner.courseoffering", 
    "fields": {
        "status": 0, 
        "course": 76, 
        "created_at": "2013-06-25T22:36:42.529Z", 
        "updated_at": "2013-06-25T22:36:42.529Z", 
        "semester": 10
    }
},
{
    "pk": 708, 
    "model": "planner.courseoffering", 
    "fields": {
        "status": 0, 
        "course": 76, 
        "created_at": "2013-06-25T22:36:42.550Z", 
        "updated_at": "2013-06-25T22:36:42.550Z", 
        "semester": 11
    }
},
{
    "pk": 709, 
    "model": "planner.courseoffering", 
    "fields": {
        "status": 0, 
        "course": 77, 
        "created_at": "2013-06-25T22:36:42.580Z", 
        "updated_at": "2013-06-25T22:36:42.580Z", 
        "semester": 9
    }
},
{
    "pk": 710, 
    "model": "planner.courseoffering", 
    "fields": {
        "status": 0, 
        "course": 77, 
        "created_at": "2013-06-25T22:36:42.601Z", 
        "updated_at": "2013-06-25T22:36:42.601Z", 
        "semester": 10
    }
},
{
    "pk": 711, 
    "model": "planner.courseoffering", 
    "fields": {
        "status": 0, 
        "course": 77, 
        "created_at": "2013-06-25T22:36:42.623Z", 
        "updated_at": "2013-06-25T22:36:42.623Z", 
        "semester": 11
    }
},
{
    "pk": 712, 
    "model": "planner.courseoffering", 
    "fields": {
        "status": 0, 
        "course": 78, 
        "created_at": "2013-06-25T22:36:42.652Z", 
        "updated_at": "2013-06-25T22:36:42.652Z", 
        "semester": 9
    }
},
{
    "pk": 713, 
    "model": "planner.courseoffering", 
    "fields": {
        "status": 0, 
        "course": 78, 
        "created_at": "2013-06-25T22:36:42.674Z", 
        "updated_at": "2013-06-25T22:36:42.674Z", 
        "semester": 10
    }
},
{
    "pk": 714, 
    "model": "planner.courseoffering", 
    "fields": {
        "status": 0, 
        "course": 78, 
        "created_at": "2013-06-25T22:36:42.695Z", 
        "updated_at": "2013-06-25T22:36:42.695Z", 
        "semester": 11
    }
},
{
    "pk": 715, 
    "model": "planner.courseoffering", 
    "fields": {
        "status": 0, 
        "course": 79, 
        "created_at": "2013-06-25T22:36:42.725Z", 
        "updated_at": "2013-06-25T22:36:42.725Z", 
        "semester": 9
    }
},
{
    "pk": 716, 
    "model": "planner.courseoffering", 
    "fields": {
        "status": 0, 
        "course": 79, 
        "created_at": "2013-06-25T22:36:42.745Z", 
        "updated_at": "2013-06-25T22:36:42.745Z", 
        "semester": 10
    }
},
{
    "pk": 717, 
    "model": "planner.courseoffering", 
    "fields": {
        "status": 0, 
        "course": 79, 
        "created_at": "2013-06-25T22:36:42.766Z", 
        "updated_at": "2013-06-25T22:36:42.766Z", 
        "semester": 11
    }
},
{
    "pk": 718, 
    "model": "planner.courseoffering", 
    "fields": {
        "status": 0, 
        "course": 80, 
        "created_at": "2013-06-25T22:36:42.796Z", 
        "updated_at": "2013-06-25T22:36:42.796Z", 
        "semester": 9
    }
},
{
    "pk": 719, 
    "model": "planner.courseoffering", 
    "fields": {
        "status": 0, 
        "course": 80, 
        "created_at": "2013-06-25T22:36:42.818Z", 
        "updated_at": "2013-06-25T22:36:42.818Z", 
        "semester": 10
    }
},
{
    "pk": 720, 
    "model": "planner.courseoffering", 
    "fields": {
        "status": 0, 
        "course": 80, 
        "created_at": "2013-06-25T22:36:42.839Z", 
        "updated_at": "2013-06-25T22:36:42.839Z", 
        "semester": 11
    }
},
{
    "pk": 721, 
    "model": "planner.courseoffering", 
    "fields": {
        "status": 0, 
        "course": 81, 
        "created_at": "2013-06-25T22:36:42.870Z", 
        "updated_at": "2013-06-25T22:36:42.870Z", 
        "semester": 9
    }
},
{
    "pk": 722, 
    "model": "planner.courseoffering", 
    "fields": {
        "status": 0, 
        "course": 81, 
        "created_at": "2013-06-25T22:36:42.894Z", 
        "updated_at": "2013-06-25T22:36:42.894Z", 
        "semester": 10
    }
},
{
    "pk": 723, 
    "model": "planner.courseoffering", 
    "fields": {
        "status": 0, 
        "course": 81, 
        "created_at": "2013-06-25T22:36:42.917Z", 
        "updated_at": "2013-06-25T22:36:42.917Z", 
        "semester": 11
    }
},
{
    "pk": 724, 
    "model": "planner.courseoffering", 
    "fields": {
        "status": 0, 
        "course": 82, 
        "created_at": "2013-06-25T22:36:42.947Z", 
        "updated_at": "2013-06-25T22:36:42.947Z", 
        "semester": 9
    }
},
{
    "pk": 725, 
    "model": "planner.courseoffering", 
    "fields": {
        "status": 0, 
        "course": 82, 
        "created_at": "2013-06-25T22:36:42.969Z", 
        "updated_at": "2013-06-25T22:36:42.969Z", 
        "semester": 10
    }
},
{
    "pk": 726, 
    "model": "planner.courseoffering", 
    "fields": {
        "status": 0, 
        "course": 82, 
        "created_at": "2013-06-25T22:36:42.990Z", 
        "updated_at": "2013-06-25T22:36:42.990Z", 
        "semester": 11
    }
},
{
    "pk": 727, 
    "model": "planner.courseoffering", 
    "fields": {
        "status": 0, 
        "course": 109, 
        "created_at": "2013-06-25T22:36:43.020Z", 
        "updated_at": "2013-06-25T22:36:43.020Z", 
        "semester": 9
    }
},
{
    "pk": 728, 
    "model": "planner.courseoffering", 
    "fields": {
        "status": 0, 
        "course": 109, 
        "created_at": "2013-06-25T22:36:43.043Z", 
        "updated_at": "2013-06-25T22:36:43.043Z", 
        "semester": 11
    }
},
{
    "pk": 729, 
    "model": "planner.courseoffering", 
    "fields": {
        "status": 0, 
        "course": 58, 
        "created_at": "2013-06-25T22:36:43.074Z", 
        "updated_at": "2013-06-25T22:36:43.074Z", 
        "semester": 9
    }
},
{
    "pk": 730, 
    "model": "planner.courseoffering", 
    "fields": {
        "status": 0, 
        "course": 58, 
        "created_at": "2013-06-25T22:36:43.096Z", 
        "updated_at": "2013-06-25T22:36:43.096Z", 
        "semester": 11
    }
},
{
    "pk": 731, 
    "model": "planner.courseoffering", 
    "fields": {
        "status": 0, 
        "course": 66, 
        "created_at": "2013-06-25T22:36:43.129Z", 
        "updated_at": "2013-06-25T22:36:43.129Z", 
        "semester": 9
    }
},
{
    "pk": 732, 
    "model": "planner.courseoffering", 
    "fields": {
        "status": 0, 
        "course": 66, 
        "created_at": "2013-06-25T22:36:43.157Z", 
        "updated_at": "2013-06-25T22:36:43.157Z", 
        "semester": 11
    }
},
{
    "pk": 733, 
    "model": "planner.courseoffering", 
    "fields": {
        "status": 0, 
        "course": 59, 
        "created_at": "2013-06-25T22:36:43.186Z", 
        "updated_at": "2013-06-25T22:36:43.186Z", 
        "semester": 9
    }
},
{
    "pk": 734, 
    "model": "planner.courseoffering", 
    "fields": {
        "status": 0, 
        "course": 59, 
        "created_at": "2013-06-25T22:36:43.207Z", 
        "updated_at": "2013-06-25T22:36:43.207Z", 
        "semester": 11
    }
},
{
    "pk": 735, 
    "model": "planner.courseoffering", 
    "fields": {
        "status": 0, 
        "course": 60, 
        "created_at": "2013-06-25T22:36:43.237Z", 
        "updated_at": "2013-06-25T22:36:43.237Z", 
        "semester": 9
    }
},
{
    "pk": 736, 
    "model": "planner.courseoffering", 
    "fields": {
        "status": 0, 
        "course": 60, 
        "created_at": "2013-06-25T22:36:43.259Z", 
        "updated_at": "2013-06-25T22:36:43.259Z", 
        "semester": 11
    }
},
{
    "pk": 737, 
    "model": "planner.courseoffering", 
    "fields": {
        "status": 0, 
        "course": 110, 
        "created_at": "2013-06-25T22:36:43.288Z", 
        "updated_at": "2013-06-25T22:36:43.288Z", 
        "semester": 9
    }
},
{
    "pk": 738, 
    "model": "planner.courseoffering", 
    "fields": {
        "status": 0, 
        "course": 110, 
        "created_at": "2013-06-25T22:36:43.309Z", 
        "updated_at": "2013-06-25T22:36:43.309Z", 
        "semester": 11
    }
},
{
    "pk": 739, 
    "model": "planner.courseoffering", 
    "fields": {
        "status": 0, 
        "course": 111, 
        "created_at": "2013-06-25T22:36:43.344Z", 
        "updated_at": "2013-06-25T22:36:43.344Z", 
        "semester": 9
    }
},
{
    "pk": 740, 
    "model": "planner.courseoffering", 
    "fields": {
        "status": 0, 
        "course": 111, 
        "created_at": "2013-06-25T22:36:43.365Z", 
        "updated_at": "2013-06-25T22:36:43.365Z", 
        "semester": 11
    }
},
{
    "pk": 741, 
    "model": "planner.courseoffering", 
    "fields": {
        "status": 0, 
        "course": 112, 
        "created_at": "2013-06-25T22:36:43.395Z", 
        "updated_at": "2013-06-25T22:36:43.395Z", 
        "semester": 9
    }
},
{
    "pk": 742, 
    "model": "planner.courseoffering", 
    "fields": {
        "status": 0, 
        "course": 112, 
        "created_at": "2013-06-25T22:36:43.417Z", 
        "updated_at": "2013-06-25T22:36:43.417Z", 
        "semester": 11
    }
},
{
    "pk": 743, 
    "model": "planner.courseoffering", 
    "fields": {
        "status": 0, 
        "course": 128, 
        "created_at": "2013-06-25T22:36:43.448Z", 
        "updated_at": "2013-06-25T22:36:43.448Z", 
        "semester": 9
    }
},
{
    "pk": 744, 
    "model": "planner.courseoffering", 
    "fields": {
        "status": 0, 
        "course": 128, 
        "created_at": "2013-06-25T22:36:43.469Z", 
        "updated_at": "2013-06-25T22:36:43.469Z", 
        "semester": 11
    }
},
{
    "pk": 745, 
    "model": "planner.courseoffering", 
    "fields": {
        "status": 0, 
        "course": 129, 
        "created_at": "2013-06-25T22:36:43.499Z", 
        "updated_at": "2013-06-25T22:36:43.499Z", 
        "semester": 9
    }
},
{
    "pk": 746, 
    "model": "planner.courseoffering", 
    "fields": {
        "status": 0, 
        "course": 129, 
        "created_at": "2013-06-25T22:36:43.520Z", 
        "updated_at": "2013-06-25T22:36:43.520Z", 
        "semester": 11
    }
},
{
    "pk": 747, 
    "model": "planner.courseoffering", 
    "fields": {
        "status": 0, 
        "course": 130, 
        "created_at": "2013-06-25T22:36:43.551Z", 
        "updated_at": "2013-06-25T22:36:43.551Z", 
        "semester": 9
    }
},
{
    "pk": 748, 
    "model": "planner.courseoffering", 
    "fields": {
        "status": 0, 
        "course": 130, 
        "created_at": "2013-06-25T22:36:43.574Z", 
        "updated_at": "2013-06-25T22:36:43.574Z", 
        "semester": 11
    }
},
{
    "pk": 749, 
    "model": "planner.courseoffering", 
    "fields": {
        "status": 0, 
        "course": 113, 
        "created_at": "2013-06-25T22:36:43.605Z", 
        "updated_at": "2013-06-25T22:36:43.605Z", 
        "semester": 9
    }
},
{
    "pk": 750, 
    "model": "planner.courseoffering", 
    "fields": {
        "status": 0, 
        "course": 113, 
        "created_at": "2013-06-25T22:36:43.626Z", 
        "updated_at": "2013-06-25T22:36:43.626Z", 
        "semester": 11
    }
},
{
    "pk": 751, 
    "model": "planner.courseoffering", 
    "fields": {
        "status": 0, 
        "course": 131, 
        "created_at": "2013-06-25T22:36:43.656Z", 
        "updated_at": "2013-06-25T22:36:43.656Z", 
        "semester": 9
    }
},
{
    "pk": 752, 
    "model": "planner.courseoffering", 
    "fields": {
        "status": 0, 
        "course": 131, 
        "created_at": "2013-06-25T22:36:43.678Z", 
        "updated_at": "2013-06-25T22:36:43.678Z", 
        "semester": 11
    }
},
{
    "pk": 753, 
    "model": "planner.courseoffering", 
    "fields": {
        "status": 0, 
        "course": 132, 
        "created_at": "2013-06-25T22:36:43.708Z", 
        "updated_at": "2013-06-25T22:36:43.708Z", 
        "semester": 9
    }
},
{
    "pk": 754, 
    "model": "planner.courseoffering", 
    "fields": {
        "status": 0, 
        "course": 132, 
        "created_at": "2013-06-25T22:36:43.729Z", 
        "updated_at": "2013-06-25T22:36:43.729Z", 
        "semester": 11
    }
},
{
    "pk": 755, 
    "model": "planner.courseoffering", 
    "fields": {
        "status": 0, 
        "course": 133, 
        "created_at": "2013-06-25T22:36:43.759Z", 
        "updated_at": "2013-06-25T22:36:43.759Z", 
        "semester": 9
    }
},
{
    "pk": 756, 
    "model": "planner.courseoffering", 
    "fields": {
        "status": 0, 
        "course": 133, 
        "created_at": "2013-06-25T22:36:43.780Z", 
        "updated_at": "2013-06-25T22:36:43.780Z", 
        "semester": 11
    }
},
{
    "pk": 757, 
    "model": "planner.courseoffering", 
    "fields": {
        "status": 0, 
        "course": 134, 
        "created_at": "2013-06-25T22:36:43.810Z", 
        "updated_at": "2013-06-25T22:36:43.810Z", 
        "semester": 9
    }
},
{
    "pk": 758, 
    "model": "planner.courseoffering", 
    "fields": {
        "status": 0, 
        "course": 134, 
        "created_at": "2013-06-25T22:36:43.832Z", 
        "updated_at": "2013-06-25T22:36:43.832Z", 
        "semester": 11
    }
},
{
    "pk": 759, 
    "model": "planner.courseoffering", 
    "fields": {
        "status": 0, 
        "course": 135, 
        "created_at": "2013-06-25T22:36:43.861Z", 
        "updated_at": "2013-06-25T22:36:43.861Z", 
        "semester": 9
    }
},
{
    "pk": 760, 
    "model": "planner.courseoffering", 
    "fields": {
        "status": 0, 
        "course": 135, 
        "created_at": "2013-06-25T22:36:43.883Z", 
        "updated_at": "2013-06-25T22:36:43.883Z", 
        "semester": 11
    }
},
{
    "pk": 761, 
    "model": "planner.courseoffering", 
    "fields": {
        "status": 0, 
        "course": 136, 
        "created_at": "2013-06-25T22:36:43.913Z", 
        "updated_at": "2013-06-25T22:36:43.913Z", 
        "semester": 9
    }
},
{
    "pk": 762, 
    "model": "planner.courseoffering", 
    "fields": {
        "status": 0, 
        "course": 136, 
        "created_at": "2013-06-25T22:36:43.934Z", 
        "updated_at": "2013-06-25T22:36:43.934Z", 
        "semester": 11
    }
},
{
    "pk": 763, 
    "model": "planner.courseoffering", 
    "fields": {
        "status": 0, 
        "course": 71, 
        "created_at": "2013-06-25T22:36:43.963Z", 
        "updated_at": "2013-06-25T22:36:43.964Z", 
        "semester": 9
    }
},
{
    "pk": 764, 
    "model": "planner.courseoffering", 
    "fields": {
        "status": 0, 
        "course": 71, 
        "created_at": "2013-06-25T22:36:43.985Z", 
        "updated_at": "2013-06-25T22:36:43.985Z", 
        "semester": 10
    }
},
{
    "pk": 765, 
    "model": "planner.courseoffering", 
    "fields": {
        "status": 0, 
        "course": 71, 
        "created_at": "2013-06-25T22:36:44.008Z", 
        "updated_at": "2013-06-25T22:36:44.008Z", 
        "semester": 11
    }
},
{
    "pk": 766, 
    "model": "planner.courseoffering", 
    "fields": {
        "status": 0, 
        "course": 114, 
        "created_at": "2013-06-25T22:36:44.038Z", 
        "updated_at": "2013-06-25T22:36:44.038Z", 
        "semester": 9
    }
},
{
    "pk": 767, 
    "model": "planner.courseoffering", 
    "fields": {
        "status": 0, 
        "course": 114, 
        "created_at": "2013-06-25T22:36:44.058Z", 
        "updated_at": "2013-06-25T22:36:44.058Z", 
        "semester": 11
    }
},
{
    "pk": 768, 
    "model": "planner.courseoffering", 
    "fields": {
        "status": 0, 
        "course": 115, 
        "created_at": "2013-06-25T22:36:44.086Z", 
        "updated_at": "2013-06-25T22:36:44.086Z", 
        "semester": 9
    }
},
{
    "pk": 769, 
    "model": "planner.courseoffering", 
    "fields": {
        "status": 0, 
        "course": 115, 
        "created_at": "2013-06-25T22:36:44.107Z", 
        "updated_at": "2013-06-25T22:36:44.107Z", 
        "semester": 11
    }
},
{
    "pk": 770, 
    "model": "planner.courseoffering", 
    "fields": {
        "status": 0, 
        "course": 116, 
        "created_at": "2013-06-25T22:36:44.139Z", 
        "updated_at": "2013-06-25T22:36:44.139Z", 
        "semester": 9
    }
},
{
    "pk": 771, 
    "model": "planner.courseoffering", 
    "fields": {
        "status": 0, 
        "course": 116, 
        "created_at": "2013-06-25T22:36:44.160Z", 
        "updated_at": "2013-06-25T22:36:44.160Z", 
        "semester": 11
    }
},
{
    "pk": 772, 
    "model": "planner.courseoffering", 
    "fields": {
        "status": 0, 
        "course": 117, 
        "created_at": "2013-06-25T22:36:44.190Z", 
        "updated_at": "2013-06-25T22:36:44.190Z", 
        "semester": 9
    }
},
{
    "pk": 773, 
    "model": "planner.courseoffering", 
    "fields": {
        "status": 0, 
        "course": 117, 
        "created_at": "2013-06-25T22:36:44.210Z", 
        "updated_at": "2013-06-25T22:36:44.210Z", 
        "semester": 11
    }
},
{
    "pk": 774, 
    "model": "planner.courseoffering", 
    "fields": {
        "status": 0, 
        "course": 118, 
        "created_at": "2013-06-25T22:36:44.239Z", 
        "updated_at": "2013-06-25T22:36:44.239Z", 
        "semester": 9
    }
},
{
    "pk": 775, 
    "model": "planner.courseoffering", 
    "fields": {
        "status": 0, 
        "course": 118, 
        "created_at": "2013-06-25T22:36:44.260Z", 
        "updated_at": "2013-06-25T22:36:44.260Z", 
        "semester": 11
    }
},
{
    "pk": 776, 
    "model": "planner.courseoffering", 
    "fields": {
        "status": 0, 
        "course": 137, 
        "created_at": "2013-06-25T22:36:44.291Z", 
        "updated_at": "2013-06-25T22:36:44.291Z", 
        "semester": 9
    }
},
{
    "pk": 777, 
    "model": "planner.courseoffering", 
    "fields": {
        "status": 0, 
        "course": 137, 
        "created_at": "2013-06-25T22:36:44.312Z", 
        "updated_at": "2013-06-25T22:36:44.312Z", 
        "semester": 11
    }
},
{
    "pk": 778, 
    "model": "planner.courseoffering", 
    "fields": {
        "status": 0, 
        "course": 138, 
        "created_at": "2013-06-25T22:36:44.341Z", 
        "updated_at": "2013-06-25T22:36:44.341Z", 
        "semester": 9
    }
},
{
    "pk": 779, 
    "model": "planner.courseoffering", 
    "fields": {
        "status": 0, 
        "course": 138, 
        "created_at": "2013-06-25T22:36:44.362Z", 
        "updated_at": "2013-06-25T22:36:44.362Z", 
        "semester": 11
    }
},
{
    "pk": 780, 
    "model": "planner.courseoffering", 
    "fields": {
        "status": 0, 
        "course": 99, 
        "created_at": "2013-06-25T22:36:44.392Z", 
        "updated_at": "2013-06-25T22:36:44.392Z", 
        "semester": 9
    }
},
{
    "pk": 781, 
    "model": "planner.courseoffering", 
    "fields": {
        "status": 0, 
        "course": 99, 
        "created_at": "2013-06-25T22:36:44.413Z", 
        "updated_at": "2013-06-25T22:36:44.414Z", 
        "semester": 11
    }
},
{
    "pk": 782, 
    "model": "planner.courseoffering", 
    "fields": {
        "status": 0, 
        "course": 139, 
        "created_at": "2013-06-25T22:36:44.487Z", 
        "updated_at": "2013-06-25T22:36:44.487Z", 
        "semester": 9
    }
},
{
    "pk": 783, 
    "model": "planner.courseoffering", 
    "fields": {
        "status": 0, 
        "course": 139, 
        "created_at": "2013-06-25T22:36:44.536Z", 
        "updated_at": "2013-06-25T22:36:44.536Z", 
        "semester": 11
    }
},
{
    "pk": 784, 
    "model": "planner.courseoffering", 
    "fields": {
        "status": 0, 
        "course": 140, 
        "created_at": "2013-06-25T22:36:44.604Z", 
        "updated_at": "2013-06-25T22:36:44.604Z", 
        "semester": 9
    }
},
{
    "pk": 785, 
    "model": "planner.courseoffering", 
    "fields": {
        "status": 0, 
        "course": 140, 
        "created_at": "2013-06-25T22:36:44.669Z", 
        "updated_at": "2013-06-25T22:36:44.669Z", 
        "semester": 11
    }
},
{
    "pk": 786, 
    "model": "planner.courseoffering", 
    "fields": {
        "status": 0, 
        "course": 119, 
        "created_at": "2013-06-25T22:36:44.698Z", 
        "updated_at": "2013-06-25T22:36:44.698Z", 
        "semester": 9
    }
},
{
    "pk": 787, 
    "model": "planner.courseoffering", 
    "fields": {
        "status": 0, 
        "course": 119, 
        "created_at": "2013-06-25T22:36:44.719Z", 
        "updated_at": "2013-06-25T22:36:44.719Z", 
        "semester": 11
    }
},
{
    "pk": 788, 
    "model": "planner.courseoffering", 
    "fields": {
        "status": 0, 
        "course": 120, 
        "created_at": "2013-06-25T22:36:44.749Z", 
        "updated_at": "2013-06-25T22:36:44.749Z", 
        "semester": 9
    }
},
{
    "pk": 789, 
    "model": "planner.courseoffering", 
    "fields": {
        "status": 0, 
        "course": 120, 
        "created_at": "2013-06-25T22:36:44.770Z", 
        "updated_at": "2013-06-25T22:36:44.770Z", 
        "semester": 11
    }
},
{
    "pk": 790, 
    "model": "planner.courseoffering", 
    "fields": {
        "status": 0, 
        "course": 121, 
        "created_at": "2013-06-25T22:36:44.801Z", 
        "updated_at": "2013-06-25T22:36:44.801Z", 
        "semester": 9
    }
},
{
    "pk": 791, 
    "model": "planner.courseoffering", 
    "fields": {
        "status": 0, 
        "course": 121, 
        "created_at": "2013-06-25T22:36:44.822Z", 
        "updated_at": "2013-06-25T22:36:44.822Z", 
        "semester": 11
    }
},
{
    "pk": 792, 
    "model": "planner.courseoffering", 
    "fields": {
        "status": 0, 
        "course": 19, 
        "created_at": "2013-06-25T22:36:44.851Z", 
        "updated_at": "2013-06-25T22:36:44.851Z", 
        "semester": 9
    }
},
{
    "pk": 793, 
    "model": "planner.courseoffering", 
    "fields": {
        "status": 0, 
        "course": 19, 
        "created_at": "2013-06-25T22:36:44.873Z", 
        "updated_at": "2013-06-25T22:36:44.873Z", 
        "semester": 11
    }
},
{
    "pk": 794, 
    "model": "planner.courseoffering", 
    "fields": {
        "status": 0, 
        "course": 30, 
        "created_at": "2013-06-25T22:36:44.903Z", 
        "updated_at": "2013-06-25T22:36:44.903Z", 
        "semester": 9
    }
},
{
    "pk": 795, 
    "model": "planner.courseoffering", 
    "fields": {
        "status": 0, 
        "course": 30, 
        "created_at": "2013-06-25T22:36:44.928Z", 
        "updated_at": "2013-06-25T22:36:44.929Z", 
        "semester": 11
    }
},
{
    "pk": 796, 
    "model": "planner.courseoffering", 
    "fields": {
        "status": 0, 
        "course": 45, 
        "created_at": "2013-06-25T22:36:44.962Z", 
        "updated_at": "2013-06-25T22:36:44.962Z", 
        "semester": 9
    }
},
{
    "pk": 797, 
    "model": "planner.courseoffering", 
    "fields": {
        "status": 0, 
        "course": 69, 
        "created_at": "2013-06-25T22:36:51.295Z", 
        "updated_at": "2013-06-25T22:36:51.295Z", 
        "semester": 13
    }
},
{
    "pk": 798, 
    "model": "planner.courseoffering", 
    "fields": {
        "status": 0, 
        "course": 69, 
        "created_at": "2013-06-25T22:36:51.326Z", 
        "updated_at": "2013-06-25T22:36:51.326Z", 
        "semester": 14
    }
},
{
    "pk": 799, 
    "model": "planner.courseoffering", 
    "fields": {
        "status": 0, 
        "course": 69, 
        "created_at": "2013-06-25T22:36:51.355Z", 
        "updated_at": "2013-06-25T22:36:51.355Z", 
        "semester": 15
    }
},
{
    "pk": 800, 
    "model": "planner.courseoffering", 
    "fields": {
        "status": 0, 
        "course": 70, 
        "created_at": "2013-06-25T22:36:51.385Z", 
        "updated_at": "2013-06-25T22:36:51.385Z", 
        "semester": 13
    }
},
{
    "pk": 801, 
    "model": "planner.courseoffering", 
    "fields": {
        "status": 0, 
        "course": 70, 
        "created_at": "2013-06-25T22:36:51.406Z", 
        "updated_at": "2013-06-25T22:36:51.406Z", 
        "semester": 14
    }
},
{
    "pk": 802, 
    "model": "planner.courseoffering", 
    "fields": {
        "status": 0, 
        "course": 70, 
        "created_at": "2013-06-25T22:36:51.428Z", 
        "updated_at": "2013-06-25T22:36:51.428Z", 
        "semester": 15
    }
},
{
    "pk": 803, 
    "model": "planner.courseoffering", 
    "fields": {
        "status": 0, 
        "course": 1, 
        "created_at": "2013-06-25T22:36:51.457Z", 
        "updated_at": "2013-06-25T22:36:51.457Z", 
        "semester": 13
    }
},
{
    "pk": 804, 
    "model": "planner.courseoffering", 
    "fields": {
        "status": 0, 
        "course": 1, 
        "created_at": "2013-06-25T22:36:51.478Z", 
        "updated_at": "2013-06-25T22:36:51.478Z", 
        "semester": 15
    }
},
{
    "pk": 805, 
    "model": "planner.courseoffering", 
    "fields": {
        "status": 0, 
        "course": 2, 
        "created_at": "2013-06-25T22:36:51.508Z", 
        "updated_at": "2013-06-25T22:36:51.508Z", 
        "semester": 13
    }
},
{
    "pk": 806, 
    "model": "planner.courseoffering", 
    "fields": {
        "status": 0, 
        "course": 2, 
        "created_at": "2013-06-25T22:36:51.528Z", 
        "updated_at": "2013-06-25T22:36:51.528Z", 
        "semester": 15
    }
},
{
    "pk": 807, 
    "model": "planner.courseoffering", 
    "fields": {
        "status": 0, 
        "course": 46, 
        "created_at": "2013-06-25T22:36:51.558Z", 
        "updated_at": "2013-06-25T22:36:51.558Z", 
        "semester": 13
    }
},
{
    "pk": 808, 
    "model": "planner.courseoffering", 
    "fields": {
        "status": 0, 
        "course": 46, 
        "created_at": "2013-06-25T22:36:51.579Z", 
        "updated_at": "2013-06-25T22:36:51.579Z", 
        "semester": 15
    }
},
{
    "pk": 809, 
    "model": "planner.courseoffering", 
    "fields": {
        "status": 0, 
        "course": 47, 
        "created_at": "2013-06-25T22:36:51.609Z", 
        "updated_at": "2013-06-25T22:36:51.609Z", 
        "semester": 13
    }
},
{
    "pk": 810, 
    "model": "planner.courseoffering", 
    "fields": {
        "status": 0, 
        "course": 47, 
        "created_at": "2013-06-25T22:36:51.633Z", 
        "updated_at": "2013-06-25T22:36:51.633Z", 
        "semester": 15
    }
},
{
    "pk": 811, 
    "model": "planner.courseoffering", 
    "fields": {
        "status": 0, 
        "course": 48, 
        "created_at": "2013-06-25T22:36:51.663Z", 
        "updated_at": "2013-06-25T22:36:51.663Z", 
        "semester": 13
    }
},
{
    "pk": 812, 
    "model": "planner.courseoffering", 
    "fields": {
        "status": 0, 
        "course": 48, 
        "created_at": "2013-06-25T22:36:51.685Z", 
        "updated_at": "2013-06-25T22:36:51.685Z", 
        "semester": 15
    }
},
{
    "pk": 813, 
    "model": "planner.courseoffering", 
    "fields": {
        "status": 0, 
        "course": 49, 
        "created_at": "2013-06-25T22:36:51.715Z", 
        "updated_at": "2013-06-25T22:36:51.716Z", 
        "semester": 13
    }
},
{
    "pk": 814, 
    "model": "planner.courseoffering", 
    "fields": {
        "status": 0, 
        "course": 49, 
        "created_at": "2013-06-25T22:36:51.736Z", 
        "updated_at": "2013-06-25T22:36:51.736Z", 
        "semester": 15
    }
},
{
    "pk": 815, 
    "model": "planner.courseoffering", 
    "fields": {
        "status": 0, 
        "course": 50, 
        "created_at": "2013-06-25T22:36:51.766Z", 
        "updated_at": "2013-06-25T22:36:51.766Z", 
        "semester": 13
    }
},
{
    "pk": 816, 
    "model": "planner.courseoffering", 
    "fields": {
        "status": 0, 
        "course": 50, 
        "created_at": "2013-06-25T22:36:51.787Z", 
        "updated_at": "2013-06-25T22:36:51.787Z", 
        "semester": 15
    }
},
{
    "pk": 817, 
    "model": "planner.courseoffering", 
    "fields": {
        "status": 0, 
        "course": 51, 
        "created_at": "2013-06-25T22:36:51.817Z", 
        "updated_at": "2013-06-25T22:36:51.817Z", 
        "semester": 13
    }
},
{
    "pk": 818, 
    "model": "planner.courseoffering", 
    "fields": {
        "status": 0, 
        "course": 51, 
        "created_at": "2013-06-25T22:36:51.838Z", 
        "updated_at": "2013-06-25T22:36:51.838Z", 
        "semester": 15
    }
},
{
    "pk": 819, 
    "model": "planner.courseoffering", 
    "fields": {
        "status": 0, 
        "course": 90, 
        "created_at": "2013-06-25T22:36:51.869Z", 
        "updated_at": "2013-06-25T22:36:51.869Z", 
        "semester": 13
    }
},
{
    "pk": 820, 
    "model": "planner.courseoffering", 
    "fields": {
        "status": 0, 
        "course": 90, 
        "created_at": "2013-06-25T22:36:51.891Z", 
        "updated_at": "2013-06-25T22:36:51.891Z", 
        "semester": 15
    }
},
{
    "pk": 821, 
    "model": "planner.courseoffering", 
    "fields": {
        "status": 0, 
        "course": 91, 
        "created_at": "2013-06-25T22:36:51.922Z", 
        "updated_at": "2013-06-25T22:36:51.923Z", 
        "semester": 13
    }
},
{
    "pk": 822, 
    "model": "planner.courseoffering", 
    "fields": {
        "status": 0, 
        "course": 91, 
        "created_at": "2013-06-25T22:36:51.944Z", 
        "updated_at": "2013-06-25T22:36:51.944Z", 
        "semester": 15
    }
},
{
    "pk": 823, 
    "model": "planner.courseoffering", 
    "fields": {
        "status": 0, 
        "course": 103, 
        "created_at": "2013-06-25T22:36:51.974Z", 
        "updated_at": "2013-06-25T22:36:51.975Z", 
        "semester": 13
    }
},
{
    "pk": 824, 
    "model": "planner.courseoffering", 
    "fields": {
        "status": 0, 
        "course": 103, 
        "created_at": "2013-06-25T22:36:51.996Z", 
        "updated_at": "2013-06-25T22:36:51.996Z", 
        "semester": 15
    }
},
{
    "pk": 825, 
    "model": "planner.courseoffering", 
    "fields": {
        "status": 0, 
        "course": 55, 
        "created_at": "2013-06-25T22:36:52.028Z", 
        "updated_at": "2013-06-25T22:36:52.028Z", 
        "semester": 13
    }
},
{
    "pk": 826, 
    "model": "planner.courseoffering", 
    "fields": {
        "status": 0, 
        "course": 55, 
        "created_at": "2013-06-25T22:36:52.048Z", 
        "updated_at": "2013-06-25T22:36:52.048Z", 
        "semester": 15
    }
},
{
    "pk": 827, 
    "model": "planner.courseoffering", 
    "fields": {
        "status": 0, 
        "course": 52, 
        "created_at": "2013-06-25T22:36:52.078Z", 
        "updated_at": "2013-06-25T22:36:52.078Z", 
        "semester": 13
    }
},
{
    "pk": 828, 
    "model": "planner.courseoffering", 
    "fields": {
        "status": 0, 
        "course": 52, 
        "created_at": "2013-06-25T22:36:52.099Z", 
        "updated_at": "2013-06-25T22:36:52.099Z", 
        "semester": 15
    }
},
{
    "pk": 829, 
    "model": "planner.courseoffering", 
    "fields": {
        "status": 0, 
        "course": 56, 
        "created_at": "2013-06-25T22:36:52.128Z", 
        "updated_at": "2013-06-25T22:36:52.128Z", 
        "semester": 13
    }
},
{
    "pk": 830, 
    "model": "planner.courseoffering", 
    "fields": {
        "status": 0, 
        "course": 56, 
        "created_at": "2013-06-25T22:36:52.150Z", 
        "updated_at": "2013-06-25T22:36:52.150Z", 
        "semester": 15
    }
},
{
    "pk": 831, 
    "model": "planner.courseoffering", 
    "fields": {
        "status": 0, 
        "course": 57, 
        "created_at": "2013-06-25T22:36:52.180Z", 
        "updated_at": "2013-06-25T22:36:52.180Z", 
        "semester": 13
    }
},
{
    "pk": 832, 
    "model": "planner.courseoffering", 
    "fields": {
        "status": 0, 
        "course": 57, 
        "created_at": "2013-06-25T22:36:52.202Z", 
        "updated_at": "2013-06-25T22:36:52.202Z", 
        "semester": 15
    }
},
{
    "pk": 833, 
    "model": "planner.courseoffering", 
    "fields": {
        "status": 0, 
        "course": 87, 
        "created_at": "2013-06-25T22:36:52.235Z", 
        "updated_at": "2013-06-25T22:36:52.235Z", 
        "semester": 13
    }
},
{
    "pk": 834, 
    "model": "planner.courseoffering", 
    "fields": {
        "status": 0, 
        "course": 87, 
        "created_at": "2013-06-25T22:36:52.257Z", 
        "updated_at": "2013-06-25T22:36:52.257Z", 
        "semester": 15
    }
},
{
    "pk": 835, 
    "model": "planner.courseoffering", 
    "fields": {
        "status": 0, 
        "course": 88, 
        "created_at": "2013-06-25T22:36:52.287Z", 
        "updated_at": "2013-06-25T22:36:52.287Z", 
        "semester": 13
    }
},
{
    "pk": 836, 
    "model": "planner.courseoffering", 
    "fields": {
        "status": 0, 
        "course": 88, 
        "created_at": "2013-06-25T22:36:52.308Z", 
        "updated_at": "2013-06-25T22:36:52.308Z", 
        "semester": 15
    }
},
{
    "pk": 837, 
    "model": "planner.courseoffering", 
    "fields": {
        "status": 0, 
        "course": 4, 
        "created_at": "2013-06-25T22:36:52.337Z", 
        "updated_at": "2013-06-25T22:36:52.337Z", 
        "semester": 13
    }
},
{
    "pk": 838, 
    "model": "planner.courseoffering", 
    "fields": {
        "status": 0, 
        "course": 4, 
        "created_at": "2013-06-25T22:36:52.358Z", 
        "updated_at": "2013-06-25T22:36:52.358Z", 
        "semester": 15
    }
},
{
    "pk": 839, 
    "model": "planner.courseoffering", 
    "fields": {
        "status": 0, 
        "course": 5, 
        "created_at": "2013-06-25T22:36:52.387Z", 
        "updated_at": "2013-06-25T22:36:52.387Z", 
        "semester": 13
    }
},
{
    "pk": 840, 
    "model": "planner.courseoffering", 
    "fields": {
        "status": 0, 
        "course": 5, 
        "created_at": "2013-06-25T22:36:52.409Z", 
        "updated_at": "2013-06-25T22:36:52.409Z", 
        "semester": 15
    }
},
{
    "pk": 841, 
    "model": "planner.courseoffering", 
    "fields": {
        "status": 0, 
        "course": 6, 
        "created_at": "2013-06-25T22:36:52.439Z", 
        "updated_at": "2013-06-25T22:36:52.439Z", 
        "semester": 15
    }
},
{
    "pk": 842, 
    "model": "planner.courseoffering", 
    "fields": {
        "status": 0, 
        "course": 7, 
        "created_at": "2013-06-25T22:36:52.469Z", 
        "updated_at": "2013-06-25T22:36:52.469Z", 
        "semester": 13
    }
},
{
    "pk": 843, 
    "model": "planner.courseoffering", 
    "fields": {
        "status": 0, 
        "course": 8, 
        "created_at": "2013-06-25T22:36:52.497Z", 
        "updated_at": "2013-06-25T22:36:52.498Z", 
        "semester": 13
    }
},
{
    "pk": 844, 
    "model": "planner.courseoffering", 
    "fields": {
        "status": 0, 
        "course": 31, 
        "created_at": "2013-06-25T22:36:52.527Z", 
        "updated_at": "2013-06-25T22:36:52.527Z", 
        "semester": 15
    }
},
{
    "pk": 845, 
    "model": "planner.courseoffering", 
    "fields": {
        "status": 0, 
        "course": 9, 
        "created_at": "2013-06-25T22:36:52.557Z", 
        "updated_at": "2013-06-25T22:36:52.557Z", 
        "semester": 15
    }
},
{
    "pk": 846, 
    "model": "planner.courseoffering", 
    "fields": {
        "status": 0, 
        "course": 3, 
        "created_at": "2013-06-25T22:36:52.586Z", 
        "updated_at": "2013-06-25T22:36:52.586Z", 
        "semester": 13
    }
},
{
    "pk": 847, 
    "model": "planner.courseoffering", 
    "fields": {
        "status": 0, 
        "course": 10, 
        "created_at": "2013-06-25T22:36:52.615Z", 
        "updated_at": "2013-06-25T22:36:52.615Z", 
        "semester": 13
    }
},
{
    "pk": 848, 
    "model": "planner.courseoffering", 
    "fields": {
        "status": 0, 
        "course": 10, 
        "created_at": "2013-06-25T22:36:52.637Z", 
        "updated_at": "2013-06-25T22:36:52.637Z", 
        "semester": 14
    }
},
{
    "pk": 849, 
    "model": "planner.courseoffering", 
    "fields": {
        "status": 0, 
        "course": 25, 
        "created_at": "2013-06-25T22:36:52.666Z", 
        "updated_at": "2013-06-25T22:36:52.667Z", 
        "semester": 15
    }
},
{
    "pk": 850, 
    "model": "planner.courseoffering", 
    "fields": {
        "status": 0, 
        "course": 11, 
        "created_at": "2013-06-25T22:36:52.699Z", 
        "updated_at": "2013-06-25T22:36:52.699Z", 
        "semester": 15
    }
},
{
    "pk": 851, 
    "model": "planner.courseoffering", 
    "fields": {
        "status": 0, 
        "course": 40, 
        "created_at": "2013-06-25T22:36:52.729Z", 
        "updated_at": "2013-06-25T22:36:52.729Z", 
        "semester": 13
    }
},
{
    "pk": 852, 
    "model": "planner.courseoffering", 
    "fields": {
        "status": 0, 
        "course": 26, 
        "created_at": "2013-06-25T22:36:52.758Z", 
        "updated_at": "2013-06-25T22:36:52.758Z", 
        "semester": 13
    }
},
{
    "pk": 853, 
    "model": "planner.courseoffering", 
    "fields": {
        "status": 0, 
        "course": 27, 
        "created_at": "2013-06-25T22:36:52.787Z", 
        "updated_at": "2013-06-25T22:36:52.787Z", 
        "semester": 15
    }
},
{
    "pk": 854, 
    "model": "planner.courseoffering", 
    "fields": {
        "status": 0, 
        "course": 41, 
        "created_at": "2013-06-25T22:36:52.817Z", 
        "updated_at": "2013-06-25T22:36:52.817Z", 
        "semester": 13
    }
},
{
    "pk": 855, 
    "model": "planner.courseoffering", 
    "fields": {
        "status": 0, 
        "course": 41, 
        "created_at": "2013-06-25T22:36:52.839Z", 
        "updated_at": "2013-06-25T22:36:52.840Z", 
        "semester": 15
    }
},
{
    "pk": 856, 
    "model": "planner.courseoffering", 
    "fields": {
        "status": 0, 
        "course": 42, 
        "created_at": "2013-06-25T22:36:52.870Z", 
        "updated_at": "2013-06-25T22:36:52.870Z", 
        "semester": 13
    }
},
{
    "pk": 857, 
    "model": "planner.courseoffering", 
    "fields": {
        "status": 0, 
        "course": 42, 
        "created_at": "2013-06-25T22:36:52.892Z", 
        "updated_at": "2013-06-25T22:36:52.892Z", 
        "semester": 15
    }
},
{
    "pk": 858, 
    "model": "planner.courseoffering", 
    "fields": {
        "status": 0, 
        "course": 22, 
        "created_at": "2013-06-25T22:36:52.931Z", 
        "updated_at": "2013-06-25T22:36:52.931Z", 
        "semester": 13
    }
},
{
    "pk": 859, 
    "model": "planner.courseoffering", 
    "fields": {
        "status": 0, 
        "course": 24, 
        "created_at": "2013-06-25T22:36:52.981Z", 
        "updated_at": "2013-06-25T22:36:52.981Z", 
        "semester": 13
    }
},
{
    "pk": 860, 
    "model": "planner.courseoffering", 
    "fields": {
        "status": 0, 
        "course": 24, 
        "created_at": "2013-06-25T22:36:53.003Z", 
        "updated_at": "2013-06-25T22:36:53.003Z", 
        "semester": 15
    }
},
{
    "pk": 861, 
    "model": "planner.courseoffering", 
    "fields": {
        "status": 0, 
        "course": 14, 
        "created_at": "2013-06-25T22:36:53.033Z", 
        "updated_at": "2013-06-25T22:36:53.033Z", 
        "semester": 13
    }
},
{
    "pk": 862, 
    "model": "planner.courseoffering", 
    "fields": {
        "status": 0, 
        "course": 14, 
        "created_at": "2013-06-25T22:36:53.054Z", 
        "updated_at": "2013-06-25T22:36:53.054Z", 
        "semester": 14
    }
},
{
    "pk": 863, 
    "model": "planner.courseoffering", 
    "fields": {
        "status": 0, 
        "course": 14, 
        "created_at": "2013-06-25T22:36:53.076Z", 
        "updated_at": "2013-06-25T22:36:53.076Z", 
        "semester": 15
    }
},
{
    "pk": 864, 
    "model": "planner.courseoffering", 
    "fields": {
        "status": 0, 
        "course": 15, 
        "created_at": "2013-06-25T22:36:53.107Z", 
        "updated_at": "2013-06-25T22:36:53.107Z", 
        "semester": 13
    }
},
{
    "pk": 865, 
    "model": "planner.courseoffering", 
    "fields": {
        "status": 0, 
        "course": 15, 
        "created_at": "2013-06-25T22:36:53.130Z", 
        "updated_at": "2013-06-25T22:36:53.130Z", 
        "semester": 14
    }
},
{
    "pk": 866, 
    "model": "planner.courseoffering", 
    "fields": {
        "status": 0, 
        "course": 15, 
        "created_at": "2013-06-25T22:36:53.152Z", 
        "updated_at": "2013-06-25T22:36:53.152Z", 
        "semester": 15
    }
},
{
    "pk": 867, 
    "model": "planner.courseoffering", 
    "fields": {
        "status": 0, 
        "course": 43, 
        "created_at": "2013-06-25T22:36:53.182Z", 
        "updated_at": "2013-06-25T22:36:53.182Z", 
        "semester": 13
    }
},
{
    "pk": 868, 
    "model": "planner.courseoffering", 
    "fields": {
        "status": 0, 
        "course": 43, 
        "created_at": "2013-06-25T22:36:53.203Z", 
        "updated_at": "2013-06-25T22:36:53.203Z", 
        "semester": 15
    }
},
{
    "pk": 869, 
    "model": "planner.courseoffering", 
    "fields": {
        "status": 0, 
        "course": 44, 
        "created_at": "2013-06-25T22:36:53.232Z", 
        "updated_at": "2013-06-25T22:36:53.232Z", 
        "semester": 13
    }
},
{
    "pk": 870, 
    "model": "planner.courseoffering", 
    "fields": {
        "status": 0, 
        "course": 44, 
        "created_at": "2013-06-25T22:36:53.259Z", 
        "updated_at": "2013-06-25T22:36:53.259Z", 
        "semester": 15
    }
},
{
    "pk": 871, 
    "model": "planner.courseoffering", 
    "fields": {
        "status": 0, 
        "course": 16, 
        "created_at": "2013-06-25T22:36:53.289Z", 
        "updated_at": "2013-06-25T22:36:53.289Z", 
        "semester": 14
    }
},
{
    "pk": 872, 
    "model": "planner.courseoffering", 
    "fields": {
        "status": 0, 
        "course": 104, 
        "created_at": "2013-06-25T22:36:53.320Z", 
        "updated_at": "2013-06-25T22:36:53.320Z", 
        "semester": 13
    }
},
{
    "pk": 873, 
    "model": "planner.courseoffering", 
    "fields": {
        "status": 0, 
        "course": 104, 
        "created_at": "2013-06-25T22:36:53.343Z", 
        "updated_at": "2013-06-25T22:36:53.343Z", 
        "semester": 15
    }
},
{
    "pk": 874, 
    "model": "planner.courseoffering", 
    "fields": {
        "status": 0, 
        "course": 107, 
        "created_at": "2013-06-25T22:36:53.377Z", 
        "updated_at": "2013-06-25T22:36:53.377Z", 
        "semester": 13
    }
},
{
    "pk": 875, 
    "model": "planner.courseoffering", 
    "fields": {
        "status": 0, 
        "course": 107, 
        "created_at": "2013-06-25T22:36:53.398Z", 
        "updated_at": "2013-06-25T22:36:53.398Z", 
        "semester": 15
    }
},
{
    "pk": 876, 
    "model": "planner.courseoffering", 
    "fields": {
        "status": 0, 
        "course": 89, 
        "created_at": "2013-06-25T22:36:53.429Z", 
        "updated_at": "2013-06-25T22:36:53.429Z", 
        "semester": 13
    }
},
{
    "pk": 877, 
    "model": "planner.courseoffering", 
    "fields": {
        "status": 0, 
        "course": 89, 
        "created_at": "2013-06-25T22:36:53.450Z", 
        "updated_at": "2013-06-25T22:36:53.450Z", 
        "semester": 15
    }
},
{
    "pk": 878, 
    "model": "planner.courseoffering", 
    "fields": {
        "status": 0, 
        "course": 100, 
        "created_at": "2013-06-25T22:36:53.480Z", 
        "updated_at": "2013-06-25T22:36:53.480Z", 
        "semester": 13
    }
},
{
    "pk": 879, 
    "model": "planner.courseoffering", 
    "fields": {
        "status": 0, 
        "course": 100, 
        "created_at": "2013-06-25T22:36:53.501Z", 
        "updated_at": "2013-06-25T22:36:53.501Z", 
        "semester": 14
    }
},
{
    "pk": 880, 
    "model": "planner.courseoffering", 
    "fields": {
        "status": 0, 
        "course": 100, 
        "created_at": "2013-06-25T22:36:53.523Z", 
        "updated_at": "2013-06-25T22:36:53.523Z", 
        "semester": 15
    }
},
{
    "pk": 881, 
    "model": "planner.courseoffering", 
    "fields": {
        "status": 0, 
        "course": 101, 
        "created_at": "2013-06-25T22:36:53.553Z", 
        "updated_at": "2013-06-25T22:36:53.553Z", 
        "semester": 13
    }
},
{
    "pk": 882, 
    "model": "planner.courseoffering", 
    "fields": {
        "status": 0, 
        "course": 101, 
        "created_at": "2013-06-25T22:36:53.574Z", 
        "updated_at": "2013-06-25T22:36:53.574Z", 
        "semester": 15
    }
},
{
    "pk": 883, 
    "model": "planner.courseoffering", 
    "fields": {
        "status": 0, 
        "course": 102, 
        "created_at": "2013-06-25T22:36:53.604Z", 
        "updated_at": "2013-06-25T22:36:53.604Z", 
        "semester": 13
    }
},
{
    "pk": 884, 
    "model": "planner.courseoffering", 
    "fields": {
        "status": 0, 
        "course": 102, 
        "created_at": "2013-06-25T22:36:53.625Z", 
        "updated_at": "2013-06-25T22:36:53.625Z", 
        "semester": 15
    }
},
{
    "pk": 885, 
    "model": "planner.courseoffering", 
    "fields": {
        "status": 0, 
        "course": 62, 
        "created_at": "2013-06-25T22:36:53.657Z", 
        "updated_at": "2013-06-25T22:36:53.657Z", 
        "semester": 13
    }
},
{
    "pk": 886, 
    "model": "planner.courseoffering", 
    "fields": {
        "status": 0, 
        "course": 62, 
        "created_at": "2013-06-25T22:36:53.678Z", 
        "updated_at": "2013-06-25T22:36:53.678Z", 
        "semester": 15
    }
},
{
    "pk": 887, 
    "model": "planner.courseoffering", 
    "fields": {
        "status": 0, 
        "course": 61, 
        "created_at": "2013-06-25T22:36:53.707Z", 
        "updated_at": "2013-06-25T22:36:53.707Z", 
        "semester": 13
    }
},
{
    "pk": 888, 
    "model": "planner.courseoffering", 
    "fields": {
        "status": 0, 
        "course": 61, 
        "created_at": "2013-06-25T22:36:53.728Z", 
        "updated_at": "2013-06-25T22:36:53.728Z", 
        "semester": 15
    }
},
{
    "pk": 889, 
    "model": "planner.courseoffering", 
    "fields": {
        "status": 0, 
        "course": 53, 
        "created_at": "2013-06-25T22:36:53.757Z", 
        "updated_at": "2013-06-25T22:36:53.757Z", 
        "semester": 13
    }
},
{
    "pk": 890, 
    "model": "planner.courseoffering", 
    "fields": {
        "status": 0, 
        "course": 53, 
        "created_at": "2013-06-25T22:36:53.778Z", 
        "updated_at": "2013-06-25T22:36:53.779Z", 
        "semester": 15
    }
},
{
    "pk": 891, 
    "model": "planner.courseoffering", 
    "fields": {
        "status": 0, 
        "course": 54, 
        "created_at": "2013-06-25T22:36:53.809Z", 
        "updated_at": "2013-06-25T22:36:53.809Z", 
        "semester": 13
    }
},
{
    "pk": 892, 
    "model": "planner.courseoffering", 
    "fields": {
        "status": 0, 
        "course": 54, 
        "created_at": "2013-06-25T22:36:53.830Z", 
        "updated_at": "2013-06-25T22:36:53.830Z", 
        "semester": 15
    }
},
{
    "pk": 893, 
    "model": "planner.courseoffering", 
    "fields": {
        "status": 0, 
        "course": 63, 
        "created_at": "2013-06-25T22:36:53.860Z", 
        "updated_at": "2013-06-25T22:36:53.860Z", 
        "semester": 13
    }
},
{
    "pk": 894, 
    "model": "planner.courseoffering", 
    "fields": {
        "status": 0, 
        "course": 63, 
        "created_at": "2013-06-25T22:36:53.881Z", 
        "updated_at": "2013-06-25T22:36:53.881Z", 
        "semester": 15
    }
},
{
    "pk": 895, 
    "model": "planner.courseoffering", 
    "fields": {
        "status": 0, 
        "course": 64, 
        "created_at": "2013-06-25T22:36:53.911Z", 
        "updated_at": "2013-06-25T22:36:53.911Z", 
        "semester": 13
    }
},
{
    "pk": 896, 
    "model": "planner.courseoffering", 
    "fields": {
        "status": 0, 
        "course": 64, 
        "created_at": "2013-06-25T22:36:53.931Z", 
        "updated_at": "2013-06-25T22:36:53.931Z", 
        "semester": 15
    }
},
{
    "pk": 897, 
    "model": "planner.courseoffering", 
    "fields": {
        "status": 0, 
        "course": 122, 
        "created_at": "2013-06-25T22:36:53.960Z", 
        "updated_at": "2013-06-25T22:36:53.960Z", 
        "semester": 13
    }
},
{
    "pk": 898, 
    "model": "planner.courseoffering", 
    "fields": {
        "status": 0, 
        "course": 122, 
        "created_at": "2013-06-25T22:36:53.981Z", 
        "updated_at": "2013-06-25T22:36:53.981Z", 
        "semester": 15
    }
},
{
    "pk": 899, 
    "model": "planner.courseoffering", 
    "fields": {
        "status": 0, 
        "course": 108, 
        "created_at": "2013-06-25T22:36:54.010Z", 
        "updated_at": "2013-06-25T22:36:54.010Z", 
        "semester": 13
    }
},
{
    "pk": 900, 
    "model": "planner.courseoffering", 
    "fields": {
        "status": 0, 
        "course": 108, 
        "created_at": "2013-06-25T22:36:54.032Z", 
        "updated_at": "2013-06-25T22:36:54.032Z", 
        "semester": 15
    }
},
{
    "pk": 901, 
    "model": "planner.courseoffering", 
    "fields": {
        "status": 0, 
        "course": 65, 
        "created_at": "2013-06-25T22:36:54.062Z", 
        "updated_at": "2013-06-25T22:36:54.062Z", 
        "semester": 13
    }
},
{
    "pk": 902, 
    "model": "planner.courseoffering", 
    "fields": {
        "status": 0, 
        "course": 65, 
        "created_at": "2013-06-25T22:36:54.083Z", 
        "updated_at": "2013-06-25T22:36:54.083Z", 
        "semester": 15
    }
},
{
    "pk": 903, 
    "model": "planner.courseoffering", 
    "fields": {
        "status": 0, 
        "course": 123, 
        "created_at": "2013-06-25T22:36:54.113Z", 
        "updated_at": "2013-06-25T22:36:54.113Z", 
        "semester": 13
    }
},
{
    "pk": 904, 
    "model": "planner.courseoffering", 
    "fields": {
        "status": 0, 
        "course": 123, 
        "created_at": "2013-06-25T22:36:54.135Z", 
        "updated_at": "2013-06-25T22:36:54.135Z", 
        "semester": 15
    }
},
{
    "pk": 905, 
    "model": "planner.courseoffering", 
    "fields": {
        "status": 0, 
        "course": 124, 
        "created_at": "2013-06-25T22:36:54.165Z", 
        "updated_at": "2013-06-25T22:36:54.165Z", 
        "semester": 13
    }
},
{
    "pk": 906, 
    "model": "planner.courseoffering", 
    "fields": {
        "status": 0, 
        "course": 124, 
        "created_at": "2013-06-25T22:36:54.186Z", 
        "updated_at": "2013-06-25T22:36:54.186Z", 
        "semester": 15
    }
},
{
    "pk": 907, 
    "model": "planner.courseoffering", 
    "fields": {
        "status": 0, 
        "course": 125, 
        "created_at": "2013-06-25T22:36:54.215Z", 
        "updated_at": "2013-06-25T22:36:54.215Z", 
        "semester": 13
    }
},
{
    "pk": 908, 
    "model": "planner.courseoffering", 
    "fields": {
        "status": 0, 
        "course": 125, 
        "created_at": "2013-06-25T22:36:54.235Z", 
        "updated_at": "2013-06-25T22:36:54.236Z", 
        "semester": 15
    }
},
{
    "pk": 909, 
    "model": "planner.courseoffering", 
    "fields": {
        "status": 0, 
        "course": 126, 
        "created_at": "2013-06-25T22:36:54.269Z", 
        "updated_at": "2013-06-25T22:36:54.269Z", 
        "semester": 13
    }
},
{
    "pk": 910, 
    "model": "planner.courseoffering", 
    "fields": {
        "status": 0, 
        "course": 126, 
        "created_at": "2013-06-25T22:36:54.290Z", 
        "updated_at": "2013-06-25T22:36:54.290Z", 
        "semester": 15
    }
},
{
    "pk": 911, 
    "model": "planner.courseoffering", 
    "fields": {
        "status": 0, 
        "course": 83, 
        "created_at": "2013-06-25T22:36:54.319Z", 
        "updated_at": "2013-06-25T22:36:54.319Z", 
        "semester": 13
    }
},
{
    "pk": 912, 
    "model": "planner.courseoffering", 
    "fields": {
        "status": 0, 
        "course": 83, 
        "created_at": "2013-06-25T22:36:54.341Z", 
        "updated_at": "2013-06-25T22:36:54.341Z", 
        "semester": 14
    }
},
{
    "pk": 913, 
    "model": "planner.courseoffering", 
    "fields": {
        "status": 0, 
        "course": 83, 
        "created_at": "2013-06-25T22:36:54.364Z", 
        "updated_at": "2013-06-25T22:36:54.364Z", 
        "semester": 15
    }
},
{
    "pk": 914, 
    "model": "planner.courseoffering", 
    "fields": {
        "status": 0, 
        "course": 85, 
        "created_at": "2013-06-25T22:36:54.393Z", 
        "updated_at": "2013-06-25T22:36:54.393Z", 
        "semester": 13
    }
},
{
    "pk": 915, 
    "model": "planner.courseoffering", 
    "fields": {
        "status": 0, 
        "course": 85, 
        "created_at": "2013-06-25T22:36:54.415Z", 
        "updated_at": "2013-06-25T22:36:54.415Z", 
        "semester": 14
    }
},
{
    "pk": 916, 
    "model": "planner.courseoffering", 
    "fields": {
        "status": 0, 
        "course": 85, 
        "created_at": "2013-06-25T22:36:54.436Z", 
        "updated_at": "2013-06-25T22:36:54.436Z", 
        "semester": 15
    }
},
{
    "pk": 917, 
    "model": "planner.courseoffering", 
    "fields": {
        "status": 0, 
        "course": 84, 
        "created_at": "2013-06-25T22:36:54.465Z", 
        "updated_at": "2013-06-25T22:36:54.465Z", 
        "semester": 13
    }
},
{
    "pk": 918, 
    "model": "planner.courseoffering", 
    "fields": {
        "status": 0, 
        "course": 84, 
        "created_at": "2013-06-25T22:36:54.486Z", 
        "updated_at": "2013-06-25T22:36:54.486Z", 
        "semester": 14
    }
},
{
    "pk": 919, 
    "model": "planner.courseoffering", 
    "fields": {
        "status": 0, 
        "course": 84, 
        "created_at": "2013-06-25T22:36:54.507Z", 
        "updated_at": "2013-06-25T22:36:54.507Z", 
        "semester": 15
    }
},
{
    "pk": 920, 
    "model": "planner.courseoffering", 
    "fields": {
        "status": 0, 
        "course": 67, 
        "created_at": "2013-06-25T22:36:54.537Z", 
        "updated_at": "2013-06-25T22:36:54.537Z", 
        "semester": 13
    }
},
{
    "pk": 921, 
    "model": "planner.courseoffering", 
    "fields": {
        "status": 0, 
        "course": 67, 
        "created_at": "2013-06-25T22:36:54.558Z", 
        "updated_at": "2013-06-25T22:36:54.558Z", 
        "semester": 14
    }
},
{
    "pk": 922, 
    "model": "planner.courseoffering", 
    "fields": {
        "status": 0, 
        "course": 67, 
        "created_at": "2013-06-25T22:36:54.580Z", 
        "updated_at": "2013-06-25T22:36:54.580Z", 
        "semester": 15
    }
},
{
    "pk": 923, 
    "model": "planner.courseoffering", 
    "fields": {
        "status": 0, 
        "course": 68, 
        "created_at": "2013-06-25T22:36:54.609Z", 
        "updated_at": "2013-06-25T22:36:54.609Z", 
        "semester": 13
    }
},
{
    "pk": 924, 
    "model": "planner.courseoffering", 
    "fields": {
        "status": 0, 
        "course": 127, 
        "created_at": "2013-06-25T22:36:54.637Z", 
        "updated_at": "2013-06-25T22:36:54.637Z", 
        "semester": 13
    }
},
{
    "pk": 925, 
    "model": "planner.courseoffering", 
    "fields": {
        "status": 0, 
        "course": 127, 
        "created_at": "2013-06-25T22:36:54.659Z", 
        "updated_at": "2013-06-25T22:36:54.659Z", 
        "semester": 15
    }
},
{
    "pk": 926, 
    "model": "planner.courseoffering", 
    "fields": {
        "status": 0, 
        "course": 73, 
        "created_at": "2013-06-25T22:36:54.689Z", 
        "updated_at": "2013-06-25T22:36:54.689Z", 
        "semester": 13
    }
},
{
    "pk": 927, 
    "model": "planner.courseoffering", 
    "fields": {
        "status": 0, 
        "course": 73, 
        "created_at": "2013-06-25T22:36:54.710Z", 
        "updated_at": "2013-06-25T22:36:54.711Z", 
        "semester": 14
    }
},
{
    "pk": 928, 
    "model": "planner.courseoffering", 
    "fields": {
        "status": 0, 
        "course": 73, 
        "created_at": "2013-06-25T22:36:54.732Z", 
        "updated_at": "2013-06-25T22:36:54.732Z", 
        "semester": 15
    }
},
{
    "pk": 929, 
    "model": "planner.courseoffering", 
    "fields": {
        "status": 0, 
        "course": 92, 
        "created_at": "2013-06-25T22:36:54.761Z", 
        "updated_at": "2013-06-25T22:36:54.761Z", 
        "semester": 13
    }
},
{
    "pk": 930, 
    "model": "planner.courseoffering", 
    "fields": {
        "status": 0, 
        "course": 92, 
        "created_at": "2013-06-25T22:36:54.783Z", 
        "updated_at": "2013-06-25T22:36:54.783Z", 
        "semester": 15
    }
},
{
    "pk": 931, 
    "model": "planner.courseoffering", 
    "fields": {
        "status": 0, 
        "course": 93, 
        "created_at": "2013-06-25T22:36:54.813Z", 
        "updated_at": "2013-06-25T22:36:54.813Z", 
        "semester": 13
    }
},
{
    "pk": 932, 
    "model": "planner.courseoffering", 
    "fields": {
        "status": 0, 
        "course": 93, 
        "created_at": "2013-06-25T22:36:54.835Z", 
        "updated_at": "2013-06-25T22:36:54.835Z", 
        "semester": 15
    }
},
{
    "pk": 933, 
    "model": "planner.courseoffering", 
    "fields": {
        "status": 0, 
        "course": 94, 
        "created_at": "2013-06-25T22:36:54.864Z", 
        "updated_at": "2013-06-25T22:36:54.864Z", 
        "semester": 13
    }
},
{
    "pk": 934, 
    "model": "planner.courseoffering", 
    "fields": {
        "status": 0, 
        "course": 94, 
        "created_at": "2013-06-25T22:36:54.888Z", 
        "updated_at": "2013-06-25T22:36:54.889Z", 
        "semester": 15
    }
},
{
    "pk": 935, 
    "model": "planner.courseoffering", 
    "fields": {
        "status": 0, 
        "course": 95, 
        "created_at": "2013-06-25T22:36:54.918Z", 
        "updated_at": "2013-06-25T22:36:54.919Z", 
        "semester": 13
    }
},
{
    "pk": 936, 
    "model": "planner.courseoffering", 
    "fields": {
        "status": 0, 
        "course": 95, 
        "created_at": "2013-06-25T22:36:54.940Z", 
        "updated_at": "2013-06-25T22:36:54.940Z", 
        "semester": 15
    }
},
{
    "pk": 937, 
    "model": "planner.courseoffering", 
    "fields": {
        "status": 0, 
        "course": 17, 
        "created_at": "2013-06-25T22:36:54.969Z", 
        "updated_at": "2013-06-25T22:36:54.970Z", 
        "semester": 13
    }
},
{
    "pk": 938, 
    "model": "planner.courseoffering", 
    "fields": {
        "status": 0, 
        "course": 17, 
        "created_at": "2013-06-25T22:36:54.990Z", 
        "updated_at": "2013-06-25T22:36:54.990Z", 
        "semester": 15
    }
},
{
    "pk": 939, 
    "model": "planner.courseoffering", 
    "fields": {
        "status": 0, 
        "course": 96, 
        "created_at": "2013-06-25T22:36:55.020Z", 
        "updated_at": "2013-06-25T22:36:55.020Z", 
        "semester": 13
    }
},
{
    "pk": 940, 
    "model": "planner.courseoffering", 
    "fields": {
        "status": 0, 
        "course": 96, 
        "created_at": "2013-06-25T22:36:55.040Z", 
        "updated_at": "2013-06-25T22:36:55.041Z", 
        "semester": 15
    }
},
{
    "pk": 941, 
    "model": "planner.courseoffering", 
    "fields": {
        "status": 0, 
        "course": 97, 
        "created_at": "2013-06-25T22:36:55.070Z", 
        "updated_at": "2013-06-25T22:36:55.070Z", 
        "semester": 13
    }
},
{
    "pk": 942, 
    "model": "planner.courseoffering", 
    "fields": {
        "status": 0, 
        "course": 97, 
        "created_at": "2013-06-25T22:36:55.090Z", 
        "updated_at": "2013-06-25T22:36:55.090Z", 
        "semester": 15
    }
},
{
    "pk": 943, 
    "model": "planner.courseoffering", 
    "fields": {
        "status": 0, 
        "course": 18, 
        "created_at": "2013-06-25T22:36:55.120Z", 
        "updated_at": "2013-06-25T22:36:55.120Z", 
        "semester": 13
    }
},
{
    "pk": 944, 
    "model": "planner.courseoffering", 
    "fields": {
        "status": 0, 
        "course": 98, 
        "created_at": "2013-06-25T22:36:55.149Z", 
        "updated_at": "2013-06-25T22:36:55.149Z", 
        "semester": 13
    }
},
{
    "pk": 945, 
    "model": "planner.courseoffering", 
    "fields": {
        "status": 0, 
        "course": 98, 
        "created_at": "2013-06-25T22:36:55.171Z", 
        "updated_at": "2013-06-25T22:36:55.171Z", 
        "semester": 15
    }
},
{
    "pk": 946, 
    "model": "planner.courseoffering", 
    "fields": {
        "status": 0, 
        "course": 35, 
        "created_at": "2013-06-25T22:36:55.200Z", 
        "updated_at": "2013-06-25T22:36:55.200Z", 
        "semester": 13
    }
},
{
    "pk": 947, 
    "model": "planner.courseoffering", 
    "fields": {
        "status": 0, 
        "course": 35, 
        "created_at": "2013-06-25T22:36:55.221Z", 
        "updated_at": "2013-06-25T22:36:55.221Z", 
        "semester": 15
    }
},
{
    "pk": 948, 
    "model": "planner.courseoffering", 
    "fields": {
        "status": 0, 
        "course": 36, 
        "created_at": "2013-06-25T22:36:55.249Z", 
        "updated_at": "2013-06-25T22:36:55.249Z", 
        "semester": 13
    }
},
{
    "pk": 949, 
    "model": "planner.courseoffering", 
    "fields": {
        "status": 0, 
        "course": 36, 
        "created_at": "2013-06-25T22:36:55.272Z", 
        "updated_at": "2013-06-25T22:36:55.272Z", 
        "semester": 15
    }
},
{
    "pk": 950, 
    "model": "planner.courseoffering", 
    "fields": {
        "status": 0, 
        "course": 37, 
        "created_at": "2013-06-25T22:36:55.311Z", 
        "updated_at": "2013-06-25T22:36:55.311Z", 
        "semester": 13
    }
},
{
    "pk": 951, 
    "model": "planner.courseoffering", 
    "fields": {
        "status": 0, 
        "course": 37, 
        "created_at": "2013-06-25T22:36:55.332Z", 
        "updated_at": "2013-06-25T22:36:55.332Z", 
        "semester": 15
    }
},
{
    "pk": 952, 
    "model": "planner.courseoffering", 
    "fields": {
        "status": 0, 
        "course": 38, 
        "created_at": "2013-06-25T22:36:55.362Z", 
        "updated_at": "2013-06-25T22:36:55.362Z", 
        "semester": 13
    }
},
{
    "pk": 953, 
    "model": "planner.courseoffering", 
    "fields": {
        "status": 0, 
        "course": 38, 
        "created_at": "2013-06-25T22:36:55.383Z", 
        "updated_at": "2013-06-25T22:36:55.383Z", 
        "semester": 15
    }
},
{
    "pk": 954, 
    "model": "planner.courseoffering", 
    "fields": {
        "status": 0, 
        "course": 39, 
        "created_at": "2013-06-25T22:36:55.412Z", 
        "updated_at": "2013-06-25T22:36:55.412Z", 
        "semester": 13
    }
},
{
    "pk": 955, 
    "model": "planner.courseoffering", 
    "fields": {
        "status": 0, 
        "course": 39, 
        "created_at": "2013-06-25T22:36:55.435Z", 
        "updated_at": "2013-06-25T22:36:55.435Z", 
        "semester": 15
    }
},
{
    "pk": 956, 
    "model": "planner.courseoffering", 
    "fields": {
        "status": 0, 
        "course": 21, 
        "created_at": "2013-06-25T22:36:55.466Z", 
        "updated_at": "2013-06-25T22:36:55.466Z", 
        "semester": 15
    }
},
{
    "pk": 957, 
    "model": "planner.courseoffering", 
    "fields": {
        "status": 0, 
        "course": 86, 
        "created_at": "2013-06-25T22:36:55.495Z", 
        "updated_at": "2013-06-25T22:36:55.495Z", 
        "semester": 13
    }
},
{
    "pk": 958, 
    "model": "planner.courseoffering", 
    "fields": {
        "status": 0, 
        "course": 86, 
        "created_at": "2013-06-25T22:36:55.517Z", 
        "updated_at": "2013-06-25T22:36:55.517Z", 
        "semester": 14
    }
},
{
    "pk": 959, 
    "model": "planner.courseoffering", 
    "fields": {
        "status": 0, 
        "course": 86, 
        "created_at": "2013-06-25T22:36:55.537Z", 
        "updated_at": "2013-06-25T22:36:55.538Z", 
        "semester": 15
    }
},
{
    "pk": 960, 
    "model": "planner.courseoffering", 
    "fields": {
        "status": 0, 
        "course": 72, 
        "created_at": "2013-06-25T22:36:55.568Z", 
        "updated_at": "2013-06-25T22:36:55.568Z", 
        "semester": 13
    }
},
{
    "pk": 961, 
    "model": "planner.courseoffering", 
    "fields": {
        "status": 0, 
        "course": 72, 
        "created_at": "2013-06-25T22:36:55.589Z", 
        "updated_at": "2013-06-25T22:36:55.589Z", 
        "semester": 14
    }
},
{
    "pk": 962, 
    "model": "planner.courseoffering", 
    "fields": {
        "status": 0, 
        "course": 72, 
        "created_at": "2013-06-25T22:36:55.610Z", 
        "updated_at": "2013-06-25T22:36:55.610Z", 
        "semester": 15
    }
},
{
    "pk": 963, 
    "model": "planner.courseoffering", 
    "fields": {
        "status": 0, 
        "course": 74, 
        "created_at": "2013-06-25T22:36:55.639Z", 
        "updated_at": "2013-06-25T22:36:55.639Z", 
        "semester": 13
    }
},
{
    "pk": 964, 
    "model": "planner.courseoffering", 
    "fields": {
        "status": 0, 
        "course": 74, 
        "created_at": "2013-06-25T22:36:55.662Z", 
        "updated_at": "2013-06-25T22:36:55.662Z", 
        "semester": 15
    }
},
{
    "pk": 965, 
    "model": "planner.courseoffering", 
    "fields": {
        "status": 0, 
        "course": 75, 
        "created_at": "2013-06-25T22:36:55.691Z", 
        "updated_at": "2013-06-25T22:36:55.691Z", 
        "semester": 13
    }
},
{
    "pk": 966, 
    "model": "planner.courseoffering", 
    "fields": {
        "status": 0, 
        "course": 75, 
        "created_at": "2013-06-25T22:36:55.712Z", 
        "updated_at": "2013-06-25T22:36:55.712Z", 
        "semester": 14
    }
},
{
    "pk": 967, 
    "model": "planner.courseoffering", 
    "fields": {
        "status": 0, 
        "course": 75, 
        "created_at": "2013-06-25T22:36:55.734Z", 
        "updated_at": "2013-06-25T22:36:55.734Z", 
        "semester": 15
    }
},
{
    "pk": 968, 
    "model": "planner.courseoffering", 
    "fields": {
        "status": 0, 
        "course": 76, 
        "created_at": "2013-06-25T22:36:55.763Z", 
        "updated_at": "2013-06-25T22:36:55.763Z", 
        "semester": 13
    }
},
{
    "pk": 969, 
    "model": "planner.courseoffering", 
    "fields": {
        "status": 0, 
        "course": 76, 
        "created_at": "2013-06-25T22:36:55.784Z", 
        "updated_at": "2013-06-25T22:36:55.785Z", 
        "semester": 14
    }
},
{
    "pk": 970, 
    "model": "planner.courseoffering", 
    "fields": {
        "status": 0, 
        "course": 76, 
        "created_at": "2013-06-25T22:36:55.806Z", 
        "updated_at": "2013-06-25T22:36:55.806Z", 
        "semester": 15
    }
},
{
    "pk": 971, 
    "model": "planner.courseoffering", 
    "fields": {
        "status": 0, 
        "course": 77, 
        "created_at": "2013-06-25T22:36:55.836Z", 
        "updated_at": "2013-06-25T22:36:55.836Z", 
        "semester": 13
    }
},
{
    "pk": 972, 
    "model": "planner.courseoffering", 
    "fields": {
        "status": 0, 
        "course": 77, 
        "created_at": "2013-06-25T22:36:55.878Z", 
        "updated_at": "2013-06-25T22:36:55.878Z", 
        "semester": 14
    }
},
{
    "pk": 973, 
    "model": "planner.courseoffering", 
    "fields": {
        "status": 0, 
        "course": 77, 
        "created_at": "2013-06-25T22:36:55.899Z", 
        "updated_at": "2013-06-25T22:36:55.899Z", 
        "semester": 15
    }
},
{
    "pk": 974, 
    "model": "planner.courseoffering", 
    "fields": {
        "status": 0, 
        "course": 78, 
        "created_at": "2013-06-25T22:36:55.928Z", 
        "updated_at": "2013-06-25T22:36:55.928Z", 
        "semester": 13
    }
},
{
    "pk": 975, 
    "model": "planner.courseoffering", 
    "fields": {
        "status": 0, 
        "course": 78, 
        "created_at": "2013-06-25T22:36:55.949Z", 
        "updated_at": "2013-06-25T22:36:55.949Z", 
        "semester": 14
    }
},
{
    "pk": 976, 
    "model": "planner.courseoffering", 
    "fields": {
        "status": 0, 
        "course": 78, 
        "created_at": "2013-06-25T22:36:55.970Z", 
        "updated_at": "2013-06-25T22:36:55.970Z", 
        "semester": 15
    }
},
{
    "pk": 977, 
    "model": "planner.courseoffering", 
    "fields": {
        "status": 0, 
        "course": 79, 
        "created_at": "2013-06-25T22:36:56.001Z", 
        "updated_at": "2013-06-25T22:36:56.001Z", 
        "semester": 13
    }
},
{
    "pk": 978, 
    "model": "planner.courseoffering", 
    "fields": {
        "status": 0, 
        "course": 79, 
        "created_at": "2013-06-25T22:36:56.022Z", 
        "updated_at": "2013-06-25T22:36:56.022Z", 
        "semester": 14
    }
},
{
    "pk": 979, 
    "model": "planner.courseoffering", 
    "fields": {
        "status": 0, 
        "course": 79, 
        "created_at": "2013-06-25T22:36:56.043Z", 
        "updated_at": "2013-06-25T22:36:56.043Z", 
        "semester": 15
    }
},
{
    "pk": 980, 
    "model": "planner.courseoffering", 
    "fields": {
        "status": 0, 
        "course": 80, 
        "created_at": "2013-06-25T22:36:56.073Z", 
        "updated_at": "2013-06-25T22:36:56.073Z", 
        "semester": 13
    }
},
{
    "pk": 981, 
    "model": "planner.courseoffering", 
    "fields": {
        "status": 0, 
        "course": 80, 
        "created_at": "2013-06-25T22:36:56.095Z", 
        "updated_at": "2013-06-25T22:36:56.095Z", 
        "semester": 14
    }
},
{
    "pk": 982, 
    "model": "planner.courseoffering", 
    "fields": {
        "status": 0, 
        "course": 80, 
        "created_at": "2013-06-25T22:36:56.116Z", 
        "updated_at": "2013-06-25T22:36:56.116Z", 
        "semester": 15
    }
},
{
    "pk": 983, 
    "model": "planner.courseoffering", 
    "fields": {
        "status": 0, 
        "course": 81, 
        "created_at": "2013-06-25T22:36:56.146Z", 
        "updated_at": "2013-06-25T22:36:56.146Z", 
        "semester": 13
    }
},
{
    "pk": 984, 
    "model": "planner.courseoffering", 
    "fields": {
        "status": 0, 
        "course": 81, 
        "created_at": "2013-06-25T22:36:56.167Z", 
        "updated_at": "2013-06-25T22:36:56.167Z", 
        "semester": 14
    }
},
{
    "pk": 985, 
    "model": "planner.courseoffering", 
    "fields": {
        "status": 0, 
        "course": 81, 
        "created_at": "2013-06-25T22:36:56.188Z", 
        "updated_at": "2013-06-25T22:36:56.188Z", 
        "semester": 15
    }
},
{
    "pk": 986, 
    "model": "planner.courseoffering", 
    "fields": {
        "status": 0, 
        "course": 82, 
        "created_at": "2013-06-25T22:36:56.219Z", 
        "updated_at": "2013-06-25T22:36:56.220Z", 
        "semester": 13
    }
},
{
    "pk": 987, 
    "model": "planner.courseoffering", 
    "fields": {
        "status": 0, 
        "course": 82, 
        "created_at": "2013-06-25T22:36:56.240Z", 
        "updated_at": "2013-06-25T22:36:56.240Z", 
        "semester": 14
    }
},
{
    "pk": 988, 
    "model": "planner.courseoffering", 
    "fields": {
        "status": 0, 
        "course": 82, 
        "created_at": "2013-06-25T22:36:56.261Z", 
        "updated_at": "2013-06-25T22:36:56.261Z", 
        "semester": 15
    }
},
{
    "pk": 989, 
    "model": "planner.courseoffering", 
    "fields": {
        "status": 0, 
        "course": 109, 
        "created_at": "2013-06-25T22:36:56.296Z", 
        "updated_at": "2013-06-25T22:36:56.296Z", 
        "semester": 13
    }
},
{
    "pk": 990, 
    "model": "planner.courseoffering", 
    "fields": {
        "status": 0, 
        "course": 109, 
        "created_at": "2013-06-25T22:36:56.318Z", 
        "updated_at": "2013-06-25T22:36:56.318Z", 
        "semester": 15
    }
},
{
    "pk": 991, 
    "model": "planner.courseoffering", 
    "fields": {
        "status": 0, 
        "course": 58, 
        "created_at": "2013-06-25T22:36:56.348Z", 
        "updated_at": "2013-06-25T22:36:56.348Z", 
        "semester": 13
    }
},
{
    "pk": 992, 
    "model": "planner.courseoffering", 
    "fields": {
        "status": 0, 
        "course": 58, 
        "created_at": "2013-06-25T22:36:56.370Z", 
        "updated_at": "2013-06-25T22:36:56.370Z", 
        "semester": 15
    }
},
{
    "pk": 993, 
    "model": "planner.courseoffering", 
    "fields": {
        "status": 0, 
        "course": 66, 
        "created_at": "2013-06-25T22:36:56.399Z", 
        "updated_at": "2013-06-25T22:36:56.399Z", 
        "semester": 13
    }
},
{
    "pk": 994, 
    "model": "planner.courseoffering", 
    "fields": {
        "status": 0, 
        "course": 66, 
        "created_at": "2013-06-25T22:36:56.419Z", 
        "updated_at": "2013-06-25T22:36:56.419Z", 
        "semester": 15
    }
},
{
    "pk": 995, 
    "model": "planner.courseoffering", 
    "fields": {
        "status": 0, 
        "course": 59, 
        "created_at": "2013-06-25T22:36:56.449Z", 
        "updated_at": "2013-06-25T22:36:56.449Z", 
        "semester": 13
    }
},
{
    "pk": 996, 
    "model": "planner.courseoffering", 
    "fields": {
        "status": 0, 
        "course": 59, 
        "created_at": "2013-06-25T22:36:56.470Z", 
        "updated_at": "2013-06-25T22:36:56.470Z", 
        "semester": 15
    }
},
{
    "pk": 997, 
    "model": "planner.courseoffering", 
    "fields": {
        "status": 0, 
        "course": 60, 
        "created_at": "2013-06-25T22:36:56.501Z", 
        "updated_at": "2013-06-25T22:36:56.501Z", 
        "semester": 13
    }
},
{
    "pk": 998, 
    "model": "planner.courseoffering", 
    "fields": {
        "status": 0, 
        "course": 60, 
        "created_at": "2013-06-25T22:36:56.524Z", 
        "updated_at": "2013-06-25T22:36:56.524Z", 
        "semester": 15
    }
},
{
    "pk": 999, 
    "model": "planner.courseoffering", 
    "fields": {
        "status": 0, 
        "course": 110, 
        "created_at": "2013-06-25T22:36:56.554Z", 
        "updated_at": "2013-06-25T22:36:56.554Z", 
        "semester": 13
    }
},
{
    "pk": 1000, 
    "model": "planner.courseoffering", 
    "fields": {
        "status": 0, 
        "course": 110, 
        "created_at": "2013-06-25T22:36:56.576Z", 
        "updated_at": "2013-06-25T22:36:56.576Z", 
        "semester": 15
    }
},
{
    "pk": 1001, 
    "model": "planner.courseoffering", 
    "fields": {
        "status": 0, 
        "course": 111, 
        "created_at": "2013-06-25T22:36:56.606Z", 
        "updated_at": "2013-06-25T22:36:56.606Z", 
        "semester": 13
    }
},
{
    "pk": 1002, 
    "model": "planner.courseoffering", 
    "fields": {
        "status": 0, 
        "course": 111, 
        "created_at": "2013-06-25T22:36:56.628Z", 
        "updated_at": "2013-06-25T22:36:56.628Z", 
        "semester": 15
    }
},
{
    "pk": 1003, 
    "model": "planner.courseoffering", 
    "fields": {
        "status": 0, 
        "course": 112, 
        "created_at": "2013-06-25T22:36:56.659Z", 
        "updated_at": "2013-06-25T22:36:56.659Z", 
        "semester": 13
    }
},
{
    "pk": 1004, 
    "model": "planner.courseoffering", 
    "fields": {
        "status": 0, 
        "course": 112, 
        "created_at": "2013-06-25T22:36:56.679Z", 
        "updated_at": "2013-06-25T22:36:56.679Z", 
        "semester": 15
    }
},
{
    "pk": 1005, 
    "model": "planner.courseoffering", 
    "fields": {
        "status": 0, 
        "course": 128, 
        "created_at": "2013-06-25T22:36:56.711Z", 
        "updated_at": "2013-06-25T22:36:56.711Z", 
        "semester": 13
    }
},
{
    "pk": 1006, 
    "model": "planner.courseoffering", 
    "fields": {
        "status": 0, 
        "course": 128, 
        "created_at": "2013-06-25T22:36:56.731Z", 
        "updated_at": "2013-06-25T22:36:56.732Z", 
        "semester": 15
    }
},
{
    "pk": 1007, 
    "model": "planner.courseoffering", 
    "fields": {
        "status": 0, 
        "course": 129, 
        "created_at": "2013-06-25T22:36:56.761Z", 
        "updated_at": "2013-06-25T22:36:56.761Z", 
        "semester": 13
    }
},
{
    "pk": 1008, 
    "model": "planner.courseoffering", 
    "fields": {
        "status": 0, 
        "course": 129, 
        "created_at": "2013-06-25T22:36:56.782Z", 
        "updated_at": "2013-06-25T22:36:56.782Z", 
        "semester": 15
    }
},
{
    "pk": 1009, 
    "model": "planner.courseoffering", 
    "fields": {
        "status": 0, 
        "course": 130, 
        "created_at": "2013-06-25T22:36:56.811Z", 
        "updated_at": "2013-06-25T22:36:56.811Z", 
        "semester": 13
    }
},
{
    "pk": 1010, 
    "model": "planner.courseoffering", 
    "fields": {
        "status": 0, 
        "course": 130, 
        "created_at": "2013-06-25T22:36:56.833Z", 
        "updated_at": "2013-06-25T22:36:56.833Z", 
        "semester": 15
    }
},
{
    "pk": 1011, 
    "model": "planner.courseoffering", 
    "fields": {
        "status": 0, 
        "course": 113, 
        "created_at": "2013-06-25T22:36:56.862Z", 
        "updated_at": "2013-06-25T22:36:56.862Z", 
        "semester": 13
    }
},
{
    "pk": 1012, 
    "model": "planner.courseoffering", 
    "fields": {
        "status": 0, 
        "course": 113, 
        "created_at": "2013-06-25T22:36:56.884Z", 
        "updated_at": "2013-06-25T22:36:56.884Z", 
        "semester": 15
    }
},
{
    "pk": 1013, 
    "model": "planner.courseoffering", 
    "fields": {
        "status": 0, 
        "course": 131, 
        "created_at": "2013-06-25T22:36:56.913Z", 
        "updated_at": "2013-06-25T22:36:56.913Z", 
        "semester": 13
    }
},
{
    "pk": 1014, 
    "model": "planner.courseoffering", 
    "fields": {
        "status": 0, 
        "course": 131, 
        "created_at": "2013-06-25T22:36:56.935Z", 
        "updated_at": "2013-06-25T22:36:56.936Z", 
        "semester": 15
    }
},
{
    "pk": 1015, 
    "model": "planner.courseoffering", 
    "fields": {
        "status": 0, 
        "course": 132, 
        "created_at": "2013-06-25T22:36:56.965Z", 
        "updated_at": "2013-06-25T22:36:56.965Z", 
        "semester": 13
    }
},
{
    "pk": 1016, 
    "model": "planner.courseoffering", 
    "fields": {
        "status": 0, 
        "course": 132, 
        "created_at": "2013-06-25T22:36:56.986Z", 
        "updated_at": "2013-06-25T22:36:56.986Z", 
        "semester": 15
    }
},
{
    "pk": 1017, 
    "model": "planner.courseoffering", 
    "fields": {
        "status": 0, 
        "course": 133, 
        "created_at": "2013-06-25T22:36:57.015Z", 
        "updated_at": "2013-06-25T22:36:57.015Z", 
        "semester": 13
    }
},
{
    "pk": 1018, 
    "model": "planner.courseoffering", 
    "fields": {
        "status": 0, 
        "course": 133, 
        "created_at": "2013-06-25T22:36:57.035Z", 
        "updated_at": "2013-06-25T22:36:57.035Z", 
        "semester": 15
    }
},
{
    "pk": 1019, 
    "model": "planner.courseoffering", 
    "fields": {
        "status": 0, 
        "course": 134, 
        "created_at": "2013-06-25T22:36:57.065Z", 
        "updated_at": "2013-06-25T22:36:57.065Z", 
        "semester": 13
    }
},
{
    "pk": 1020, 
    "model": "planner.courseoffering", 
    "fields": {
        "status": 0, 
        "course": 134, 
        "created_at": "2013-06-25T22:36:57.087Z", 
        "updated_at": "2013-06-25T22:36:57.087Z", 
        "semester": 15
    }
},
{
    "pk": 1021, 
    "model": "planner.courseoffering", 
    "fields": {
        "status": 0, 
        "course": 135, 
        "created_at": "2013-06-25T22:36:57.117Z", 
        "updated_at": "2013-06-25T22:36:57.117Z", 
        "semester": 13
    }
},
{
    "pk": 1022, 
    "model": "planner.courseoffering", 
    "fields": {
        "status": 0, 
        "course": 135, 
        "created_at": "2013-06-25T22:36:57.138Z", 
        "updated_at": "2013-06-25T22:36:57.138Z", 
        "semester": 15
    }
},
{
    "pk": 1023, 
    "model": "planner.courseoffering", 
    "fields": {
        "status": 0, 
        "course": 136, 
        "created_at": "2013-06-25T22:36:57.168Z", 
        "updated_at": "2013-06-25T22:36:57.168Z", 
        "semester": 13
    }
},
{
    "pk": 1024, 
    "model": "planner.courseoffering", 
    "fields": {
        "status": 0, 
        "course": 136, 
        "created_at": "2013-06-25T22:36:57.190Z", 
        "updated_at": "2013-06-25T22:36:57.190Z", 
        "semester": 15
    }
},
{
    "pk": 1025, 
    "model": "planner.courseoffering", 
    "fields": {
        "status": 0, 
        "course": 71, 
        "created_at": "2013-06-25T22:36:57.220Z", 
        "updated_at": "2013-06-25T22:36:57.220Z", 
        "semester": 13
    }
},
{
    "pk": 1026, 
    "model": "planner.courseoffering", 
    "fields": {
        "status": 0, 
        "course": 71, 
        "created_at": "2013-06-25T22:36:57.243Z", 
        "updated_at": "2013-06-25T22:36:57.243Z", 
        "semester": 14
    }
},
{
    "pk": 1027, 
    "model": "planner.courseoffering", 
    "fields": {
        "status": 0, 
        "course": 71, 
        "created_at": "2013-06-25T22:36:57.265Z", 
        "updated_at": "2013-06-25T22:36:57.265Z", 
        "semester": 15
    }
},
{
    "pk": 1028, 
    "model": "planner.courseoffering", 
    "fields": {
        "status": 0, 
        "course": 114, 
        "created_at": "2013-06-25T22:36:57.295Z", 
        "updated_at": "2013-06-25T22:36:57.295Z", 
        "semester": 13
    }
},
{
    "pk": 1029, 
    "model": "planner.courseoffering", 
    "fields": {
        "status": 0, 
        "course": 114, 
        "created_at": "2013-06-25T22:36:57.320Z", 
        "updated_at": "2013-06-25T22:36:57.321Z", 
        "semester": 15
    }
},
{
    "pk": 1030, 
    "model": "planner.courseoffering", 
    "fields": {
        "status": 0, 
        "course": 115, 
        "created_at": "2013-06-25T22:36:57.350Z", 
        "updated_at": "2013-06-25T22:36:57.350Z", 
        "semester": 13
    }
},
{
    "pk": 1031, 
    "model": "planner.courseoffering", 
    "fields": {
        "status": 0, 
        "course": 115, 
        "created_at": "2013-06-25T22:36:57.371Z", 
        "updated_at": "2013-06-25T22:36:57.371Z", 
        "semester": 15
    }
},
{
    "pk": 1032, 
    "model": "planner.courseoffering", 
    "fields": {
        "status": 0, 
        "course": 116, 
        "created_at": "2013-06-25T22:36:57.401Z", 
        "updated_at": "2013-06-25T22:36:57.401Z", 
        "semester": 13
    }
},
{
    "pk": 1033, 
    "model": "planner.courseoffering", 
    "fields": {
        "status": 0, 
        "course": 116, 
        "created_at": "2013-06-25T22:36:57.422Z", 
        "updated_at": "2013-06-25T22:36:57.422Z", 
        "semester": 15
    }
},
{
    "pk": 1034, 
    "model": "planner.courseoffering", 
    "fields": {
        "status": 0, 
        "course": 117, 
        "created_at": "2013-06-25T22:36:57.453Z", 
        "updated_at": "2013-06-25T22:36:57.453Z", 
        "semester": 13
    }
},
{
    "pk": 1035, 
    "model": "planner.courseoffering", 
    "fields": {
        "status": 0, 
        "course": 117, 
        "created_at": "2013-06-25T22:36:57.475Z", 
        "updated_at": "2013-06-25T22:36:57.475Z", 
        "semester": 15
    }
},
{
    "pk": 1036, 
    "model": "planner.courseoffering", 
    "fields": {
        "status": 0, 
        "course": 118, 
        "created_at": "2013-06-25T22:36:57.505Z", 
        "updated_at": "2013-06-25T22:36:57.505Z", 
        "semester": 13
    }
},
{
    "pk": 1037, 
    "model": "planner.courseoffering", 
    "fields": {
        "status": 0, 
        "course": 118, 
        "created_at": "2013-06-25T22:36:57.527Z", 
        "updated_at": "2013-06-25T22:36:57.527Z", 
        "semester": 15
    }
},
{
    "pk": 1038, 
    "model": "planner.courseoffering", 
    "fields": {
        "status": 0, 
        "course": 137, 
        "created_at": "2013-06-25T22:36:57.557Z", 
        "updated_at": "2013-06-25T22:36:57.557Z", 
        "semester": 13
    }
},
{
    "pk": 1039, 
    "model": "planner.courseoffering", 
    "fields": {
        "status": 0, 
        "course": 137, 
        "created_at": "2013-06-25T22:36:57.578Z", 
        "updated_at": "2013-06-25T22:36:57.578Z", 
        "semester": 15
    }
},
{
    "pk": 1040, 
    "model": "planner.courseoffering", 
    "fields": {
        "status": 0, 
        "course": 138, 
        "created_at": "2013-06-25T22:36:57.608Z", 
        "updated_at": "2013-06-25T22:36:57.608Z", 
        "semester": 13
    }
},
{
    "pk": 1041, 
    "model": "planner.courseoffering", 
    "fields": {
        "status": 0, 
        "course": 138, 
        "created_at": "2013-06-25T22:36:57.630Z", 
        "updated_at": "2013-06-25T22:36:57.630Z", 
        "semester": 15
    }
},
{
    "pk": 1042, 
    "model": "planner.courseoffering", 
    "fields": {
        "status": 0, 
        "course": 99, 
        "created_at": "2013-06-25T22:36:57.660Z", 
        "updated_at": "2013-06-25T22:36:57.660Z", 
        "semester": 13
    }
},
{
    "pk": 1043, 
    "model": "planner.courseoffering", 
    "fields": {
        "status": 0, 
        "course": 99, 
        "created_at": "2013-06-25T22:36:57.682Z", 
        "updated_at": "2013-06-25T22:36:57.682Z", 
        "semester": 15
    }
},
{
    "pk": 1044, 
    "model": "planner.courseoffering", 
    "fields": {
        "status": 0, 
        "course": 139, 
        "created_at": "2013-06-25T22:36:57.713Z", 
        "updated_at": "2013-06-25T22:36:57.713Z", 
        "semester": 13
    }
},
{
    "pk": 1045, 
    "model": "planner.courseoffering", 
    "fields": {
        "status": 0, 
        "course": 139, 
        "created_at": "2013-06-25T22:36:57.733Z", 
        "updated_at": "2013-06-25T22:36:57.733Z", 
        "semester": 15
    }
},
{
    "pk": 1046, 
    "model": "planner.courseoffering", 
    "fields": {
        "status": 0, 
        "course": 140, 
        "created_at": "2013-06-25T22:36:57.762Z", 
        "updated_at": "2013-06-25T22:36:57.762Z", 
        "semester": 13
    }
},
{
    "pk": 1047, 
    "model": "planner.courseoffering", 
    "fields": {
        "status": 0, 
        "course": 140, 
        "created_at": "2013-06-25T22:36:57.786Z", 
        "updated_at": "2013-06-25T22:36:57.786Z", 
        "semester": 15
    }
},
{
    "pk": 1048, 
    "model": "planner.courseoffering", 
    "fields": {
        "status": 0, 
        "course": 119, 
        "created_at": "2013-06-25T22:36:57.815Z", 
        "updated_at": "2013-06-25T22:36:57.815Z", 
        "semester": 13
    }
},
{
    "pk": 1049, 
    "model": "planner.courseoffering", 
    "fields": {
        "status": 0, 
        "course": 119, 
        "created_at": "2013-06-25T22:36:57.837Z", 
        "updated_at": "2013-06-25T22:36:57.837Z", 
        "semester": 15
    }
},
{
    "pk": 1050, 
    "model": "planner.courseoffering", 
    "fields": {
        "status": 0, 
        "course": 120, 
        "created_at": "2013-06-25T22:36:57.866Z", 
        "updated_at": "2013-06-25T22:36:57.866Z", 
        "semester": 13
    }
},
{
    "pk": 1051, 
    "model": "planner.courseoffering", 
    "fields": {
        "status": 0, 
        "course": 120, 
        "created_at": "2013-06-25T22:36:57.887Z", 
        "updated_at": "2013-06-25T22:36:57.887Z", 
        "semester": 15
    }
},
{
    "pk": 1052, 
    "model": "planner.courseoffering", 
    "fields": {
        "status": 0, 
        "course": 121, 
        "created_at": "2013-06-25T22:36:57.917Z", 
        "updated_at": "2013-06-25T22:36:57.917Z", 
        "semester": 13
    }
},
{
    "pk": 1053, 
    "model": "planner.courseoffering", 
    "fields": {
        "status": 0, 
        "course": 121, 
        "created_at": "2013-06-25T22:36:57.939Z", 
        "updated_at": "2013-06-25T22:36:57.939Z", 
        "semester": 15
    }
},
{
    "pk": 1054, 
    "model": "planner.courseoffering", 
    "fields": {
        "status": 0, 
        "course": 19, 
        "created_at": "2013-06-25T22:36:57.969Z", 
        "updated_at": "2013-06-25T22:36:57.969Z", 
        "semester": 13
    }
},
{
    "pk": 1055, 
    "model": "planner.courseoffering", 
    "fields": {
        "status": 0, 
        "course": 19, 
        "created_at": "2013-06-25T22:36:57.991Z", 
        "updated_at": "2013-06-25T22:36:57.991Z", 
        "semester": 15
    }
},
{
    "pk": 1056, 
    "model": "planner.courseoffering", 
    "fields": {
        "status": 0, 
        "course": 30, 
        "created_at": "2013-06-25T22:36:58.020Z", 
        "updated_at": "2013-06-25T22:36:58.020Z", 
        "semester": 13
    }
},
{
    "pk": 1057, 
    "model": "planner.courseoffering", 
    "fields": {
        "status": 0, 
        "course": 30, 
        "created_at": "2013-06-25T22:36:58.041Z", 
        "updated_at": "2013-06-25T22:36:58.041Z", 
        "semester": 15
    }
},
{
    "pk": 1058, 
    "model": "planner.courseoffering", 
    "fields": {
        "status": 0, 
        "course": 33, 
        "created_at": "2013-06-25T22:36:58.070Z", 
        "updated_at": "2013-06-25T22:36:58.070Z", 
        "semester": 15
    }
},
{
    "pk": 1059, 
    "model": "planner.courseoffering", 
    "fields": {
        "status": 0, 
        "course": 45, 
        "created_at": "2013-06-25T22:36:58.102Z", 
        "updated_at": "2013-06-25T22:36:58.102Z", 
        "semester": 13
    }
},
{
    "pk": 1060, 
    "model": "planner.courseoffering", 
    "fields": {
        "status": 0, 
        "course": 34, 
        "created_at": "2013-06-25T22:36:58.132Z", 
        "updated_at": "2013-06-25T22:36:58.132Z", 
        "semester": 15
    }
},
{
    "pk": 1061, 
    "model": "planner.courseoffering", 
    "fields": {
        "status": 0, 
        "course": 69, 
        "created_at": "2013-06-25T22:37:04.414Z", 
        "updated_at": "2013-06-25T22:37:04.414Z", 
        "semester": 17
    }
},
{
    "pk": 1062, 
    "model": "planner.courseoffering", 
    "fields": {
        "status": 0, 
        "course": 69, 
        "created_at": "2013-06-25T22:37:04.444Z", 
        "updated_at": "2013-06-25T22:37:04.445Z", 
        "semester": 18
    }
},
{
    "pk": 1063, 
    "model": "planner.courseoffering", 
    "fields": {
        "status": 0, 
        "course": 69, 
        "created_at": "2013-06-25T22:37:04.473Z", 
        "updated_at": "2013-06-25T22:37:04.473Z", 
        "semester": 19
    }
},
{
    "pk": 1064, 
    "model": "planner.courseoffering", 
    "fields": {
        "status": 0, 
        "course": 70, 
        "created_at": "2013-06-25T22:37:04.503Z", 
        "updated_at": "2013-06-25T22:37:04.503Z", 
        "semester": 17
    }
},
{
    "pk": 1065, 
    "model": "planner.courseoffering", 
    "fields": {
        "status": 0, 
        "course": 70, 
        "created_at": "2013-06-25T22:37:04.524Z", 
        "updated_at": "2013-06-25T22:37:04.524Z", 
        "semester": 18
    }
},
{
    "pk": 1066, 
    "model": "planner.courseoffering", 
    "fields": {
        "status": 0, 
        "course": 70, 
        "created_at": "2013-06-25T22:37:04.545Z", 
        "updated_at": "2013-06-25T22:37:04.545Z", 
        "semester": 19
    }
},
{
    "pk": 1067, 
    "model": "planner.courseoffering", 
    "fields": {
        "status": 0, 
        "course": 1, 
        "created_at": "2013-06-25T22:37:04.574Z", 
        "updated_at": "2013-06-25T22:37:04.574Z", 
        "semester": 17
    }
},
{
    "pk": 1068, 
    "model": "planner.courseoffering", 
    "fields": {
        "status": 0, 
        "course": 1, 
        "created_at": "2013-06-25T22:37:04.596Z", 
        "updated_at": "2013-06-25T22:37:04.596Z", 
        "semester": 19
    }
},
{
    "pk": 1069, 
    "model": "planner.courseoffering", 
    "fields": {
        "status": 0, 
        "course": 2, 
        "created_at": "2013-06-25T22:37:04.625Z", 
        "updated_at": "2013-06-25T22:37:04.625Z", 
        "semester": 17
    }
},
{
    "pk": 1070, 
    "model": "planner.courseoffering", 
    "fields": {
        "status": 0, 
        "course": 2, 
        "created_at": "2013-06-25T22:37:04.646Z", 
        "updated_at": "2013-06-25T22:37:04.646Z", 
        "semester": 19
    }
},
{
    "pk": 1071, 
    "model": "planner.courseoffering", 
    "fields": {
        "status": 0, 
        "course": 46, 
        "created_at": "2013-06-25T22:37:04.677Z", 
        "updated_at": "2013-06-25T22:37:04.677Z", 
        "semester": 17
    }
},
{
    "pk": 1072, 
    "model": "planner.courseoffering", 
    "fields": {
        "status": 0, 
        "course": 46, 
        "created_at": "2013-06-25T22:37:04.701Z", 
        "updated_at": "2013-06-25T22:37:04.701Z", 
        "semester": 19
    }
},
{
    "pk": 1073, 
    "model": "planner.courseoffering", 
    "fields": {
        "status": 0, 
        "course": 47, 
        "created_at": "2013-06-25T22:37:04.732Z", 
        "updated_at": "2013-06-25T22:37:04.732Z", 
        "semester": 17
    }
},
{
    "pk": 1074, 
    "model": "planner.courseoffering", 
    "fields": {
        "status": 0, 
        "course": 47, 
        "created_at": "2013-06-25T22:37:04.753Z", 
        "updated_at": "2013-06-25T22:37:04.753Z", 
        "semester": 19
    }
},
{
    "pk": 1075, 
    "model": "planner.courseoffering", 
    "fields": {
        "status": 0, 
        "course": 48, 
        "created_at": "2013-06-25T22:37:04.783Z", 
        "updated_at": "2013-06-25T22:37:04.783Z", 
        "semester": 17
    }
},
{
    "pk": 1076, 
    "model": "planner.courseoffering", 
    "fields": {
        "status": 0, 
        "course": 48, 
        "created_at": "2013-06-25T22:37:04.806Z", 
        "updated_at": "2013-06-25T22:37:04.806Z", 
        "semester": 19
    }
},
{
    "pk": 1077, 
    "model": "planner.courseoffering", 
    "fields": {
        "status": 0, 
        "course": 49, 
        "created_at": "2013-06-25T22:37:04.835Z", 
        "updated_at": "2013-06-25T22:37:04.835Z", 
        "semester": 17
    }
},
{
    "pk": 1078, 
    "model": "planner.courseoffering", 
    "fields": {
        "status": 0, 
        "course": 49, 
        "created_at": "2013-06-25T22:37:04.858Z", 
        "updated_at": "2013-06-25T22:37:04.858Z", 
        "semester": 19
    }
},
{
    "pk": 1079, 
    "model": "planner.courseoffering", 
    "fields": {
        "status": 0, 
        "course": 50, 
        "created_at": "2013-06-25T22:37:04.893Z", 
        "updated_at": "2013-06-25T22:37:04.893Z", 
        "semester": 17
    }
},
{
    "pk": 1080, 
    "model": "planner.courseoffering", 
    "fields": {
        "status": 0, 
        "course": 50, 
        "created_at": "2013-06-25T22:37:04.914Z", 
        "updated_at": "2013-06-25T22:37:04.914Z", 
        "semester": 19
    }
},
{
    "pk": 1081, 
    "model": "planner.courseoffering", 
    "fields": {
        "status": 0, 
        "course": 51, 
        "created_at": "2013-06-25T22:37:04.943Z", 
        "updated_at": "2013-06-25T22:37:04.943Z", 
        "semester": 17
    }
},
{
    "pk": 1082, 
    "model": "planner.courseoffering", 
    "fields": {
        "status": 0, 
        "course": 51, 
        "created_at": "2013-06-25T22:37:04.964Z", 
        "updated_at": "2013-06-25T22:37:04.964Z", 
        "semester": 19
    }
},
{
    "pk": 1083, 
    "model": "planner.courseoffering", 
    "fields": {
        "status": 0, 
        "course": 90, 
        "created_at": "2013-06-25T22:37:04.993Z", 
        "updated_at": "2013-06-25T22:37:04.993Z", 
        "semester": 17
    }
},
{
    "pk": 1084, 
    "model": "planner.courseoffering", 
    "fields": {
        "status": 0, 
        "course": 90, 
        "created_at": "2013-06-25T22:37:05.014Z", 
        "updated_at": "2013-06-25T22:37:05.014Z", 
        "semester": 19
    }
},
{
    "pk": 1085, 
    "model": "planner.courseoffering", 
    "fields": {
        "status": 0, 
        "course": 91, 
        "created_at": "2013-06-25T22:37:05.043Z", 
        "updated_at": "2013-06-25T22:37:05.043Z", 
        "semester": 17
    }
},
{
    "pk": 1086, 
    "model": "planner.courseoffering", 
    "fields": {
        "status": 0, 
        "course": 91, 
        "created_at": "2013-06-25T22:37:05.064Z", 
        "updated_at": "2013-06-25T22:37:05.065Z", 
        "semester": 19
    }
},
{
    "pk": 1087, 
    "model": "planner.courseoffering", 
    "fields": {
        "status": 0, 
        "course": 103, 
        "created_at": "2013-06-25T22:37:05.095Z", 
        "updated_at": "2013-06-25T22:37:05.095Z", 
        "semester": 17
    }
},
{
    "pk": 1088, 
    "model": "planner.courseoffering", 
    "fields": {
        "status": 0, 
        "course": 103, 
        "created_at": "2013-06-25T22:37:05.117Z", 
        "updated_at": "2013-06-25T22:37:05.117Z", 
        "semester": 19
    }
},
{
    "pk": 1089, 
    "model": "planner.courseoffering", 
    "fields": {
        "status": 0, 
        "course": 55, 
        "created_at": "2013-06-25T22:37:05.147Z", 
        "updated_at": "2013-06-25T22:37:05.147Z", 
        "semester": 17
    }
},
{
    "pk": 1090, 
    "model": "planner.courseoffering", 
    "fields": {
        "status": 0, 
        "course": 55, 
        "created_at": "2013-06-25T22:37:05.169Z", 
        "updated_at": "2013-06-25T22:37:05.169Z", 
        "semester": 19
    }
},
{
    "pk": 1091, 
    "model": "planner.courseoffering", 
    "fields": {
        "status": 0, 
        "course": 52, 
        "created_at": "2013-06-25T22:37:05.197Z", 
        "updated_at": "2013-06-25T22:37:05.197Z", 
        "semester": 17
    }
},
{
    "pk": 1092, 
    "model": "planner.courseoffering", 
    "fields": {
        "status": 0, 
        "course": 52, 
        "created_at": "2013-06-25T22:37:05.218Z", 
        "updated_at": "2013-06-25T22:37:05.218Z", 
        "semester": 19
    }
},
{
    "pk": 1093, 
    "model": "planner.courseoffering", 
    "fields": {
        "status": 0, 
        "course": 56, 
        "created_at": "2013-06-25T22:37:05.248Z", 
        "updated_at": "2013-06-25T22:37:05.248Z", 
        "semester": 17
    }
},
{
    "pk": 1094, 
    "model": "planner.courseoffering", 
    "fields": {
        "status": 0, 
        "course": 56, 
        "created_at": "2013-06-25T22:37:05.272Z", 
        "updated_at": "2013-06-25T22:37:05.272Z", 
        "semester": 19
    }
},
{
    "pk": 1095, 
    "model": "planner.courseoffering", 
    "fields": {
        "status": 0, 
        "course": 57, 
        "created_at": "2013-06-25T22:37:05.300Z", 
        "updated_at": "2013-06-25T22:37:05.300Z", 
        "semester": 17
    }
},
{
    "pk": 1096, 
    "model": "planner.courseoffering", 
    "fields": {
        "status": 0, 
        "course": 57, 
        "created_at": "2013-06-25T22:37:05.320Z", 
        "updated_at": "2013-06-25T22:37:05.320Z", 
        "semester": 19
    }
},
{
    "pk": 1097, 
    "model": "planner.courseoffering", 
    "fields": {
        "status": 0, 
        "course": 87, 
        "created_at": "2013-06-25T22:37:05.347Z", 
        "updated_at": "2013-06-25T22:37:05.347Z", 
        "semester": 17
    }
},
{
    "pk": 1098, 
    "model": "planner.courseoffering", 
    "fields": {
        "status": 0, 
        "course": 87, 
        "created_at": "2013-06-25T22:37:05.366Z", 
        "updated_at": "2013-06-25T22:37:05.366Z", 
        "semester": 19
    }
},
{
    "pk": 1099, 
    "model": "planner.courseoffering", 
    "fields": {
        "status": 0, 
        "course": 88, 
        "created_at": "2013-06-25T22:37:05.400Z", 
        "updated_at": "2013-06-25T22:37:05.400Z", 
        "semester": 17
    }
},
{
    "pk": 1100, 
    "model": "planner.courseoffering", 
    "fields": {
        "status": 0, 
        "course": 88, 
        "created_at": "2013-06-25T22:37:05.420Z", 
        "updated_at": "2013-06-25T22:37:05.420Z", 
        "semester": 19
    }
},
{
    "pk": 1101, 
    "model": "planner.courseoffering", 
    "fields": {
        "status": 0, 
        "course": 4, 
        "created_at": "2013-06-25T22:37:05.451Z", 
        "updated_at": "2013-06-25T22:37:05.451Z", 
        "semester": 17
    }
},
{
    "pk": 1102, 
    "model": "planner.courseoffering", 
    "fields": {
        "status": 0, 
        "course": 4, 
        "created_at": "2013-06-25T22:37:05.471Z", 
        "updated_at": "2013-06-25T22:37:05.471Z", 
        "semester": 19
    }
},
{
    "pk": 1103, 
    "model": "planner.courseoffering", 
    "fields": {
        "status": 0, 
        "course": 5, 
        "created_at": "2013-06-25T22:37:05.501Z", 
        "updated_at": "2013-06-25T22:37:05.501Z", 
        "semester": 17
    }
},
{
    "pk": 1104, 
    "model": "planner.courseoffering", 
    "fields": {
        "status": 0, 
        "course": 5, 
        "created_at": "2013-06-25T22:37:05.522Z", 
        "updated_at": "2013-06-25T22:37:05.522Z", 
        "semester": 19
    }
},
{
    "pk": 1105, 
    "model": "planner.courseoffering", 
    "fields": {
        "status": 0, 
        "course": 6, 
        "created_at": "2013-06-25T22:37:05.553Z", 
        "updated_at": "2013-06-25T22:37:05.553Z", 
        "semester": 19
    }
},
{
    "pk": 1106, 
    "model": "planner.courseoffering", 
    "fields": {
        "status": 0, 
        "course": 7, 
        "created_at": "2013-06-25T22:37:05.582Z", 
        "updated_at": "2013-06-25T22:37:05.582Z", 
        "semester": 17
    }
},
{
    "pk": 1107, 
    "model": "planner.courseoffering", 
    "fields": {
        "status": 0, 
        "course": 8, 
        "created_at": "2013-06-25T22:37:05.612Z", 
        "updated_at": "2013-06-25T22:37:05.612Z", 
        "semester": 17
    }
},
{
    "pk": 1108, 
    "model": "planner.courseoffering", 
    "fields": {
        "status": 0, 
        "course": 31, 
        "created_at": "2013-06-25T22:37:05.641Z", 
        "updated_at": "2013-06-25T22:37:05.641Z", 
        "semester": 19
    }
},
{
    "pk": 1109, 
    "model": "planner.courseoffering", 
    "fields": {
        "status": 0, 
        "course": 9, 
        "created_at": "2013-06-25T22:37:05.671Z", 
        "updated_at": "2013-06-25T22:37:05.671Z", 
        "semester": 19
    }
},
{
    "pk": 1110, 
    "model": "planner.courseoffering", 
    "fields": {
        "status": 0, 
        "course": 3, 
        "created_at": "2013-06-25T22:37:05.700Z", 
        "updated_at": "2013-06-25T22:37:05.700Z", 
        "semester": 17
    }
},
{
    "pk": 1111, 
    "model": "planner.courseoffering", 
    "fields": {
        "status": 0, 
        "course": 10, 
        "created_at": "2013-06-25T22:37:05.735Z", 
        "updated_at": "2013-06-25T22:37:05.735Z", 
        "semester": 17
    }
},
{
    "pk": 1112, 
    "model": "planner.courseoffering", 
    "fields": {
        "status": 0, 
        "course": 10, 
        "created_at": "2013-06-25T22:37:05.757Z", 
        "updated_at": "2013-06-25T22:37:05.757Z", 
        "semester": 18
    }
},
{
    "pk": 1113, 
    "model": "planner.courseoffering", 
    "fields": {
        "status": 0, 
        "course": 25, 
        "created_at": "2013-06-25T22:37:05.787Z", 
        "updated_at": "2013-06-25T22:37:05.787Z", 
        "semester": 19
    }
},
{
    "pk": 1114, 
    "model": "planner.courseoffering", 
    "fields": {
        "status": 0, 
        "course": 40, 
        "created_at": "2013-06-25T22:37:05.822Z", 
        "updated_at": "2013-06-25T22:37:05.822Z", 
        "semester": 17
    }
},
{
    "pk": 1115, 
    "model": "planner.courseoffering", 
    "fields": {
        "status": 0, 
        "course": 26, 
        "created_at": "2013-06-25T22:37:05.851Z", 
        "updated_at": "2013-06-25T22:37:05.851Z", 
        "semester": 17
    }
},
{
    "pk": 1116, 
    "model": "planner.courseoffering", 
    "fields": {
        "status": 0, 
        "course": 41, 
        "created_at": "2013-06-25T22:37:05.884Z", 
        "updated_at": "2013-06-25T22:37:05.884Z", 
        "semester": 17
    }
},
{
    "pk": 1117, 
    "model": "planner.courseoffering", 
    "fields": {
        "status": 0, 
        "course": 41, 
        "created_at": "2013-06-25T22:37:05.905Z", 
        "updated_at": "2013-06-25T22:37:05.905Z", 
        "semester": 19
    }
},
{
    "pk": 1118, 
    "model": "planner.courseoffering", 
    "fields": {
        "status": 0, 
        "course": 42, 
        "created_at": "2013-06-25T22:37:05.935Z", 
        "updated_at": "2013-06-25T22:37:05.935Z", 
        "semester": 17
    }
},
{
    "pk": 1119, 
    "model": "planner.courseoffering", 
    "fields": {
        "status": 0, 
        "course": 42, 
        "created_at": "2013-06-25T22:37:05.956Z", 
        "updated_at": "2013-06-25T22:37:05.956Z", 
        "semester": 19
    }
},
{
    "pk": 1120, 
    "model": "planner.courseoffering", 
    "fields": {
        "status": 0, 
        "course": 32, 
        "created_at": "2013-06-25T22:37:05.986Z", 
        "updated_at": "2013-06-25T22:37:05.986Z", 
        "semester": 19
    }
},
{
    "pk": 1121, 
    "model": "planner.courseoffering", 
    "fields": {
        "status": 0, 
        "course": 22, 
        "created_at": "2013-06-25T22:37:06.014Z", 
        "updated_at": "2013-06-25T22:37:06.014Z", 
        "semester": 17
    }
},
{
    "pk": 1122, 
    "model": "planner.courseoffering", 
    "fields": {
        "status": 0, 
        "course": 12, 
        "created_at": "2013-06-25T22:37:06.043Z", 
        "updated_at": "2013-06-25T22:37:06.043Z", 
        "semester": 19
    }
},
{
    "pk": 1123, 
    "model": "planner.courseoffering", 
    "fields": {
        "status": 0, 
        "course": 23, 
        "created_at": "2013-06-25T22:37:06.072Z", 
        "updated_at": "2013-06-25T22:37:06.072Z", 
        "semester": 19
    }
},
{
    "pk": 1124, 
    "model": "planner.courseoffering", 
    "fields": {
        "status": 0, 
        "course": 28, 
        "created_at": "2013-06-25T22:37:06.101Z", 
        "updated_at": "2013-06-25T22:37:06.101Z", 
        "semester": 19
    }
},
{
    "pk": 1125, 
    "model": "planner.courseoffering", 
    "fields": {
        "status": 0, 
        "course": 29, 
        "created_at": "2013-06-25T22:37:06.131Z", 
        "updated_at": "2013-06-25T22:37:06.131Z", 
        "semester": 19
    }
},
{
    "pk": 1126, 
    "model": "planner.courseoffering", 
    "fields": {
        "status": 0, 
        "course": 13, 
        "created_at": "2013-06-25T22:37:06.160Z", 
        "updated_at": "2013-06-25T22:37:06.160Z", 
        "semester": 17
    }
},
{
    "pk": 1127, 
    "model": "planner.courseoffering", 
    "fields": {
        "status": 0, 
        "course": 24, 
        "created_at": "2013-06-25T22:37:06.188Z", 
        "updated_at": "2013-06-25T22:37:06.188Z", 
        "semester": 17
    }
},
{
    "pk": 1128, 
    "model": "planner.courseoffering", 
    "fields": {
        "status": 0, 
        "course": 24, 
        "created_at": "2013-06-25T22:37:06.209Z", 
        "updated_at": "2013-06-25T22:37:06.209Z", 
        "semester": 19
    }
},
{
    "pk": 1129, 
    "model": "planner.courseoffering", 
    "fields": {
        "status": 0, 
        "course": 14, 
        "created_at": "2013-06-25T22:37:06.237Z", 
        "updated_at": "2013-06-25T22:37:06.238Z", 
        "semester": 17
    }
},
{
    "pk": 1130, 
    "model": "planner.courseoffering", 
    "fields": {
        "status": 0, 
        "course": 14, 
        "created_at": "2013-06-25T22:37:06.258Z", 
        "updated_at": "2013-06-25T22:37:06.258Z", 
        "semester": 18
    }
},
{
    "pk": 1131, 
    "model": "planner.courseoffering", 
    "fields": {
        "status": 0, 
        "course": 14, 
        "created_at": "2013-06-25T22:37:06.278Z", 
        "updated_at": "2013-06-25T22:37:06.278Z", 
        "semester": 19
    }
},
{
    "pk": 1132, 
    "model": "planner.courseoffering", 
    "fields": {
        "status": 0, 
        "course": 15, 
        "created_at": "2013-06-25T22:37:06.308Z", 
        "updated_at": "2013-06-25T22:37:06.308Z", 
        "semester": 17
    }
},
{
    "pk": 1133, 
    "model": "planner.courseoffering", 
    "fields": {
        "status": 0, 
        "course": 15, 
        "created_at": "2013-06-25T22:37:06.329Z", 
        "updated_at": "2013-06-25T22:37:06.329Z", 
        "semester": 18
    }
},
{
    "pk": 1134, 
    "model": "planner.courseoffering", 
    "fields": {
        "status": 0, 
        "course": 15, 
        "created_at": "2013-06-25T22:37:06.351Z", 
        "updated_at": "2013-06-25T22:37:06.351Z", 
        "semester": 19
    }
},
{
    "pk": 1135, 
    "model": "planner.courseoffering", 
    "fields": {
        "status": 0, 
        "course": 43, 
        "created_at": "2013-06-25T22:37:06.452Z", 
        "updated_at": "2013-06-25T22:37:06.452Z", 
        "semester": 17
    }
},
{
    "pk": 1136, 
    "model": "planner.courseoffering", 
    "fields": {
        "status": 0, 
        "course": 43, 
        "created_at": "2013-06-25T22:37:06.523Z", 
        "updated_at": "2013-06-25T22:37:06.524Z", 
        "semester": 19
    }
},
{
    "pk": 1137, 
    "model": "planner.courseoffering", 
    "fields": {
        "status": 0, 
        "course": 44, 
        "created_at": "2013-06-25T22:37:06.602Z", 
        "updated_at": "2013-06-25T22:37:06.602Z", 
        "semester": 17
    }
},
{
    "pk": 1138, 
    "model": "planner.courseoffering", 
    "fields": {
        "status": 0, 
        "course": 44, 
        "created_at": "2013-06-25T22:37:06.622Z", 
        "updated_at": "2013-06-25T22:37:06.622Z", 
        "semester": 19
    }
},
{
    "pk": 1139, 
    "model": "planner.courseoffering", 
    "fields": {
        "status": 0, 
        "course": 16, 
        "created_at": "2013-06-25T22:37:06.653Z", 
        "updated_at": "2013-06-25T22:37:06.653Z", 
        "semester": 18
    }
},
{
    "pk": 1140, 
    "model": "planner.courseoffering", 
    "fields": {
        "status": 0, 
        "course": 104, 
        "created_at": "2013-06-25T22:37:06.683Z", 
        "updated_at": "2013-06-25T22:37:06.683Z", 
        "semester": 17
    }
},
{
    "pk": 1141, 
    "model": "planner.courseoffering", 
    "fields": {
        "status": 0, 
        "course": 104, 
        "created_at": "2013-06-25T22:37:06.705Z", 
        "updated_at": "2013-06-25T22:37:06.705Z", 
        "semester": 19
    }
},
{
    "pk": 1142, 
    "model": "planner.courseoffering", 
    "fields": {
        "status": 0, 
        "course": 107, 
        "created_at": "2013-06-25T22:37:06.739Z", 
        "updated_at": "2013-06-25T22:37:06.739Z", 
        "semester": 17
    }
},
{
    "pk": 1143, 
    "model": "planner.courseoffering", 
    "fields": {
        "status": 0, 
        "course": 107, 
        "created_at": "2013-06-25T22:37:06.760Z", 
        "updated_at": "2013-06-25T22:37:06.760Z", 
        "semester": 19
    }
},
{
    "pk": 1144, 
    "model": "planner.courseoffering", 
    "fields": {
        "status": 0, 
        "course": 89, 
        "created_at": "2013-06-25T22:37:06.790Z", 
        "updated_at": "2013-06-25T22:37:06.790Z", 
        "semester": 17
    }
},
{
    "pk": 1145, 
    "model": "planner.courseoffering", 
    "fields": {
        "status": 0, 
        "course": 89, 
        "created_at": "2013-06-25T22:37:06.812Z", 
        "updated_at": "2013-06-25T22:37:06.812Z", 
        "semester": 19
    }
},
{
    "pk": 1146, 
    "model": "planner.courseoffering", 
    "fields": {
        "status": 0, 
        "course": 100, 
        "created_at": "2013-06-25T22:37:06.841Z", 
        "updated_at": "2013-06-25T22:37:06.841Z", 
        "semester": 17
    }
},
{
    "pk": 1147, 
    "model": "planner.courseoffering", 
    "fields": {
        "status": 0, 
        "course": 100, 
        "created_at": "2013-06-25T22:37:06.863Z", 
        "updated_at": "2013-06-25T22:37:06.863Z", 
        "semester": 18
    }
},
{
    "pk": 1148, 
    "model": "planner.courseoffering", 
    "fields": {
        "status": 0, 
        "course": 100, 
        "created_at": "2013-06-25T22:37:06.884Z", 
        "updated_at": "2013-06-25T22:37:06.884Z", 
        "semester": 19
    }
},
{
    "pk": 1149, 
    "model": "planner.courseoffering", 
    "fields": {
        "status": 0, 
        "course": 101, 
        "created_at": "2013-06-25T22:37:06.914Z", 
        "updated_at": "2013-06-25T22:37:06.915Z", 
        "semester": 17
    }
},
{
    "pk": 1150, 
    "model": "planner.courseoffering", 
    "fields": {
        "status": 0, 
        "course": 101, 
        "created_at": "2013-06-25T22:37:06.936Z", 
        "updated_at": "2013-06-25T22:37:06.936Z", 
        "semester": 19
    }
},
{
    "pk": 1151, 
    "model": "planner.courseoffering", 
    "fields": {
        "status": 0, 
        "course": 102, 
        "created_at": "2013-06-25T22:37:06.966Z", 
        "updated_at": "2013-06-25T22:37:06.966Z", 
        "semester": 17
    }
},
{
    "pk": 1152, 
    "model": "planner.courseoffering", 
    "fields": {
        "status": 0, 
        "course": 102, 
        "created_at": "2013-06-25T22:37:06.987Z", 
        "updated_at": "2013-06-25T22:37:06.987Z", 
        "semester": 19
    }
},
{
    "pk": 1153, 
    "model": "planner.courseoffering", 
    "fields": {
        "status": 0, 
        "course": 62, 
        "created_at": "2013-06-25T22:37:07.016Z", 
        "updated_at": "2013-06-25T22:37:07.016Z", 
        "semester": 17
    }
},
{
    "pk": 1154, 
    "model": "planner.courseoffering", 
    "fields": {
        "status": 0, 
        "course": 62, 
        "created_at": "2013-06-25T22:37:07.038Z", 
        "updated_at": "2013-06-25T22:37:07.038Z", 
        "semester": 19
    }
},
{
    "pk": 1155, 
    "model": "planner.courseoffering", 
    "fields": {
        "status": 0, 
        "course": 61, 
        "created_at": "2013-06-25T22:37:07.066Z", 
        "updated_at": "2013-06-25T22:37:07.066Z", 
        "semester": 17
    }
},
{
    "pk": 1156, 
    "model": "planner.courseoffering", 
    "fields": {
        "status": 0, 
        "course": 61, 
        "created_at": "2013-06-25T22:37:07.088Z", 
        "updated_at": "2013-06-25T22:37:07.088Z", 
        "semester": 19
    }
},
{
    "pk": 1157, 
    "model": "planner.courseoffering", 
    "fields": {
        "status": 0, 
        "course": 53, 
        "created_at": "2013-06-25T22:37:07.116Z", 
        "updated_at": "2013-06-25T22:37:07.116Z", 
        "semester": 17
    }
},
{
    "pk": 1158, 
    "model": "planner.courseoffering", 
    "fields": {
        "status": 0, 
        "course": 53, 
        "created_at": "2013-06-25T22:37:07.137Z", 
        "updated_at": "2013-06-25T22:37:07.137Z", 
        "semester": 19
    }
},
{
    "pk": 1159, 
    "model": "planner.courseoffering", 
    "fields": {
        "status": 0, 
        "course": 54, 
        "created_at": "2013-06-25T22:37:07.166Z", 
        "updated_at": "2013-06-25T22:37:07.166Z", 
        "semester": 17
    }
},
{
    "pk": 1160, 
    "model": "planner.courseoffering", 
    "fields": {
        "status": 0, 
        "course": 54, 
        "created_at": "2013-06-25T22:37:07.187Z", 
        "updated_at": "2013-06-25T22:37:07.187Z", 
        "semester": 19
    }
},
{
    "pk": 1161, 
    "model": "planner.courseoffering", 
    "fields": {
        "status": 0, 
        "course": 63, 
        "created_at": "2013-06-25T22:37:07.216Z", 
        "updated_at": "2013-06-25T22:37:07.216Z", 
        "semester": 17
    }
},
{
    "pk": 1162, 
    "model": "planner.courseoffering", 
    "fields": {
        "status": 0, 
        "course": 63, 
        "created_at": "2013-06-25T22:37:07.238Z", 
        "updated_at": "2013-06-25T22:37:07.238Z", 
        "semester": 19
    }
},
{
    "pk": 1163, 
    "model": "planner.courseoffering", 
    "fields": {
        "status": 0, 
        "course": 64, 
        "created_at": "2013-06-25T22:37:07.268Z", 
        "updated_at": "2013-06-25T22:37:07.268Z", 
        "semester": 17
    }
},
{
    "pk": 1164, 
    "model": "planner.courseoffering", 
    "fields": {
        "status": 0, 
        "course": 64, 
        "created_at": "2013-06-25T22:37:07.289Z", 
        "updated_at": "2013-06-25T22:37:07.289Z", 
        "semester": 19
    }
},
{
    "pk": 1165, 
    "model": "planner.courseoffering", 
    "fields": {
        "status": 0, 
        "course": 122, 
        "created_at": "2013-06-25T22:37:07.318Z", 
        "updated_at": "2013-06-25T22:37:07.318Z", 
        "semester": 17
    }
},
{
    "pk": 1166, 
    "model": "planner.courseoffering", 
    "fields": {
        "status": 0, 
        "course": 122, 
        "created_at": "2013-06-25T22:37:07.339Z", 
        "updated_at": "2013-06-25T22:37:07.339Z", 
        "semester": 19
    }
},
{
    "pk": 1167, 
    "model": "planner.courseoffering", 
    "fields": {
        "status": 0, 
        "course": 108, 
        "created_at": "2013-06-25T22:37:07.368Z", 
        "updated_at": "2013-06-25T22:37:07.368Z", 
        "semester": 17
    }
},
{
    "pk": 1168, 
    "model": "planner.courseoffering", 
    "fields": {
        "status": 0, 
        "course": 108, 
        "created_at": "2013-06-25T22:37:07.389Z", 
        "updated_at": "2013-06-25T22:37:07.389Z", 
        "semester": 19
    }
},
{
    "pk": 1169, 
    "model": "planner.courseoffering", 
    "fields": {
        "status": 0, 
        "course": 65, 
        "created_at": "2013-06-25T22:37:07.419Z", 
        "updated_at": "2013-06-25T22:37:07.419Z", 
        "semester": 17
    }
},
{
    "pk": 1170, 
    "model": "planner.courseoffering", 
    "fields": {
        "status": 0, 
        "course": 65, 
        "created_at": "2013-06-25T22:37:07.445Z", 
        "updated_at": "2013-06-25T22:37:07.445Z", 
        "semester": 19
    }
},
{
    "pk": 1171, 
    "model": "planner.courseoffering", 
    "fields": {
        "status": 0, 
        "course": 123, 
        "created_at": "2013-06-25T22:37:07.476Z", 
        "updated_at": "2013-06-25T22:37:07.476Z", 
        "semester": 17
    }
},
{
    "pk": 1172, 
    "model": "planner.courseoffering", 
    "fields": {
        "status": 0, 
        "course": 123, 
        "created_at": "2013-06-25T22:37:07.497Z", 
        "updated_at": "2013-06-25T22:37:07.497Z", 
        "semester": 19
    }
},
{
    "pk": 1173, 
    "model": "planner.courseoffering", 
    "fields": {
        "status": 0, 
        "course": 124, 
        "created_at": "2013-06-25T22:37:07.527Z", 
        "updated_at": "2013-06-25T22:37:07.527Z", 
        "semester": 17
    }
},
{
    "pk": 1174, 
    "model": "planner.courseoffering", 
    "fields": {
        "status": 0, 
        "course": 124, 
        "created_at": "2013-06-25T22:37:07.548Z", 
        "updated_at": "2013-06-25T22:37:07.548Z", 
        "semester": 19
    }
},
{
    "pk": 1175, 
    "model": "planner.courseoffering", 
    "fields": {
        "status": 0, 
        "course": 125, 
        "created_at": "2013-06-25T22:37:07.578Z", 
        "updated_at": "2013-06-25T22:37:07.578Z", 
        "semester": 17
    }
},
{
    "pk": 1176, 
    "model": "planner.courseoffering", 
    "fields": {
        "status": 0, 
        "course": 125, 
        "created_at": "2013-06-25T22:37:07.599Z", 
        "updated_at": "2013-06-25T22:37:07.599Z", 
        "semester": 19
    }
},
{
    "pk": 1177, 
    "model": "planner.courseoffering", 
    "fields": {
        "status": 0, 
        "course": 126, 
        "created_at": "2013-06-25T22:37:07.682Z", 
        "updated_at": "2013-06-25T22:37:07.682Z", 
        "semester": 17
    }
},
{
    "pk": 1178, 
    "model": "planner.courseoffering", 
    "fields": {
        "status": 0, 
        "course": 126, 
        "created_at": "2013-06-25T22:37:07.753Z", 
        "updated_at": "2013-06-25T22:37:07.753Z", 
        "semester": 19
    }
},
{
    "pk": 1179, 
    "model": "planner.courseoffering", 
    "fields": {
        "status": 0, 
        "course": 83, 
        "created_at": "2013-06-25T22:37:07.814Z", 
        "updated_at": "2013-06-25T22:37:07.814Z", 
        "semester": 17
    }
},
{
    "pk": 1180, 
    "model": "planner.courseoffering", 
    "fields": {
        "status": 0, 
        "course": 83, 
        "created_at": "2013-06-25T22:37:07.835Z", 
        "updated_at": "2013-06-25T22:37:07.835Z", 
        "semester": 18
    }
},
{
    "pk": 1181, 
    "model": "planner.courseoffering", 
    "fields": {
        "status": 0, 
        "course": 83, 
        "created_at": "2013-06-25T22:37:07.856Z", 
        "updated_at": "2013-06-25T22:37:07.856Z", 
        "semester": 19
    }
},
{
    "pk": 1182, 
    "model": "planner.courseoffering", 
    "fields": {
        "status": 0, 
        "course": 85, 
        "created_at": "2013-06-25T22:37:07.885Z", 
        "updated_at": "2013-06-25T22:37:07.886Z", 
        "semester": 17
    }
},
{
    "pk": 1183, 
    "model": "planner.courseoffering", 
    "fields": {
        "status": 0, 
        "course": 85, 
        "created_at": "2013-06-25T22:37:07.906Z", 
        "updated_at": "2013-06-25T22:37:07.906Z", 
        "semester": 18
    }
},
{
    "pk": 1184, 
    "model": "planner.courseoffering", 
    "fields": {
        "status": 0, 
        "course": 85, 
        "created_at": "2013-06-25T22:37:07.929Z", 
        "updated_at": "2013-06-25T22:37:07.929Z", 
        "semester": 19
    }
},
{
    "pk": 1185, 
    "model": "planner.courseoffering", 
    "fields": {
        "status": 0, 
        "course": 84, 
        "created_at": "2013-06-25T22:37:07.959Z", 
        "updated_at": "2013-06-25T22:37:07.959Z", 
        "semester": 17
    }
},
{
    "pk": 1186, 
    "model": "planner.courseoffering", 
    "fields": {
        "status": 0, 
        "course": 84, 
        "created_at": "2013-06-25T22:37:07.979Z", 
        "updated_at": "2013-06-25T22:37:07.979Z", 
        "semester": 18
    }
},
{
    "pk": 1187, 
    "model": "planner.courseoffering", 
    "fields": {
        "status": 0, 
        "course": 84, 
        "created_at": "2013-06-25T22:37:08.001Z", 
        "updated_at": "2013-06-25T22:37:08.001Z", 
        "semester": 19
    }
},
{
    "pk": 1188, 
    "model": "planner.courseoffering", 
    "fields": {
        "status": 0, 
        "course": 67, 
        "created_at": "2013-06-25T22:37:08.030Z", 
        "updated_at": "2013-06-25T22:37:08.030Z", 
        "semester": 17
    }
},
{
    "pk": 1189, 
    "model": "planner.courseoffering", 
    "fields": {
        "status": 0, 
        "course": 67, 
        "created_at": "2013-06-25T22:37:08.050Z", 
        "updated_at": "2013-06-25T22:37:08.051Z", 
        "semester": 18
    }
},
{
    "pk": 1190, 
    "model": "planner.courseoffering", 
    "fields": {
        "status": 0, 
        "course": 67, 
        "created_at": "2013-06-25T22:37:08.071Z", 
        "updated_at": "2013-06-25T22:37:08.071Z", 
        "semester": 19
    }
},
{
    "pk": 1191, 
    "model": "planner.courseoffering", 
    "fields": {
        "status": 0, 
        "course": 68, 
        "created_at": "2013-06-25T22:37:08.100Z", 
        "updated_at": "2013-06-25T22:37:08.100Z", 
        "semester": 17
    }
},
{
    "pk": 1192, 
    "model": "planner.courseoffering", 
    "fields": {
        "status": 0, 
        "course": 127, 
        "created_at": "2013-06-25T22:37:08.129Z", 
        "updated_at": "2013-06-25T22:37:08.129Z", 
        "semester": 17
    }
},
{
    "pk": 1193, 
    "model": "planner.courseoffering", 
    "fields": {
        "status": 0, 
        "course": 127, 
        "created_at": "2013-06-25T22:37:08.150Z", 
        "updated_at": "2013-06-25T22:37:08.150Z", 
        "semester": 19
    }
},
{
    "pk": 1194, 
    "model": "planner.courseoffering", 
    "fields": {
        "status": 0, 
        "course": 73, 
        "created_at": "2013-06-25T22:37:08.179Z", 
        "updated_at": "2013-06-25T22:37:08.179Z", 
        "semester": 17
    }
},
{
    "pk": 1195, 
    "model": "planner.courseoffering", 
    "fields": {
        "status": 0, 
        "course": 73, 
        "created_at": "2013-06-25T22:37:08.200Z", 
        "updated_at": "2013-06-25T22:37:08.201Z", 
        "semester": 18
    }
},
{
    "pk": 1196, 
    "model": "planner.courseoffering", 
    "fields": {
        "status": 0, 
        "course": 73, 
        "created_at": "2013-06-25T22:37:08.222Z", 
        "updated_at": "2013-06-25T22:37:08.222Z", 
        "semester": 19
    }
},
{
    "pk": 1197, 
    "model": "planner.courseoffering", 
    "fields": {
        "status": 0, 
        "course": 92, 
        "created_at": "2013-06-25T22:37:08.251Z", 
        "updated_at": "2013-06-25T22:37:08.251Z", 
        "semester": 17
    }
},
{
    "pk": 1198, 
    "model": "planner.courseoffering", 
    "fields": {
        "status": 0, 
        "course": 92, 
        "created_at": "2013-06-25T22:37:08.278Z", 
        "updated_at": "2013-06-25T22:37:08.278Z", 
        "semester": 19
    }
},
{
    "pk": 1199, 
    "model": "planner.courseoffering", 
    "fields": {
        "status": 0, 
        "course": 93, 
        "created_at": "2013-06-25T22:37:08.308Z", 
        "updated_at": "2013-06-25T22:37:08.308Z", 
        "semester": 17
    }
},
{
    "pk": 1200, 
    "model": "planner.courseoffering", 
    "fields": {
        "status": 0, 
        "course": 93, 
        "created_at": "2013-06-25T22:37:08.328Z", 
        "updated_at": "2013-06-25T22:37:08.328Z", 
        "semester": 19
    }
},
{
    "pk": 1201, 
    "model": "planner.courseoffering", 
    "fields": {
        "status": 0, 
        "course": 94, 
        "created_at": "2013-06-25T22:37:08.357Z", 
        "updated_at": "2013-06-25T22:37:08.358Z", 
        "semester": 17
    }
},
{
    "pk": 1202, 
    "model": "planner.courseoffering", 
    "fields": {
        "status": 0, 
        "course": 94, 
        "created_at": "2013-06-25T22:37:08.378Z", 
        "updated_at": "2013-06-25T22:37:08.379Z", 
        "semester": 19
    }
},
{
    "pk": 1203, 
    "model": "planner.courseoffering", 
    "fields": {
        "status": 0, 
        "course": 95, 
        "created_at": "2013-06-25T22:37:08.408Z", 
        "updated_at": "2013-06-25T22:37:08.408Z", 
        "semester": 17
    }
},
{
    "pk": 1204, 
    "model": "planner.courseoffering", 
    "fields": {
        "status": 0, 
        "course": 95, 
        "created_at": "2013-06-25T22:37:08.429Z", 
        "updated_at": "2013-06-25T22:37:08.429Z", 
        "semester": 19
    }
},
{
    "pk": 1205, 
    "model": "planner.courseoffering", 
    "fields": {
        "status": 0, 
        "course": 17, 
        "created_at": "2013-06-25T22:37:08.461Z", 
        "updated_at": "2013-06-25T22:37:08.461Z", 
        "semester": 17
    }
},
{
    "pk": 1206, 
    "model": "planner.courseoffering", 
    "fields": {
        "status": 0, 
        "course": 17, 
        "created_at": "2013-06-25T22:37:08.483Z", 
        "updated_at": "2013-06-25T22:37:08.483Z", 
        "semester": 19
    }
},
{
    "pk": 1207, 
    "model": "planner.courseoffering", 
    "fields": {
        "status": 0, 
        "course": 96, 
        "created_at": "2013-06-25T22:37:08.513Z", 
        "updated_at": "2013-06-25T22:37:08.513Z", 
        "semester": 17
    }
},
{
    "pk": 1208, 
    "model": "planner.courseoffering", 
    "fields": {
        "status": 0, 
        "course": 96, 
        "created_at": "2013-06-25T22:37:08.536Z", 
        "updated_at": "2013-06-25T22:37:08.536Z", 
        "semester": 19
    }
},
{
    "pk": 1209, 
    "model": "planner.courseoffering", 
    "fields": {
        "status": 0, 
        "course": 97, 
        "created_at": "2013-06-25T22:37:08.566Z", 
        "updated_at": "2013-06-25T22:37:08.566Z", 
        "semester": 17
    }
},
{
    "pk": 1210, 
    "model": "planner.courseoffering", 
    "fields": {
        "status": 0, 
        "course": 97, 
        "created_at": "2013-06-25T22:37:08.587Z", 
        "updated_at": "2013-06-25T22:37:08.587Z", 
        "semester": 19
    }
},
{
    "pk": 1211, 
    "model": "planner.courseoffering", 
    "fields": {
        "status": 0, 
        "course": 18, 
        "created_at": "2013-06-25T22:37:08.618Z", 
        "updated_at": "2013-06-25T22:37:08.618Z", 
        "semester": 17
    }
},
{
    "pk": 1212, 
    "model": "planner.courseoffering", 
    "fields": {
        "status": 0, 
        "course": 98, 
        "created_at": "2013-06-25T22:37:08.647Z", 
        "updated_at": "2013-06-25T22:37:08.647Z", 
        "semester": 17
    }
},
{
    "pk": 1213, 
    "model": "planner.courseoffering", 
    "fields": {
        "status": 0, 
        "course": 98, 
        "created_at": "2013-06-25T22:37:08.668Z", 
        "updated_at": "2013-06-25T22:37:08.668Z", 
        "semester": 19
    }
},
{
    "pk": 1214, 
    "model": "planner.courseoffering", 
    "fields": {
        "status": 0, 
        "course": 35, 
        "created_at": "2013-06-25T22:37:08.699Z", 
        "updated_at": "2013-06-25T22:37:08.699Z", 
        "semester": 17
    }
},
{
    "pk": 1215, 
    "model": "planner.courseoffering", 
    "fields": {
        "status": 0, 
        "course": 35, 
        "created_at": "2013-06-25T22:37:08.721Z", 
        "updated_at": "2013-06-25T22:37:08.721Z", 
        "semester": 19
    }
},
{
    "pk": 1216, 
    "model": "planner.courseoffering", 
    "fields": {
        "status": 0, 
        "course": 36, 
        "created_at": "2013-06-25T22:37:08.751Z", 
        "updated_at": "2013-06-25T22:37:08.751Z", 
        "semester": 17
    }
},
{
    "pk": 1217, 
    "model": "planner.courseoffering", 
    "fields": {
        "status": 0, 
        "course": 36, 
        "created_at": "2013-06-25T22:37:08.772Z", 
        "updated_at": "2013-06-25T22:37:08.772Z", 
        "semester": 19
    }
},
{
    "pk": 1218, 
    "model": "planner.courseoffering", 
    "fields": {
        "status": 0, 
        "course": 37, 
        "created_at": "2013-06-25T22:37:08.802Z", 
        "updated_at": "2013-06-25T22:37:08.802Z", 
        "semester": 17
    }
},
{
    "pk": 1219, 
    "model": "planner.courseoffering", 
    "fields": {
        "status": 0, 
        "course": 37, 
        "created_at": "2013-06-25T22:37:08.823Z", 
        "updated_at": "2013-06-25T22:37:08.823Z", 
        "semester": 19
    }
},
{
    "pk": 1220, 
    "model": "planner.courseoffering", 
    "fields": {
        "status": 0, 
        "course": 38, 
        "created_at": "2013-06-25T22:37:08.852Z", 
        "updated_at": "2013-06-25T22:37:08.852Z", 
        "semester": 17
    }
},
{
    "pk": 1221, 
    "model": "planner.courseoffering", 
    "fields": {
        "status": 0, 
        "course": 38, 
        "created_at": "2013-06-25T22:37:08.873Z", 
        "updated_at": "2013-06-25T22:37:08.873Z", 
        "semester": 19
    }
},
{
    "pk": 1222, 
    "model": "planner.courseoffering", 
    "fields": {
        "status": 0, 
        "course": 39, 
        "created_at": "2013-06-25T22:37:08.904Z", 
        "updated_at": "2013-06-25T22:37:08.904Z", 
        "semester": 17
    }
},
{
    "pk": 1223, 
    "model": "planner.courseoffering", 
    "fields": {
        "status": 0, 
        "course": 39, 
        "created_at": "2013-06-25T22:37:08.924Z", 
        "updated_at": "2013-06-25T22:37:08.925Z", 
        "semester": 19
    }
},
{
    "pk": 1224, 
    "model": "planner.courseoffering", 
    "fields": {
        "status": 0, 
        "course": 21, 
        "created_at": "2013-06-25T22:37:08.955Z", 
        "updated_at": "2013-06-25T22:37:08.955Z", 
        "semester": 19
    }
},
{
    "pk": 1225, 
    "model": "planner.courseoffering", 
    "fields": {
        "status": 0, 
        "course": 86, 
        "created_at": "2013-06-25T22:37:08.984Z", 
        "updated_at": "2013-06-25T22:37:08.984Z", 
        "semester": 17
    }
},
{
    "pk": 1226, 
    "model": "planner.courseoffering", 
    "fields": {
        "status": 0, 
        "course": 86, 
        "created_at": "2013-06-25T22:37:09.005Z", 
        "updated_at": "2013-06-25T22:37:09.005Z", 
        "semester": 18
    }
},
{
    "pk": 1227, 
    "model": "planner.courseoffering", 
    "fields": {
        "status": 0, 
        "course": 86, 
        "created_at": "2013-06-25T22:37:09.026Z", 
        "updated_at": "2013-06-25T22:37:09.026Z", 
        "semester": 19
    }
},
{
    "pk": 1228, 
    "model": "planner.courseoffering", 
    "fields": {
        "status": 0, 
        "course": 72, 
        "created_at": "2013-06-25T22:37:09.056Z", 
        "updated_at": "2013-06-25T22:37:09.056Z", 
        "semester": 17
    }
},
{
    "pk": 1229, 
    "model": "planner.courseoffering", 
    "fields": {
        "status": 0, 
        "course": 72, 
        "created_at": "2013-06-25T22:37:09.082Z", 
        "updated_at": "2013-06-25T22:37:09.082Z", 
        "semester": 18
    }
},
{
    "pk": 1230, 
    "model": "planner.courseoffering", 
    "fields": {
        "status": 0, 
        "course": 72, 
        "created_at": "2013-06-25T22:37:09.104Z", 
        "updated_at": "2013-06-25T22:37:09.104Z", 
        "semester": 19
    }
},
{
    "pk": 1231, 
    "model": "planner.courseoffering", 
    "fields": {
        "status": 0, 
        "course": 74, 
        "created_at": "2013-06-25T22:37:09.137Z", 
        "updated_at": "2013-06-25T22:37:09.137Z", 
        "semester": 17
    }
},
{
    "pk": 1232, 
    "model": "planner.courseoffering", 
    "fields": {
        "status": 0, 
        "course": 74, 
        "created_at": "2013-06-25T22:37:09.159Z", 
        "updated_at": "2013-06-25T22:37:09.159Z", 
        "semester": 19
    }
},
{
    "pk": 1233, 
    "model": "planner.courseoffering", 
    "fields": {
        "status": 0, 
        "course": 75, 
        "created_at": "2013-06-25T22:37:09.188Z", 
        "updated_at": "2013-06-25T22:37:09.188Z", 
        "semester": 17
    }
},
{
    "pk": 1234, 
    "model": "planner.courseoffering", 
    "fields": {
        "status": 0, 
        "course": 75, 
        "created_at": "2013-06-25T22:37:09.209Z", 
        "updated_at": "2013-06-25T22:37:09.209Z", 
        "semester": 18
    }
},
{
    "pk": 1235, 
    "model": "planner.courseoffering", 
    "fields": {
        "status": 0, 
        "course": 75, 
        "created_at": "2013-06-25T22:37:09.231Z", 
        "updated_at": "2013-06-25T22:37:09.231Z", 
        "semester": 19
    }
},
{
    "pk": 1236, 
    "model": "planner.courseoffering", 
    "fields": {
        "status": 0, 
        "course": 76, 
        "created_at": "2013-06-25T22:37:09.260Z", 
        "updated_at": "2013-06-25T22:37:09.260Z", 
        "semester": 17
    }
},
{
    "pk": 1237, 
    "model": "planner.courseoffering", 
    "fields": {
        "status": 0, 
        "course": 76, 
        "created_at": "2013-06-25T22:37:09.281Z", 
        "updated_at": "2013-06-25T22:37:09.281Z", 
        "semester": 18
    }
},
{
    "pk": 1238, 
    "model": "planner.courseoffering", 
    "fields": {
        "status": 0, 
        "course": 76, 
        "created_at": "2013-06-25T22:37:09.305Z", 
        "updated_at": "2013-06-25T22:37:09.305Z", 
        "semester": 19
    }
},
{
    "pk": 1239, 
    "model": "planner.courseoffering", 
    "fields": {
        "status": 0, 
        "course": 77, 
        "created_at": "2013-06-25T22:37:09.334Z", 
        "updated_at": "2013-06-25T22:37:09.335Z", 
        "semester": 17
    }
},
{
    "pk": 1240, 
    "model": "planner.courseoffering", 
    "fields": {
        "status": 0, 
        "course": 77, 
        "created_at": "2013-06-25T22:37:09.356Z", 
        "updated_at": "2013-06-25T22:37:09.356Z", 
        "semester": 18
    }
},
{
    "pk": 1241, 
    "model": "planner.courseoffering", 
    "fields": {
        "status": 0, 
        "course": 77, 
        "created_at": "2013-06-25T22:37:09.377Z", 
        "updated_at": "2013-06-25T22:37:09.377Z", 
        "semester": 19
    }
},
{
    "pk": 1242, 
    "model": "planner.courseoffering", 
    "fields": {
        "status": 0, 
        "course": 78, 
        "created_at": "2013-06-25T22:37:09.407Z", 
        "updated_at": "2013-06-25T22:37:09.407Z", 
        "semester": 17
    }
},
{
    "pk": 1243, 
    "model": "planner.courseoffering", 
    "fields": {
        "status": 0, 
        "course": 78, 
        "created_at": "2013-06-25T22:37:09.428Z", 
        "updated_at": "2013-06-25T22:37:09.429Z", 
        "semester": 18
    }
},
{
    "pk": 1244, 
    "model": "planner.courseoffering", 
    "fields": {
        "status": 0, 
        "course": 78, 
        "created_at": "2013-06-25T22:37:09.453Z", 
        "updated_at": "2013-06-25T22:37:09.453Z", 
        "semester": 19
    }
},
{
    "pk": 1245, 
    "model": "planner.courseoffering", 
    "fields": {
        "status": 0, 
        "course": 79, 
        "created_at": "2013-06-25T22:37:09.483Z", 
        "updated_at": "2013-06-25T22:37:09.483Z", 
        "semester": 17
    }
},
{
    "pk": 1246, 
    "model": "planner.courseoffering", 
    "fields": {
        "status": 0, 
        "course": 79, 
        "created_at": "2013-06-25T22:37:09.504Z", 
        "updated_at": "2013-06-25T22:37:09.504Z", 
        "semester": 18
    }
},
{
    "pk": 1247, 
    "model": "planner.courseoffering", 
    "fields": {
        "status": 0, 
        "course": 79, 
        "created_at": "2013-06-25T22:37:09.525Z", 
        "updated_at": "2013-06-25T22:37:09.525Z", 
        "semester": 19
    }
},
{
    "pk": 1248, 
    "model": "planner.courseoffering", 
    "fields": {
        "status": 0, 
        "course": 80, 
        "created_at": "2013-06-25T22:37:09.553Z", 
        "updated_at": "2013-06-25T22:37:09.553Z", 
        "semester": 17
    }
},
{
    "pk": 1249, 
    "model": "planner.courseoffering", 
    "fields": {
        "status": 0, 
        "course": 80, 
        "created_at": "2013-06-25T22:37:09.575Z", 
        "updated_at": "2013-06-25T22:37:09.575Z", 
        "semester": 18
    }
},
{
    "pk": 1250, 
    "model": "planner.courseoffering", 
    "fields": {
        "status": 0, 
        "course": 80, 
        "created_at": "2013-06-25T22:37:09.596Z", 
        "updated_at": "2013-06-25T22:37:09.596Z", 
        "semester": 19
    }
},
{
    "pk": 1251, 
    "model": "planner.courseoffering", 
    "fields": {
        "status": 0, 
        "course": 81, 
        "created_at": "2013-06-25T22:37:09.625Z", 
        "updated_at": "2013-06-25T22:37:09.625Z", 
        "semester": 17
    }
},
{
    "pk": 1252, 
    "model": "planner.courseoffering", 
    "fields": {
        "status": 0, 
        "course": 81, 
        "created_at": "2013-06-25T22:37:09.647Z", 
        "updated_at": "2013-06-25T22:37:09.647Z", 
        "semester": 18
    }
},
{
    "pk": 1253, 
    "model": "planner.courseoffering", 
    "fields": {
        "status": 0, 
        "course": 81, 
        "created_at": "2013-06-25T22:37:09.669Z", 
        "updated_at": "2013-06-25T22:37:09.669Z", 
        "semester": 19
    }
},
{
    "pk": 1254, 
    "model": "planner.courseoffering", 
    "fields": {
        "status": 0, 
        "course": 82, 
        "created_at": "2013-06-25T22:37:09.699Z", 
        "updated_at": "2013-06-25T22:37:09.699Z", 
        "semester": 17
    }
},
{
    "pk": 1255, 
    "model": "planner.courseoffering", 
    "fields": {
        "status": 0, 
        "course": 82, 
        "created_at": "2013-06-25T22:37:09.720Z", 
        "updated_at": "2013-06-25T22:37:09.720Z", 
        "semester": 18
    }
},
{
    "pk": 1256, 
    "model": "planner.courseoffering", 
    "fields": {
        "status": 0, 
        "course": 82, 
        "created_at": "2013-06-25T22:37:09.741Z", 
        "updated_at": "2013-06-25T22:37:09.741Z", 
        "semester": 19
    }
},
{
    "pk": 1257, 
    "model": "planner.courseoffering", 
    "fields": {
        "status": 0, 
        "course": 109, 
        "created_at": "2013-06-25T22:37:09.768Z", 
        "updated_at": "2013-06-25T22:37:09.768Z", 
        "semester": 17
    }
},
{
    "pk": 1258, 
    "model": "planner.courseoffering", 
    "fields": {
        "status": 0, 
        "course": 109, 
        "created_at": "2013-06-25T22:37:09.787Z", 
        "updated_at": "2013-06-25T22:37:09.787Z", 
        "semester": 19
    }
},
{
    "pk": 1259, 
    "model": "planner.courseoffering", 
    "fields": {
        "status": 0, 
        "course": 58, 
        "created_at": "2013-06-25T22:37:09.815Z", 
        "updated_at": "2013-06-25T22:37:09.815Z", 
        "semester": 17
    }
},
{
    "pk": 1260, 
    "model": "planner.courseoffering", 
    "fields": {
        "status": 0, 
        "course": 58, 
        "created_at": "2013-06-25T22:37:09.835Z", 
        "updated_at": "2013-06-25T22:37:09.835Z", 
        "semester": 19
    }
},
{
    "pk": 1261, 
    "model": "planner.courseoffering", 
    "fields": {
        "status": 0, 
        "course": 66, 
        "created_at": "2013-06-25T22:37:09.862Z", 
        "updated_at": "2013-06-25T22:37:09.862Z", 
        "semester": 17
    }
},
{
    "pk": 1262, 
    "model": "planner.courseoffering", 
    "fields": {
        "status": 0, 
        "course": 66, 
        "created_at": "2013-06-25T22:37:09.882Z", 
        "updated_at": "2013-06-25T22:37:09.882Z", 
        "semester": 19
    }
},
{
    "pk": 1263, 
    "model": "planner.courseoffering", 
    "fields": {
        "status": 0, 
        "course": 59, 
        "created_at": "2013-06-25T22:37:09.911Z", 
        "updated_at": "2013-06-25T22:37:09.911Z", 
        "semester": 17
    }
},
{
    "pk": 1264, 
    "model": "planner.courseoffering", 
    "fields": {
        "status": 0, 
        "course": 59, 
        "created_at": "2013-06-25T22:37:09.932Z", 
        "updated_at": "2013-06-25T22:37:09.932Z", 
        "semester": 19
    }
},
{
    "pk": 1265, 
    "model": "planner.courseoffering", 
    "fields": {
        "status": 0, 
        "course": 60, 
        "created_at": "2013-06-25T22:37:09.969Z", 
        "updated_at": "2013-06-25T22:37:09.969Z", 
        "semester": 17
    }
},
{
    "pk": 1266, 
    "model": "planner.courseoffering", 
    "fields": {
        "status": 0, 
        "course": 60, 
        "created_at": "2013-06-25T22:37:09.989Z", 
        "updated_at": "2013-06-25T22:37:09.989Z", 
        "semester": 19
    }
},
{
    "pk": 1267, 
    "model": "planner.courseoffering", 
    "fields": {
        "status": 0, 
        "course": 110, 
        "created_at": "2013-06-25T22:37:10.018Z", 
        "updated_at": "2013-06-25T22:37:10.018Z", 
        "semester": 17
    }
},
{
    "pk": 1268, 
    "model": "planner.courseoffering", 
    "fields": {
        "status": 0, 
        "course": 110, 
        "created_at": "2013-06-25T22:37:10.038Z", 
        "updated_at": "2013-06-25T22:37:10.038Z", 
        "semester": 19
    }
},
{
    "pk": 1269, 
    "model": "planner.courseoffering", 
    "fields": {
        "status": 0, 
        "course": 111, 
        "created_at": "2013-06-25T22:37:10.067Z", 
        "updated_at": "2013-06-25T22:37:10.067Z", 
        "semester": 17
    }
},
{
    "pk": 1270, 
    "model": "planner.courseoffering", 
    "fields": {
        "status": 0, 
        "course": 111, 
        "created_at": "2013-06-25T22:37:10.088Z", 
        "updated_at": "2013-06-25T22:37:10.089Z", 
        "semester": 19
    }
},
{
    "pk": 1271, 
    "model": "planner.courseoffering", 
    "fields": {
        "status": 0, 
        "course": 112, 
        "created_at": "2013-06-25T22:37:10.117Z", 
        "updated_at": "2013-06-25T22:37:10.117Z", 
        "semester": 17
    }
},
{
    "pk": 1272, 
    "model": "planner.courseoffering", 
    "fields": {
        "status": 0, 
        "course": 112, 
        "created_at": "2013-06-25T22:37:10.138Z", 
        "updated_at": "2013-06-25T22:37:10.138Z", 
        "semester": 19
    }
},
{
    "pk": 1273, 
    "model": "planner.courseoffering", 
    "fields": {
        "status": 0, 
        "course": 128, 
        "created_at": "2013-06-25T22:37:10.167Z", 
        "updated_at": "2013-06-25T22:37:10.167Z", 
        "semester": 17
    }
},
{
    "pk": 1274, 
    "model": "planner.courseoffering", 
    "fields": {
        "status": 0, 
        "course": 128, 
        "created_at": "2013-06-25T22:37:10.191Z", 
        "updated_at": "2013-06-25T22:37:10.191Z", 
        "semester": 19
    }
},
{
    "pk": 1275, 
    "model": "planner.courseoffering", 
    "fields": {
        "status": 0, 
        "course": 129, 
        "created_at": "2013-06-25T22:37:10.221Z", 
        "updated_at": "2013-06-25T22:37:10.221Z", 
        "semester": 17
    }
},
{
    "pk": 1276, 
    "model": "planner.courseoffering", 
    "fields": {
        "status": 0, 
        "course": 129, 
        "created_at": "2013-06-25T22:37:10.242Z", 
        "updated_at": "2013-06-25T22:37:10.242Z", 
        "semester": 19
    }
},
{
    "pk": 1277, 
    "model": "planner.courseoffering", 
    "fields": {
        "status": 0, 
        "course": 130, 
        "created_at": "2013-06-25T22:37:10.271Z", 
        "updated_at": "2013-06-25T22:37:10.271Z", 
        "semester": 17
    }
},
{
    "pk": 1278, 
    "model": "planner.courseoffering", 
    "fields": {
        "status": 0, 
        "course": 130, 
        "created_at": "2013-06-25T22:37:10.294Z", 
        "updated_at": "2013-06-25T22:37:10.294Z", 
        "semester": 19
    }
},
{
    "pk": 1279, 
    "model": "planner.courseoffering", 
    "fields": {
        "status": 0, 
        "course": 113, 
        "created_at": "2013-06-25T22:37:10.323Z", 
        "updated_at": "2013-06-25T22:37:10.323Z", 
        "semester": 17
    }
},
{
    "pk": 1280, 
    "model": "planner.courseoffering", 
    "fields": {
        "status": 0, 
        "course": 113, 
        "created_at": "2013-06-25T22:37:10.344Z", 
        "updated_at": "2013-06-25T22:37:10.344Z", 
        "semester": 19
    }
},
{
    "pk": 1281, 
    "model": "planner.courseoffering", 
    "fields": {
        "status": 0, 
        "course": 131, 
        "created_at": "2013-06-25T22:37:10.374Z", 
        "updated_at": "2013-06-25T22:37:10.374Z", 
        "semester": 17
    }
},
{
    "pk": 1282, 
    "model": "planner.courseoffering", 
    "fields": {
        "status": 0, 
        "course": 131, 
        "created_at": "2013-06-25T22:37:10.396Z", 
        "updated_at": "2013-06-25T22:37:10.396Z", 
        "semester": 19
    }
},
{
    "pk": 1283, 
    "model": "planner.courseoffering", 
    "fields": {
        "status": 0, 
        "course": 132, 
        "created_at": "2013-06-25T22:37:10.425Z", 
        "updated_at": "2013-06-25T22:37:10.426Z", 
        "semester": 17
    }
},
{
    "pk": 1284, 
    "model": "planner.courseoffering", 
    "fields": {
        "status": 0, 
        "course": 132, 
        "created_at": "2013-06-25T22:37:10.447Z", 
        "updated_at": "2013-06-25T22:37:10.447Z", 
        "semester": 19
    }
},
{
    "pk": 1285, 
    "model": "planner.courseoffering", 
    "fields": {
        "status": 0, 
        "course": 133, 
        "created_at": "2013-06-25T22:37:10.480Z", 
        "updated_at": "2013-06-25T22:37:10.480Z", 
        "semester": 17
    }
},
{
    "pk": 1286, 
    "model": "planner.courseoffering", 
    "fields": {
        "status": 0, 
        "course": 133, 
        "created_at": "2013-06-25T22:37:10.501Z", 
        "updated_at": "2013-06-25T22:37:10.501Z", 
        "semester": 19
    }
},
{
    "pk": 1287, 
    "model": "planner.courseoffering", 
    "fields": {
        "status": 0, 
        "course": 134, 
        "created_at": "2013-06-25T22:37:10.531Z", 
        "updated_at": "2013-06-25T22:37:10.531Z", 
        "semester": 17
    }
},
{
    "pk": 1288, 
    "model": "planner.courseoffering", 
    "fields": {
        "status": 0, 
        "course": 134, 
        "created_at": "2013-06-25T22:37:10.553Z", 
        "updated_at": "2013-06-25T22:37:10.553Z", 
        "semester": 19
    }
},
{
    "pk": 1289, 
    "model": "planner.courseoffering", 
    "fields": {
        "status": 0, 
        "course": 135, 
        "created_at": "2013-06-25T22:37:10.584Z", 
        "updated_at": "2013-06-25T22:37:10.584Z", 
        "semester": 17
    }
},
{
    "pk": 1290, 
    "model": "planner.courseoffering", 
    "fields": {
        "status": 0, 
        "course": 135, 
        "created_at": "2013-06-25T22:37:10.605Z", 
        "updated_at": "2013-06-25T22:37:10.605Z", 
        "semester": 19
    }
},
{
    "pk": 1291, 
    "model": "planner.courseoffering", 
    "fields": {
        "status": 0, 
        "course": 136, 
        "created_at": "2013-06-25T22:37:10.634Z", 
        "updated_at": "2013-06-25T22:37:10.634Z", 
        "semester": 17
    }
},
{
    "pk": 1292, 
    "model": "planner.courseoffering", 
    "fields": {
        "status": 0, 
        "course": 136, 
        "created_at": "2013-06-25T22:37:10.655Z", 
        "updated_at": "2013-06-25T22:37:10.655Z", 
        "semester": 19
    }
},
{
    "pk": 1293, 
    "model": "planner.courseoffering", 
    "fields": {
        "status": 0, 
        "course": 71, 
        "created_at": "2013-06-25T22:37:10.685Z", 
        "updated_at": "2013-06-25T22:37:10.685Z", 
        "semester": 17
    }
},
{
    "pk": 1294, 
    "model": "planner.courseoffering", 
    "fields": {
        "status": 0, 
        "course": 71, 
        "created_at": "2013-06-25T22:37:10.708Z", 
        "updated_at": "2013-06-25T22:37:10.708Z", 
        "semester": 18
    }
},
{
    "pk": 1295, 
    "model": "planner.courseoffering", 
    "fields": {
        "status": 0, 
        "course": 71, 
        "created_at": "2013-06-25T22:37:10.730Z", 
        "updated_at": "2013-06-25T22:37:10.730Z", 
        "semester": 19
    }
},
{
    "pk": 1296, 
    "model": "planner.courseoffering", 
    "fields": {
        "status": 0, 
        "course": 114, 
        "created_at": "2013-06-25T22:37:10.760Z", 
        "updated_at": "2013-06-25T22:37:10.760Z", 
        "semester": 17
    }
},
{
    "pk": 1297, 
    "model": "planner.courseoffering", 
    "fields": {
        "status": 0, 
        "course": 114, 
        "created_at": "2013-06-25T22:37:10.781Z", 
        "updated_at": "2013-06-25T22:37:10.781Z", 
        "semester": 19
    }
},
{
    "pk": 1298, 
    "model": "planner.courseoffering", 
    "fields": {
        "status": 0, 
        "course": 115, 
        "created_at": "2013-06-25T22:37:10.811Z", 
        "updated_at": "2013-06-25T22:37:10.811Z", 
        "semester": 17
    }
},
{
    "pk": 1299, 
    "model": "planner.courseoffering", 
    "fields": {
        "status": 0, 
        "course": 115, 
        "created_at": "2013-06-25T22:37:10.832Z", 
        "updated_at": "2013-06-25T22:37:10.832Z", 
        "semester": 19
    }
},
{
    "pk": 1300, 
    "model": "planner.courseoffering", 
    "fields": {
        "status": 0, 
        "course": 116, 
        "created_at": "2013-06-25T22:37:10.861Z", 
        "updated_at": "2013-06-25T22:37:10.861Z", 
        "semester": 17
    }
},
{
    "pk": 1301, 
    "model": "planner.courseoffering", 
    "fields": {
        "status": 0, 
        "course": 116, 
        "created_at": "2013-06-25T22:37:10.883Z", 
        "updated_at": "2013-06-25T22:37:10.883Z", 
        "semester": 19
    }
},
{
    "pk": 1302, 
    "model": "planner.courseoffering", 
    "fields": {
        "status": 0, 
        "course": 117, 
        "created_at": "2013-06-25T22:37:10.913Z", 
        "updated_at": "2013-06-25T22:37:10.913Z", 
        "semester": 17
    }
},
{
    "pk": 1303, 
    "model": "planner.courseoffering", 
    "fields": {
        "status": 0, 
        "course": 117, 
        "created_at": "2013-06-25T22:37:10.934Z", 
        "updated_at": "2013-06-25T22:37:10.934Z", 
        "semester": 19
    }
},
{
    "pk": 1304, 
    "model": "planner.courseoffering", 
    "fields": {
        "status": 0, 
        "course": 118, 
        "created_at": "2013-06-25T22:37:10.963Z", 
        "updated_at": "2013-06-25T22:37:10.963Z", 
        "semester": 17
    }
},
{
    "pk": 1305, 
    "model": "planner.courseoffering", 
    "fields": {
        "status": 0, 
        "course": 118, 
        "created_at": "2013-06-25T22:37:10.986Z", 
        "updated_at": "2013-06-25T22:37:10.986Z", 
        "semester": 19
    }
},
{
    "pk": 1306, 
    "model": "planner.courseoffering", 
    "fields": {
        "status": 0, 
        "course": 137, 
        "created_at": "2013-06-25T22:37:11.015Z", 
        "updated_at": "2013-06-25T22:37:11.015Z", 
        "semester": 17
    }
},
{
    "pk": 1307, 
    "model": "planner.courseoffering", 
    "fields": {
        "status": 0, 
        "course": 137, 
        "created_at": "2013-06-25T22:37:11.038Z", 
        "updated_at": "2013-06-25T22:37:11.038Z", 
        "semester": 19
    }
},
{
    "pk": 1308, 
    "model": "planner.courseoffering", 
    "fields": {
        "status": 0, 
        "course": 138, 
        "created_at": "2013-06-25T22:37:11.070Z", 
        "updated_at": "2013-06-25T22:37:11.070Z", 
        "semester": 17
    }
},
{
    "pk": 1309, 
    "model": "planner.courseoffering", 
    "fields": {
        "status": 0, 
        "course": 138, 
        "created_at": "2013-06-25T22:37:11.092Z", 
        "updated_at": "2013-06-25T22:37:11.092Z", 
        "semester": 19
    }
},
{
    "pk": 1310, 
    "model": "planner.courseoffering", 
    "fields": {
        "status": 0, 
        "course": 99, 
        "created_at": "2013-06-25T22:37:11.122Z", 
        "updated_at": "2013-06-25T22:37:11.122Z", 
        "semester": 17
    }
},
{
    "pk": 1311, 
    "model": "planner.courseoffering", 
    "fields": {
        "status": 0, 
        "course": 99, 
        "created_at": "2013-06-25T22:37:11.151Z", 
        "updated_at": "2013-06-25T22:37:11.152Z", 
        "semester": 19
    }
},
{
    "pk": 1312, 
    "model": "planner.courseoffering", 
    "fields": {
        "status": 0, 
        "course": 139, 
        "created_at": "2013-06-25T22:37:11.182Z", 
        "updated_at": "2013-06-25T22:37:11.182Z", 
        "semester": 17
    }
},
{
    "pk": 1313, 
    "model": "planner.courseoffering", 
    "fields": {
        "status": 0, 
        "course": 139, 
        "created_at": "2013-06-25T22:37:11.203Z", 
        "updated_at": "2013-06-25T22:37:11.203Z", 
        "semester": 19
    }
},
{
    "pk": 1314, 
    "model": "planner.courseoffering", 
    "fields": {
        "status": 0, 
        "course": 140, 
        "created_at": "2013-06-25T22:37:11.232Z", 
        "updated_at": "2013-06-25T22:37:11.232Z", 
        "semester": 17
    }
},
{
    "pk": 1315, 
    "model": "planner.courseoffering", 
    "fields": {
        "status": 0, 
        "course": 140, 
        "created_at": "2013-06-25T22:37:11.254Z", 
        "updated_at": "2013-06-25T22:37:11.254Z", 
        "semester": 19
    }
},
{
    "pk": 1316, 
    "model": "planner.courseoffering", 
    "fields": {
        "status": 0, 
        "course": 119, 
        "created_at": "2013-06-25T22:37:11.287Z", 
        "updated_at": "2013-06-25T22:37:11.287Z", 
        "semester": 17
    }
},
{
    "pk": 1317, 
    "model": "planner.courseoffering", 
    "fields": {
        "status": 0, 
        "course": 119, 
        "created_at": "2013-06-25T22:37:11.310Z", 
        "updated_at": "2013-06-25T22:37:11.310Z", 
        "semester": 19
    }
},
{
    "pk": 1318, 
    "model": "planner.courseoffering", 
    "fields": {
        "status": 0, 
        "course": 120, 
        "created_at": "2013-06-25T22:37:11.340Z", 
        "updated_at": "2013-06-25T22:37:11.340Z", 
        "semester": 17
    }
},
{
    "pk": 1319, 
    "model": "planner.courseoffering", 
    "fields": {
        "status": 0, 
        "course": 120, 
        "created_at": "2013-06-25T22:37:11.361Z", 
        "updated_at": "2013-06-25T22:37:11.361Z", 
        "semester": 19
    }
},
{
    "pk": 1320, 
    "model": "planner.courseoffering", 
    "fields": {
        "status": 0, 
        "course": 121, 
        "created_at": "2013-06-25T22:37:11.391Z", 
        "updated_at": "2013-06-25T22:37:11.391Z", 
        "semester": 17
    }
},
{
    "pk": 1321, 
    "model": "planner.courseoffering", 
    "fields": {
        "status": 0, 
        "course": 121, 
        "created_at": "2013-06-25T22:37:11.412Z", 
        "updated_at": "2013-06-25T22:37:11.412Z", 
        "semester": 19
    }
},
{
    "pk": 1322, 
    "model": "planner.courseoffering", 
    "fields": {
        "status": 0, 
        "course": 19, 
        "created_at": "2013-06-25T22:37:11.442Z", 
        "updated_at": "2013-06-25T22:37:11.442Z", 
        "semester": 17
    }
},
{
    "pk": 1323, 
    "model": "planner.courseoffering", 
    "fields": {
        "status": 0, 
        "course": 19, 
        "created_at": "2013-06-25T22:37:11.463Z", 
        "updated_at": "2013-06-25T22:37:11.463Z", 
        "semester": 19
    }
},
{
    "pk": 1324, 
    "model": "planner.courseoffering", 
    "fields": {
        "status": 0, 
        "course": 30, 
        "created_at": "2013-06-25T22:37:11.497Z", 
        "updated_at": "2013-06-25T22:37:11.497Z", 
        "semester": 17
    }
},
{
    "pk": 1325, 
    "model": "planner.courseoffering", 
    "fields": {
        "status": 0, 
        "course": 30, 
        "created_at": "2013-06-25T22:37:11.518Z", 
        "updated_at": "2013-06-25T22:37:11.518Z", 
        "semester": 19
    }
},
{
    "pk": 1326, 
    "model": "planner.courseoffering", 
    "fields": {
        "status": 0, 
        "course": 45, 
        "created_at": "2013-06-25T22:37:11.551Z", 
        "updated_at": "2013-06-25T22:37:11.551Z", 
        "semester": 17
    }
},
{
    "pk": 1, 
    "model": "planner.degreeprogram", 
    "fields": {
        "created_at": "2013-06-04T20:19:28.385Z", 
        "entering_year": "E", 
        "major": 1, 
        "updated_at": "2013-06-04T20:19:28.385Z", 
        "name": "Computer Science BS"
    }
}
]
