[{"pk": 1, "model": "auth.permission", "fields": {"codename": "add_permission", "name": "Can add permission", "content_type": 1}}, {"pk": 2, "model": "auth.permission", "fields": {"codename": "change_permission", "name": "Can change permission", "content_type": 1}}, {"pk": 3, "model": "auth.permission", "fields": {"codename": "delete_permission", "name": "Can delete permission", "content_type": 1}}, {"pk": 4, "model": "auth.permission", "fields": {"codename": "add_group", "name": "Can add group", "content_type": 2}}, {"pk": 5, "model": "auth.permission", "fields": {"codename": "change_group", "name": "Can change group", "content_type": 2}}, {"pk": 6, "model": "auth.permission", "fields": {"codename": "delete_group", "name": "Can delete group", "content_type": 2}}, {"pk": 7, "model": "auth.permission", "fields": {"codename": "add_user", "name": "Can add user", "content_type": 3}}, {"pk": 8, "model": "auth.permission", "fields": {"codename": "change_user", "name": "Can change user", "content_type": 3}}, {"pk": 9, "model": "auth.permission", "fields": {"codename": "delete_user", "name": "Can delete user", "content_type": 3}}, {"pk": 10, "model": "auth.permission", "fields": {"codename": "add_contenttype", "name": "Can add content type", "content_type": 4}}, {"pk": 11, "model": "auth.permission", "fields": {"codename": "change_contenttype", "name": "Can change content type", "content_type": 4}}, {"pk": 12, "model": "auth.permission", "fields": {"codename": "delete_contenttype", "name": "Can delete content type", "content_type": 4}}, {"pk": 13, "model": "auth.permission", "fields": {"codename": "add_session", "name": "Can add session", "content_type": 5}}, {"pk": 14, "model": "auth.permission", "fields": {"codename": "change_session", "name": "Can change session", "content_type": 5}}, {"pk": 15, "model": "auth.permission", "fields": {"codename": "delete_session", "name": "Can delete session", "content_type": 5}}, {"pk": 16, "model": "auth.permission", "fields": {"codename": "add_site", "name": "Can add site", "content_type": 6}}, {"pk": 17, "model": "auth.permission", "fields": {"codename": "change_site", "name": "Can change site", "content_type": 6}}, {"pk": 18, "model": "auth.permission", "fields": {"codename": "delete_site", "name": "Can delete site", "content_type": 6}}, {"pk": 19, "model": "auth.permission", "fields": {"codename": "add_logentry", "name": "Can add log entry", "content_type": 7}}, {"pk": 20, "model": "auth.permission", "fields": {"codename": "change_logentry", "name": "Can change log entry", "content_type": 7}}, {"pk": 21, "model": "auth.permission", "fields": {"codename": "delete_logentry", "name": "Can delete log entry", "content_type": 7}}, {"pk": 22, "model": "auth.permission", "fields": {"codename": "add_person", "name": "Can add person", "content_type": 8}}, {"pk": 23, "model": "auth.permission", "fields": {"codename": "change_person", "name": "Can change person", "content_type": 8}}, {"pk": 24, "model": "auth.permission", "fields": {"codename": "delete_person", "name": "Can delete person", "content_type": 8}}, {"pk": 25, "model": "auth.permission", "fields": {"codename": "add_university", "name": "Can add university", "content_type": 9}}, {"pk": 26, "model": "auth.permission", "fields": {"codename": "change_university", "name": "Can change university", "content_type": 9}}, {"pk": 27, "model": "auth.permission", "fields": {"codename": "delete_university", "name": "Can delete university", "content_type": 9}}, {"pk": 28, "model": "auth.permission", "fields": {"codename": "add_school", "name": "Can add school", "content_type": 10}}, {"pk": 29, "model": "auth.permission", "fields": {"codename": "change_school", "name": "Can change school", "content_type": 10}}, {"pk": 30, "model": "auth.permission", "fields": {"codename": "delete_school", "name": "Can delete school", "content_type": 10}}, {"pk": 31, "model": "auth.permission", "fields": {"codename": "add_department", "name": "Can add department", "content_type": 11}}, {"pk": 32, "model": "auth.permission", "fields": {"codename": "change_department", "name": "Can change department", "content_type": 11}}, {"pk": 33, "model": "auth.permission", "fields": {"codename": "delete_department", "name": "Can delete department", "content_type": 11}}, {"pk": 34, "model": "auth.permission", "fields": {"codename": "add_major", "name": "Can add major", "content_type": 12}}, {"pk": 35, "model": "auth.permission", "fields": {"codename": "change_major", "name": "Can change major", "content_type": 12}}, {"pk": 36, "model": "auth.permission", "fields": {"codename": "delete_major", "name": "Can delete major", "content_type": 12}}, {"pk": 37, "model": "auth.permission", "fields": {"codename": "add_minor", "name": "Can add minor", "content_type": 13}}, {"pk": 38, "model": "auth.permission", "fields": {"codename": "change_minor", "name": "Can change minor", "content_type": 13}}, {"pk": 39, "model": "auth.permission", "fields": {"codename": "delete_minor", "name": "Can delete minor", "content_type": 13}}, {"pk": 40, "model": "auth.permission", "fields": {"codename": "add_facultymember", "name": "Can add faculty member", "content_type": 14}}, {"pk": 41, "model": "auth.permission", "fields": {"codename": "change_facultymember", "name": "Can change faculty member", "content_type": 14}}, {"pk": 42, "model": "auth.permission", "fields": {"codename": "delete_facultymember", "name": "Can delete faculty member", "content_type": 14}}, {"pk": 43, "model": "auth.permission", "fields": {"codename": "add_staffmember", "name": "Can add staff member", "content_type": 15}}, {"pk": 44, "model": "auth.permission", "fields": {"codename": "change_staffmember", "name": "Can change staff member", "content_type": 15}}, {"pk": 45, "model": "auth.permission", "fields": {"codename": "delete_staffmember", "name": "Can delete staff member", "content_type": 15}}, {"pk": 46, "model": "auth.permission", "fields": {"codename": "add_academicyear", "name": "Can add academic year", "content_type": 16}}, {"pk": 47, "model": "auth.permission", "fields": {"codename": "change_academicyear", "name": "Can change academic year", "content_type": 16}}, {"pk": 48, "model": "auth.permission", "fields": {"codename": "delete_academicyear", "name": "Can delete academic year", "content_type": 16}}, {"pk": 49, "model": "auth.permission", "fields": {"codename": "add_semestername", "name": "Can add semester name", "content_type": 17}}, {"pk": 50, "model": "auth.permission", "fields": {"codename": "change_semestername", "name": "Can change semester name", "content_type": 17}}, {"pk": 51, "model": "auth.permission", "fields": {"codename": "delete_semestername", "name": "Can delete semester name", "content_type": 17}}, {"pk": 52, "model": "auth.permission", "fields": {"codename": "add_semester", "name": "Can add semester", "content_type": 18}}, {"pk": 53, "model": "auth.permission", "fields": {"codename": "change_semester", "name": "Can change semester", "content_type": 18}}, {"pk": 54, "model": "auth.permission", "fields": {"codename": "delete_semester", "name": "Can delete semester", "content_type": 18}}, {"pk": 55, "model": "auth.permission", "fields": {"codename": "add_holiday", "name": "Can add holiday", "content_type": 19}}, {"pk": 56, "model": "auth.permission", "fields": {"codename": "change_holiday", "name": "Can change holiday", "content_type": 19}}, {"pk": 57, "model": "auth.permission", "fields": {"codename": "delete_holiday", "name": "Can delete holiday", "content_type": 19}}, {"pk": 58, "model": "auth.permission", "fields": {"codename": "add_building", "name": "Can add building", "content_type": 20}}, {"pk": 59, "model": "auth.permission", "fields": {"codename": "change_building", "name": "Can change building", "content_type": 20}}, {"pk": 60, "model": "auth.permission", "fields": {"codename": "delete_building", "name": "Can delete building", "content_type": 20}}, {"pk": 61, "model": "auth.permission", "fields": {"codename": "add_room", "name": "Can add room", "content_type": 21}}, {"pk": 62, "model": "auth.permission", "fields": {"codename": "change_room", "name": "Can change room", "content_type": 21}}, {"pk": 63, "model": "auth.permission", "fields": {"codename": "delete_room", "name": "Can delete room", "content_type": 21}}, {"pk": 64, "model": "auth.permission", "fields": {"codename": "add_subject", "name": "Can add subject", "content_type": 22}}, {"pk": 65, "model": "auth.permission", "fields": {"codename": "change_subject", "name": "Can change subject", "content_type": 22}}, {"pk": 66, "model": "auth.permission", "fields": {"codename": "delete_subject", "name": "Can delete subject", "content_type": 22}}, {"pk": 67, "model": "auth.permission", "fields": {"codename": "add_courseattribute", "name": "Can add course attribute", "content_type": 23}}, {"pk": 68, "model": "auth.permission", "fields": {"codename": "change_courseattribute", "name": "Can change course attribute", "content_type": 23}}, {"pk": 69, "model": "auth.permission", "fields": {"codename": "delete_courseattribute", "name": "Can delete course attribute", "content_type": 23}}, {"pk": 70, "model": "auth.permission", "fields": {"codename": "add_course", "name": "Can add course", "content_type": 24}}, {"pk": 71, "model": "auth.permission", "fields": {"codename": "change_course", "name": "Can change course", "content_type": 24}}, {"pk": 72, "model": "auth.permission", "fields": {"codename": "delete_course", "name": "Can delete course", "content_type": 24}}, {"pk": 73, "model": "auth.permission", "fields": {"codename": "add_student", "name": "Can add student", "content_type": 25}}, {"pk": 74, "model": "auth.permission", "fields": {"codename": "change_student", "name": "Can change student", "content_type": 25}}, {"pk": 75, "model": "auth.permission", "fields": {"codename": "delete_student", "name": "Can delete student", "content_type": 25}}, {"pk": 76, "model": "auth.permission", "fields": {"codename": "add_courseoffering", "name": "Can add course offering", "content_type": 26}}, {"pk": 77, "model": "auth.permission", "fields": {"codename": "change_courseoffering", "name": "Can change course offering", "content_type": 26}}, {"pk": 78, "model": "auth.permission", "fields": {"codename": "delete_courseoffering", "name": "Can delete course offering", "content_type": 26}}, {"pk": 79, "model": "auth.permission", "fields": {"codename": "add_grade", "name": "Can add grade", "content_type": 27}}, {"pk": 80, "model": "auth.permission", "fields": {"codename": "change_grade", "name": "Can change grade", "content_type": 27}}, {"pk": 81, "model": "auth.permission", "fields": {"codename": "delete_grade", "name": "Can delete grade", "content_type": 27}}, {"pk": 82, "model": "auth.permission", "fields": {"codename": "add_coursetaken", "name": "Can add course taken", "content_type": 28}}, {"pk": 83, "model": "auth.permission", "fields": {"codename": "change_coursetaken", "name": "Can change course taken", "content_type": 28}}, {"pk": 84, "model": "auth.permission", "fields": {"codename": "delete_coursetaken", "name": "Can delete course taken", "content_type": 28}}, {"pk": 85, "model": "auth.permission", "fields": {"codename": "add_offeringinstructor", "name": "Can add offering instructor", "content_type": 29}}, {"pk": 86, "model": "auth.permission", "fields": {"codename": "change_offeringinstructor", "name": "Can change offering instructor", "content_type": 29}}, {"pk": 87, "model": "auth.permission", "fields": {"codename": "delete_offeringinstructor", "name": "Can delete offering instructor", "content_type": 29}}, {"pk": 88, "model": "auth.permission", "fields": {"codename": "add_classmeeting", "name": "Can add class meeting", "content_type": 30}}, {"pk": 89, "model": "auth.permission", "fields": {"codename": "change_classmeeting", "name": "Can change class meeting", "content_type": 30}}, {"pk": 90, "model": "auth.permission", "fields": {"codename": "delete_classmeeting", "name": "Can delete class meeting", "content_type": 30}}, {"pk": 91, "model": "auth.permission", "fields": {"codename": "add_requirementblock", "name": "Can add requirement block", "content_type": 31}}, {"pk": 92, "model": "auth.permission", "fields": {"codename": "change_requirementblock", "name": "Can change requirement block", "content_type": 31}}, {"pk": 93, "model": "auth.permission", "fields": {"codename": "delete_requirementblock", "name": "Can delete requirement block", "content_type": 31}}, {"pk": 94, "model": "auth.permission", "fields": {"codename": "add_transfercourse", "name": "Can add transfer course", "content_type": 32}}, {"pk": 95, "model": "auth.permission", "fields": {"codename": "change_transfercourse", "name": "Can change transfer course", "content_type": 32}}, {"pk": 96, "model": "auth.permission", "fields": {"codename": "delete_transfercourse", "name": "Can delete transfer course", "content_type": 32}}, {"pk": 97, "model": "auth.permission", "fields": {"codename": "add_advisingnote", "name": "Can add advising note", "content_type": 33}}, {"pk": 98, "model": "auth.permission", "fields": {"codename": "change_advisingnote", "name": "Can change advising note", "content_type": 33}}, {"pk": 99, "model": "auth.permission", "fields": {"codename": "delete_advisingnote", "name": "Can delete advising note", "content_type": 33}}, {"pk": 100, "model": "auth.permission", "fields": {"codename": "add_classstanding", "name": "Can add class standing", "content_type": 34}}, {"pk": 101, "model": "auth.permission", "fields": {"codename": "change_classstanding", "name": "Can change class standing", "content_type": 34}}, {"pk": 102, "model": "auth.permission", "fields": {"codename": "delete_classstanding", "name": "Can delete class standing", "content_type": 34}}, {"pk": 103, "model": "auth.permission", "fields": {"codename": "add_degreeprogram", "name": "Can add degree program", "content_type": 35}}, {"pk": 104, "model": "auth.permission", "fields": {"codename": "change_degreeprogram", "name": "Can change degree program", "content_type": 35}}, {"pk": 105, "model": "auth.permission", "fields": {"codename": "delete_degreeprogram", "name": "Can delete degree program", "content_type": 35}}, {"pk": 106, "model": "auth.permission", "fields": {"codename": "add_degreeprogramcourse", "name": "Can add degree program course", "content_type": 36}}, {"pk": 107, "model": "auth.permission", "fields": {"codename": "change_degreeprogramcourse", "name": "Can change degree program course", "content_type": 36}}, {"pk": 108, "model": "auth.permission", "fields": {"codename": "delete_degreeprogramcourse", "name": "Can delete degree program course", "content_type": 36}}, {"pk": 109, "model": "auth.permission", "fields": {"codename": "add_degreeprogram", "name": "Can add degree program", "content_type": 37}}, {"pk": 110, "model": "auth.permission", "fields": {"codename": "change_degreeprogram", "name": "Can change degree program", "content_type": 37}}, {"pk": 111, "model": "auth.permission", "fields": {"codename": "delete_degreeprogram", "name": "Can delete degree program", "content_type": 37}}, {"pk": 112, "model": "auth.permission", "fields": {"codename": "add_degreeprogramcourse", "name": "Can add degree program course", "content_type": 38}}, {"pk": 113, "model": "auth.permission", "fields": {"codename": "change_degreeprogramcourse", "name": "Can change degree program course", "content_type": 38}}, {"pk": 114, "model": "auth.permission", "fields": {"codename": "delete_degreeprogramcourse", "name": "Can delete degree program course", "content_type": 38}}, {"pk": 1, "model": "auth.user", "fields": {"username": "admin", "first_name": "", "last_name": "", "is_active": true, "is_superuser": true, "is_staff": true, "last_login": "2013-06-10T17:13:02.943Z", "groups": [], "user_permissions": [], "password": "pbkdf2_sha256$10000$pFYyb1cgghTA$692VrSI8+Y75c6KCq3cLAFbd5xCK8VCEhDAbQFsKQj4=", "email": "admin@example.com", "date_joined": "2013-06-04T14:21:58.409Z"}}, {"pk": "1wt38m6m7k6ky40b70jh6dc6cu69axux", "model": "sessions.session", "fields": {"expire_date": "2013-06-24T17:13:02.962Z", "session_data": "OGI1NGExOGE0NjI3MWNlNzAzMDc1ODNjMWE0MDg1NzgwOWIwMjRmYTqAAn1xAShVEl9hdXRoX3VzZXJfYmFja2VuZHECVSlkamFuZ28uY29udHJpYi5hdXRoLmJhY2tlbmRzLk1vZGVsQmFja2VuZHEDVQ1fYXV0aF91c2VyX2lkcQRLAXUu"}}, {"pk": "ln8ui11inf51ih8fxlx85oa243pbf1bd", "model": "sessions.session", "fields": {"expire_date": "2013-06-18T19:29:15.742Z", "session_data": "OGI1NGExOGE0NjI3MWNlNzAzMDc1ODNjMWE0MDg1NzgwOWIwMjRmYTqAAn1xAShVEl9hdXRoX3VzZXJfYmFja2VuZHECVSlkamFuZ28uY29udHJpYi5hdXRoLmJhY2tlbmRzLk1vZGVsQmFja2VuZHEDVQ1fYXV0aF91c2VyX2lkcQRLAXUu"}}, {"pk": "mj1qa7ufa2ud01qzqnk4dsq2uvz3u6b1", "model": "sessions.session", "fields": {"expire_date": "2013-06-19T16:45:20.793Z", "session_data": "OGI1NGExOGE0NjI3MWNlNzAzMDc1ODNjMWE0MDg1NzgwOWIwMjRmYTqAAn1xAShVEl9hdXRoX3VzZXJfYmFja2VuZHECVSlkamFuZ28uY29udHJpYi5hdXRoLmJhY2tlbmRzLk1vZGVsQmFja2VuZHEDVQ1fYXV0aF91c2VyX2lkcQRLAXUu"}}, {"pk": "u2zuqv7tmq69hailfz1qrozav4aab9qe", "model": "sessions.session", "fields": {"expire_date": "2013-06-20T20:30:57.016Z", "session_data": "OGI1NGExOGE0NjI3MWNlNzAzMDc1ODNjMWE0MDg1NzgwOWIwMjRmYTqAAn1xAShVEl9hdXRoX3VzZXJfYmFja2VuZHECVSlkamFuZ28uY29udHJpYi5hdXRoLmJhY2tlbmRzLk1vZGVsQmFja2VuZHEDVQ1fYXV0aF91c2VyX2lkcQRLAXUu"}}, {"pk": 1, "model": "sites.site", "fields": {"domain": "example.com", "name": "example.com"}}, {"pk": 1, "model": "admin.logentry", "fields": {"action_flag": 1, "action_time": "2013-06-04T19:36:18.891Z", "object_repr": "2012-2013", "object_id": "1", "change_message": "", "user": 1, "content_type": 16}}, {"pk": 2, "model": "admin.logentry", "fields": {"action_flag": 1, "action_time": "2013-06-04T19:37:44.168Z", "object_repr": "2011-2012", "object_id": "2", "change_message": "", "user": 1, "content_type": 16}}, {"pk": 3, "model": "admin.logentry", "fields": {"action_flag": 1, "action_time": "2013-06-04T19:39:37.008Z", "object_repr": "Taylor University", "object_id": "1", "change_message": "", "user": 1, "content_type": 9}}, {"pk": 4, "model": "admin.logentry", "fields": {"action_flag": 1, "action_time": "2013-06-04T19:49:22.869Z", "object_repr": "Natural and Applied Sciences", "object_id": "1", "change_message": "", "user": 1, "content_type": 10}}, {"pk": 5, "model": "admin.logentry", "fields": {"action_flag": 1, "action_time": "2013-06-04T19:49:46.879Z", "object_repr": "Computer Science and Engineering", "object_id": "1", "change_message": "", "user": 1, "content_type": 11}}, {"pk": 6, "model": "admin.logentry", "fields": {"action_flag": 1, "action_time": "2013-06-04T19:50:25.872Z", "object_repr": "Major object", "object_id": "1", "change_message": "", "user": 1, "content_type": 12}}, {"pk": 7, "model": "admin.logentry", "fields": {"action_flag": 1, "action_time": "2013-06-04T20:15:40.164Z", "object_repr": "Fall Term", "object_id": "1", "change_message": "", "user": 1, "content_type": 17}}, {"pk": 8, "model": "admin.logentry", "fields": {"action_flag": 1, "action_time": "2013-06-04T20:16:04.590Z", "object_repr": "January Term", "object_id": "2", "change_message": "", "user": 1, "content_type": 17}}, {"pk": 9, "model": "admin.logentry", "fields": {"action_flag": 2, "action_time": "2013-06-04T20:16:15.154Z", "object_repr": "January Term", "object_id": "2", "change_message": "Changed seq.", "user": 1, "content_type": 17}}, {"pk": 10, "model": "admin.logentry", "fields": {"action_flag": 1, "action_time": "2013-06-04T20:16:31.062Z", "object_repr": "Spring Term", "object_id": "3", "change_message": "", "user": 1, "content_type": 17}}, {"pk": 11, "model": "admin.logentry", "fields": {"action_flag": 1, "action_time": "2013-06-04T20:16:40.132Z", "object_repr": "Summer Term", "object_id": "4", "change_message": "", "user": 1, "content_type": 17}}, {"pk": 12, "model": "admin.logentry", "fields": {"action_flag": 2, "action_time": "2013-06-04T20:16:44.614Z", "object_repr": "Summer Term", "object_id": "4", "change_message": "Changed seq.", "user": 1, "content_type": 17}}, {"pk": 13, "model": "admin.logentry", "fields": {"action_flag": 2, "action_time": "2013-06-04T20:16:49.187Z", "object_repr": "Fall Term", "object_id": "1", "change_message": "No fields changed.", "user": 1, "content_type": 17}}, {"pk": 14, "model": "admin.logentry", "fields": {"action_flag": 2, "action_time": "2013-06-04T20:16:52.756Z", "object_repr": "Fall Term", "object_id": "1", "change_message": "No fields changed.", "user": 1, "content_type": 17}}, {"pk": 15, "model": "admin.logentry", "fields": {"action_flag": 1, "action_time": "2013-06-04T20:18:08.197Z", "object_repr": "Fall Term 2011-2012", "object_id": "1", "change_message": "", "user": 1, "content_type": 18}}, {"pk": 16, "model": "admin.logentry", "fields": {"action_flag": 1, "action_time": "2013-06-04T20:18:40.928Z", "object_repr": "Minor object", "object_id": "1", "change_message": "", "user": 1, "content_type": 13}}, {"pk": 17, "model": "admin.logentry", "fields": {"action_flag": 1, "action_time": "2013-06-04T20:19:28.392Z", "object_repr": "Computer Science BS", "object_id": "1", "change_message": "", "user": 1, "content_type": 35}}, {"pk": 18, "model": "admin.logentry", "fields": {"action_flag": 1, "action_time": "2013-06-04T20:21:31.589Z", "object_repr": "COS", "object_id": "1", "change_message": "", "user": 1, "content_type": 22}}, {"pk": 19, "model": "admin.logentry", "fields": {"action_flag": 1, "action_time": "2013-06-04T20:26:04.497Z", "object_repr": "Speaking", "object_id": "1", "change_message": "", "user": 1, "content_type": 23}}, {"pk": 20, "model": "admin.logentry", "fields": {"action_flag": 1, "action_time": "2013-06-04T20:26:14.876Z", "object_repr": "Cross Cultural", "object_id": "2", "change_message": "", "user": 1, "content_type": 23}}, {"pk": 21, "model": "admin.logentry", "fields": {"action_flag": 1, "action_time": "2013-06-04T20:26:23.757Z", "object_repr": "Writing", "object_id": "3", "change_message": "", "user": 1, "content_type": 23}}, {"pk": 22, "model": "admin.logentry", "fields": {"action_flag": 1, "action_time": "2013-06-04T20:36:40.168Z", "object_repr": "Professor X", "object_id": "1", "change_message": "", "user": 1, "content_type": 14}}, {"pk": 23, "model": "admin.logentry", "fields": {"action_flag": 3, "action_time": "2013-06-05T16:38:59.059Z", "object_repr": "Fall Term", "object_id": "1", "change_message": "", "user": 1, "content_type": 17}}, {"pk": 24, "model": "admin.logentry", "fields": {"action_flag": 3, "action_time": "2013-06-05T16:38:59.078Z", "object_repr": "January Term", "object_id": "2", "change_message": "", "user": 1, "content_type": 17}}, {"pk": 25, "model": "admin.logentry", "fields": {"action_flag": 3, "action_time": "2013-06-05T16:38:59.096Z", "object_repr": "Spring Term", "object_id": "3", "change_message": "", "user": 1, "content_type": 17}}, {"pk": 26, "model": "admin.logentry", "fields": {"action_flag": 3, "action_time": "2013-06-05T16:38:59.114Z", "object_repr": "Summer Term", "object_id": "4", "change_message": "", "user": 1, "content_type": 17}}, {"pk": 27, "model": "admin.logentry", "fields": {"action_flag": 1, "action_time": "2013-06-05T16:46:16.329Z", "object_repr": "Fall", "object_id": "1", "change_message": "", "user": 1, "content_type": 17}}, {"pk": 28, "model": "admin.logentry", "fields": {"action_flag": 1, "action_time": "2013-06-05T16:46:27.301Z", "object_repr": "J-Term", "object_id": "2", "change_message": "", "user": 1, "content_type": 17}}, {"pk": 29, "model": "admin.logentry", "fields": {"action_flag": 1, "action_time": "2013-06-05T16:46:40.818Z", "object_repr": "Spring", "object_id": "3", "change_message": "", "user": 1, "content_type": 17}}, {"pk": 30, "model": "admin.logentry", "fields": {"action_flag": 1, "action_time": "2013-06-05T16:46:46.800Z", "object_repr": "Summer", "object_id": "4", "change_message": "", "user": 1, "content_type": 17}}, {"pk": 31, "model": "admin.logentry", "fields": {"action_flag": 1, "action_time": "2013-06-05T17:02:52.069Z", "object_repr": "John Doe", "object_id": "2", "change_message": "", "user": 1, "content_type": 25}}, {"pk": 32, "model": "admin.logentry", "fields": {"action_flag": 1, "action_time": "2013-06-06T20:33:33.496Z", "object_repr": "Constraint object", "object_id": "1", "change_message": "", "user": 1, "content_type": 31}}, {"pk": 33, "model": "admin.logentry", "fields": {"action_flag": 1, "action_time": "2013-06-06T20:34:23.517Z", "object_repr": "All - when all courses are requried", "object_id": "2", "change_message": "", "user": 1, "content_type": 31}}, {"pk": 34, "model": "admin.logentry", "fields": {"action_flag": 1, "action_time": "2013-06-06T20:34:59.160Z", "object_repr": "Two of the Following", "object_id": "3", "change_message": "", "user": 1, "content_type": 31}}, {"pk": 35, "model": "admin.logentry", "fields": {"action_flag": 1, "action_time": "2013-06-06T20:36:04.184Z", "object_repr": "Need Seven Credit Hours", "object_id": "4", "change_message": "", "user": 1, "content_type": 31}}, {"pk": 36, "model": "admin.logentry", "fields": {"action_flag": 1, "action_time": "2013-06-06T20:37:50.518Z", "object_repr": "Biology", "object_id": "2", "change_message": "", "user": 1, "content_type": 11}}, {"pk": 37, "model": "admin.logentry", "fields": {"action_flag": 1, "action_time": "2013-06-06T20:38:00.279Z", "object_repr": "BIO", "object_id": "2", "change_message": "", "user": 1, "content_type": 22}}, {"pk": 38, "model": "admin.logentry", "fields": {"action_flag": 1, "action_time": "2013-06-06T20:38:24.048Z", "object_repr": "BIO BIO 100 - General Biology", "object_id": "1", "change_message": "", "user": 1, "content_type": 24}}, {"pk": 39, "model": "admin.logentry", "fields": {"action_flag": 1, "action_time": "2013-06-06T20:39:09.364Z", "object_repr": "BIO BIO 101 - Principles of Cell Biology", "object_id": "2", "change_message": "", "user": 1, "content_type": 24}}, {"pk": 40, "model": "admin.logentry", "fields": {"action_flag": 1, "action_time": "2013-06-10T17:13:25.347Z", "object_repr": "Liberal Arts", "object_id": "2", "change_message": "", "user": 1, "content_type": 10}}, {"pk": 41, "model": "admin.logentry", "fields": {"action_flag": 1, "action_time": "2013-06-10T17:13:38.104Z", "object_repr": "Business", "object_id": "3", "change_message": "", "user": 1, "content_type": 10}}, {"pk": 42, "model": "admin.logentry", "fields": {"action_flag": 1, "action_time": "2013-06-10T17:13:53.462Z", "object_repr": "Professional Studies", "object_id": "4", "change_message": "", "user": 1, "content_type": 10}}, {"pk": 43, "model": "admin.logentry", "fields": {"action_flag": 1, "action_time": "2013-06-10T17:14:19.443Z", "object_repr": "Art", "object_id": "3", "change_message": "", "user": 1, "content_type": 11}}, {"pk": 44, "model": "admin.logentry", "fields": {"action_flag": 1, "action_time": "2013-06-10T17:14:36.601Z", "object_repr": "Biblical Studies", "object_id": "4", "change_message": "", "user": 1, "content_type": 11}}, {"pk": 45, "model": "admin.logentry", "fields": {"action_flag": 1, "action_time": "2013-06-10T17:14:56.959Z", "object_repr": "Christian Educational Ministries", "object_id": "5", "change_message": "", "user": 1, "content_type": 11}}, {"pk": 46, "model": "admin.logentry", "fields": {"action_flag": 1, "action_time": "2013-06-10T17:15:07.673Z", "object_repr": "Communication", "object_id": "6", "change_message": "", "user": 1, "content_type": 11}}, {"pk": 47, "model": "admin.logentry", "fields": {"action_flag": 1, "action_time": "2013-06-10T17:15:18Z", "object_repr": "English", "object_id": "7", "change_message": "", "user": 1, "content_type": 11}}, {"pk": 48, "model": "admin.logentry", "fields": {"action_flag": 1, "action_time": "2013-06-10T17:16:10.725Z", "object_repr": "Geography", "object_id": "8", "change_message": "", "user": 1, "content_type": 11}}, {"pk": 49, "model": "admin.logentry", "fields": {"action_flag": 1, "action_time": "2013-06-10T17:17:20.490Z", "object_repr": "Media Communication", "object_id": "9", "change_message": "", "user": 1, "content_type": 11}}, {"pk": 50, "model": "admin.logentry", "fields": {"action_flag": 1, "action_time": "2013-06-10T17:18:41.299Z", "object_repr": "Music", "object_id": "10", "change_message": "", "user": 1, "content_type": 11}}, {"pk": 51, "model": "admin.logentry", "fields": {"action_flag": 1, "action_time": "2013-06-10T17:18:53.872Z", "object_repr": "Philosophy", "object_id": "11", "change_message": "", "user": 1, "content_type": 11}}, {"pk": 52, "model": "admin.logentry", "fields": {"action_flag": 1, "action_time": "2013-06-10T17:19:27.278Z", "object_repr": "Political Science", "object_id": "12", "change_message": "", "user": 1, "content_type": 11}}, {"pk": 53, "model": "admin.logentry", "fields": {"action_flag": 1, "action_time": "2013-06-10T17:19:40.019Z", "object_repr": "Psychology", "object_id": "13", "change_message": "", "user": 1, "content_type": 11}}, {"pk": 54, "model": "admin.logentry", "fields": {"action_flag": 1, "action_time": "2013-06-10T17:19:50.918Z", "object_repr": "Sociology", "object_id": "14", "change_message": "", "user": 1, "content_type": 11}}, {"pk": 55, "model": "admin.logentry", "fields": {"action_flag": 1, "action_time": "2013-06-10T17:23:46.583Z", "object_repr": "Chemistry and Biochemistry", "object_id": "15", "change_message": "", "user": 1, "content_type": 11}}, {"pk": 56, "model": "admin.logentry", "fields": {"action_flag": 1, "action_time": "2013-06-10T17:24:14.363Z", "object_repr": "Earth and Environmental Science", "object_id": "16", "change_message": "", "user": 1, "content_type": 11}}, {"pk": 57, "model": "admin.logentry", "fields": {"action_flag": 1, "action_time": "2013-06-10T17:24:28.782Z", "object_repr": "Mathematics", "object_id": "17", "change_message": "", "user": 1, "content_type": 11}}, {"pk": 58, "model": "admin.logentry", "fields": {"action_flag": 1, "action_time": "2013-06-10T17:37:15.201Z", "object_repr": "Modern Languages", "object_id": "18", "change_message": "", "user": 1, "content_type": 11}}, {"pk": 59, "model": "admin.logentry", "fields": {"action_flag": 1, "action_time": "2013-06-10T18:59:49.728Z", "object_repr": "COS 310 - Current Literature Survey", "object_id": "3", "change_message": "", "user": 1, "content_type": 26}}, {"pk": 60, "model": "admin.logentry", "fields": {"action_flag": 1, "action_time": "2013-06-10T19:01:22.920Z", "object_repr": "COS 120 - Introduction to Computational Problem Solving", "object_id": "4", "change_message": "", "user": 1, "content_type": 26}}, {"pk": 61, "model": "admin.logentry", "fields": {"action_flag": 1, "action_time": "2013-06-10T19:01:58.972Z", "object_repr": "COS 121 - Foundations of Computer Science", "object_id": "5", "change_message": "", "user": 1, "content_type": 26}}, {"pk": 62, "model": "admin.logentry", "fields": {"action_flag": 1, "action_time": "2013-06-10T19:02:17.302Z", "object_repr": "COS 143 - COS", "object_id": "6", "change_message": "", "user": 1, "content_type": 26}}, {"pk": 63, "model": "admin.logentry", "fields": {"action_flag": 1, "action_time": "2013-06-10T19:02:45.910Z", "object_repr": "COS 243 - Multi-tier Web Application Development", "object_id": "7", "change_message": "", "user": 1, "content_type": 26}}, {"pk": 64, "model": "admin.logentry", "fields": {"action_flag": 1, "action_time": "2013-06-10T19:04:01.146Z", "object_repr": "MAT", "object_id": "3", "change_message": "", "user": 1, "content_type": 22}}, {"pk": 65, "model": "admin.logentry", "fields": {"action_flag": 1, "action_time": "2013-06-10T19:04:29.291Z", "object_repr": "COS 265 - Data Structures and Algorithms", "object_id": "8", "change_message": "", "user": 1, "content_type": 26}}, {"pk": 66, "model": "admin.logentry", "fields": {"action_flag": 1, "action_time": "2013-06-10T19:04:50.273Z", "object_repr": "COS 284 - Introduction to Computer Systems", "object_id": "9", "change_message": "", "user": 1, "content_type": 26}}, {"pk": 67, "model": "admin.logentry", "fields": {"action_flag": 2, "action_time": "2013-06-10T19:05:15.099Z", "object_repr": "COS 143 - Interactive Web Page Development", "object_id": "6", "change_message": "Changed title.", "user": 1, "content_type": 26}}, {"pk": 68, "model": "admin.logentry", "fields": {"action_flag": 1, "action_time": "2013-06-10T19:05:53.315Z", "object_repr": "COS 311 - Ethics in Computer Science", "object_id": "10", "change_message": "", "user": 1, "content_type": 26}}, {"pk": 69, "model": "admin.logentry", "fields": {"action_flag": 1, "action_time": "2013-06-10T19:06:36.761Z", "object_repr": "COS 320 - Algorithm Design", "object_id": "11", "change_message": "", "user": 1, "content_type": 26}}, {"pk": 70, "model": "admin.logentry", "fields": {"action_flag": 1, "action_time": "2013-06-10T19:06:56.454Z", "object_repr": "COS 382 - Language Structures", "object_id": "12", "change_message": "", "user": 1, "content_type": 26}}, {"pk": 71, "model": "admin.logentry", "fields": {"action_flag": 1, "action_time": "2013-06-10T19:07:24.802Z", "object_repr": "COS 435 - Theory of Computation", "object_id": "13", "change_message": "", "user": 1, "content_type": 26}}, {"pk": 72, "model": "admin.logentry", "fields": {"action_flag": 1, "action_time": "2013-06-10T19:07:46.215Z", "object_repr": "COS COS 452 - Research I", "object_id": "14", "change_message": "", "user": 1, "content_type": 26}}, {"pk": 73, "model": "admin.logentry", "fields": {"action_flag": 1, "action_time": "2013-06-10T19:08:06.079Z", "object_repr": "COS 453 - Research II", "object_id": "15", "change_message": "", "user": 1, "content_type": 26}}, {"pk": 74, "model": "admin.logentry", "fields": {"action_flag": 1, "action_time": "2013-06-10T19:09:03.019Z", "object_repr": "COS 493 - Computer Science Senior Capstone", "object_id": "16", "change_message": "", "user": 1, "content_type": 26}}, {"pk": 75, "model": "admin.logentry", "fields": {"action_flag": 1, "action_time": "2013-06-10T19:09:33.465Z", "object_repr": "MAT 151 - Calculus I", "object_id": "17", "change_message": "", "user": 1, "content_type": 26}}, {"pk": 76, "model": "admin.logentry", "fields": {"action_flag": 1, "action_time": "2013-06-10T19:10:03.779Z", "object_repr": "MAT 215 - Discrete Mathematics for Computer Science", "object_id": "18", "change_message": "", "user": 1, "content_type": 26}}, {"pk": 77, "model": "admin.logentry", "fields": {"action_flag": 1, "action_time": "2013-06-10T19:10:20.360Z", "object_repr": "SYS", "object_id": "4", "change_message": "", "user": 1, "content_type": 22}}, {"pk": 78, "model": "admin.logentry", "fields": {"action_flag": 1, "action_time": "2013-06-10T19:10:50.005Z", "object_repr": "SYS 101 - Introduction to Systems", "object_id": "19", "change_message": "", "user": 1, "content_type": 26}}, {"pk": 79, "model": "admin.logentry", "fields": {"action_flag": 1, "action_time": "2013-06-10T19:11:15.965Z", "object_repr": "MAT 210 - Introductory Statistics", "object_id": "20", "change_message": "", "user": 1, "content_type": 26}}, {"pk": 80, "model": "admin.logentry", "fields": {"action_flag": 1, "action_time": "2013-06-10T19:11:47.515Z", "object_repr": "MAT 352 - Mathematical Statistics", "object_id": "21", "change_message": "", "user": 1, "content_type": 26}}, {"pk": 81, "model": "admin.logentry", "fields": {"action_flag": 2, "action_time": "2013-06-10T19:11:57.599Z", "object_repr": "MAT 210 - Introductory Statistics", "object_id": "20", "change_message": "No fields changed.", "user": 1, "content_type": 26}}, {"pk": 82, "model": "admin.logentry", "fields": {"action_flag": 1, "action_time": "2013-06-10T19:12:31.101Z", "object_repr": "COS 381 - Computer Architecture", "object_id": "22", "change_message": "", "user": 1, "content_type": 26}}, {"pk": 83, "model": "admin.logentry", "fields": {"action_flag": 1, "action_time": "2013-06-10T19:12:56.480Z", "object_repr": "COS 421 - Operating Systems", "object_id": "23", "change_message": "", "user": 1, "content_type": 26}}, {"pk": 84, "model": "admin.logentry", "fields": {"action_flag": 1, "action_time": "2013-06-10T19:13:36.309Z", "object_repr": "COS 436 - Distributed Processing", "object_id": "24", "change_message": "", "user": 1, "content_type": 26}}, {"pk": 85, "model": "admin.logentry", "fields": {"action_flag": 1, "action_time": "2013-06-10T19:14:02.720Z", "object_repr": "COS 314 - Human Computer Interaction", "object_id": "25", "change_message": "", "user": 1, "content_type": 26}}, {"pk": 86, "model": "admin.logentry", "fields": {"action_flag": 1, "action_time": "2013-06-10T19:14:26.757Z", "object_repr": "COS 350 - Computer Graphics", "object_id": "26", "change_message": "", "user": 1, "content_type": 26}}, {"pk": 87, "model": "admin.logentry", "fields": {"action_flag": 1, "action_time": "2013-06-10T19:14:49.784Z", "object_repr": "COS 351 - Computer Vision", "object_id": "27", "change_message": "", "user": 1, "content_type": 26}}, {"pk": 88, "model": "admin.logentry", "fields": {"action_flag": 1, "action_time": "2013-06-10T19:15:19.292Z", "object_repr": "COS 424 - Surfaces and Modeling", "object_id": "28", "change_message": "", "user": 1, "content_type": 26}}, {"pk": 89, "model": "admin.logentry", "fields": {"action_flag": 1, "action_time": "2013-06-10T19:15:40.532Z", "object_repr": "COS 425 - Animation", "object_id": "29", "change_message": "", "user": 1, "content_type": 26}}, {"pk": 90, "model": "admin.logentry", "fields": {"action_flag": 1, "action_time": "2013-06-10T19:16:09.878Z", "object_repr": "SYS 214 - Principles of Human Computer Interaction", "object_id": "30", "change_message": "", "user": 1, "content_type": 26}}, {"pk": 91, "model": "admin.logentry", "fields": {"action_flag": 1, "action_time": "2013-06-10T19:16:32.870Z", "object_repr": "COS 280 - Introduction to Artificial Intelligence", "object_id": "31", "change_message": "", "user": 1, "content_type": 26}}, {"pk": 92, "model": "admin.logentry", "fields": {"action_flag": 1, "action_time": "2013-06-10T19:17:05.364Z", "object_repr": "COS 380 - Natural Language Processing", "object_id": "32", "change_message": "", "user": 1, "content_type": 26}}, {"pk": 93, "model": "admin.logentry", "fields": {"action_flag": 1, "action_time": "2013-06-10T19:18:05.579Z", "object_repr": "SYS 352 - Knowledge Based Systems", "object_id": "33", "change_message": "", "user": 1, "content_type": 26}}, {"pk": 94, "model": "admin.logentry", "fields": {"action_flag": 1, "action_time": "2013-06-10T19:18:30.192Z", "object_repr": "SYS 411 - Machine Learning", "object_id": "34", "change_message": "", "user": 1, "content_type": 26}}, {"pk": 95, "model": "admin.logentry", "fields": {"action_flag": 1, "action_time": "2013-06-10T19:18:56.185Z", "object_repr": "MAT 230 - Calculus II", "object_id": "35", "change_message": "", "user": 1, "content_type": 26}}, {"pk": 96, "model": "admin.logentry", "fields": {"action_flag": 1, "action_time": "2013-06-10T19:19:22.497Z", "object_repr": "MAT 240 - Calculus III", "object_id": "36", "change_message": "", "user": 1, "content_type": 26}}, {"pk": 97, "model": "admin.logentry", "fields": {"action_flag": 1, "action_time": "2013-06-10T19:19:49.808Z", "object_repr": "MAT 245 - Linear Algebra", "object_id": "37", "change_message": "", "user": 1, "content_type": 26}}, {"pk": 98, "model": "admin.logentry", "fields": {"action_flag": 1, "action_time": "2013-06-10T19:20:18.184Z", "object_repr": "MAT 251 - Differential Equations ", "object_id": "38", "change_message": "", "user": 1, "content_type": 26}}, {"pk": 99, "model": "admin.logentry", "fields": {"action_flag": 1, "action_time": "2013-06-10T19:20:50.403Z", "object_repr": "MAT 310 - Mathematical Modeling with Numerical Analysis", "object_id": "39", "change_message": "", "user": 1, "content_type": 26}}, {"pk": 100, "model": "admin.logentry", "fields": {"action_flag": 1, "action_time": "2013-06-10T19:21:19.402Z", "object_repr": "COS 340 - Software Engineering", "object_id": "40", "change_message": "", "user": 1, "content_type": 26}}, {"pk": 101, "model": "admin.logentry", "fields": {"action_flag": 1, "action_time": "2013-06-10T19:21:40.978Z", "object_repr": "COS 371 - 4", "object_id": "41", "change_message": "", "user": 1, "content_type": 26}}, {"pk": 102, "model": "admin.logentry", "fields": {"action_flag": 1, "action_time": "2013-06-10T19:22:05.737Z", "object_repr": "COS 372 - Software Studio II", "object_id": "42", "change_message": "", "user": 1, "content_type": 26}}, {"pk": 103, "model": "admin.logentry", "fields": {"action_flag": 1, "action_time": "2013-06-10T19:22:26.231Z", "object_repr": "COS 471 - Software Studio III", "object_id": "43", "change_message": "", "user": 1, "content_type": 26}}, {"pk": 104, "model": "admin.logentry", "fields": {"action_flag": 1, "action_time": "2013-06-10T19:23:01.526Z", "object_repr": "COS 472 - Software Studio IV", "object_id": "44", "change_message": "", "user": 1, "content_type": 26}}, {"pk": 105, "model": "admin.logentry", "fields": {"action_flag": 1, "action_time": "2013-06-10T19:23:51.608Z", "object_repr": "SYS 390 - Information System Analysis", "object_id": "45", "change_message": "", "user": 1, "content_type": 26}}, {"pk": 106, "model": "admin.logentry", "fields": {"action_flag": 2, "action_time": "2013-06-10T19:29:18.476Z", "object_repr": "COS 371 - Software Studio I", "object_id": "41", "change_message": "Changed title and credit_hours.", "user": 1, "content_type": 26}}, {"pk": 107, "model": "admin.logentry", "fields": {"action_flag": 2, "action_time": "2013-06-10T19:30:49.050Z", "object_repr": "BIO 101 - Principles of Cell Biology", "object_id": "2", "change_message": "Changed number.", "user": 1, "content_type": 26}}, {"pk": 108, "model": "admin.logentry", "fields": {"action_flag": 2, "action_time": "2013-06-10T19:31:00.473Z", "object_repr": "COS 452 - Research I", "object_id": "14", "change_message": "Changed number.", "user": 1, "content_type": 26}}, {"pk": 109, "model": "admin.logentry", "fields": {"action_flag": 2, "action_time": "2013-06-10T19:31:12.506Z", "object_repr": "BIO 100 - General Biology", "object_id": "1", "change_message": "Changed number.", "user": 1, "content_type": 26}}, {"pk": 110, "model": "admin.logentry", "fields": {"action_flag": 1, "action_time": "2013-06-11T15:13:19.243Z", "object_repr": "COS 120 ", "object_id": "1", "change_message": "", "user": 1, "content_type": 25}}, {"pk": 111, "model": "admin.logentry", "fields": {"action_flag": 2, "action_time": "2013-06-11T15:14:05.342Z", "object_repr": "COS 120 ", "object_id": "1", "change_message": "No fields changed.", "user": 1, "content_type": 25}}, {"pk": 112, "model": "admin.logentry", "fields": {"action_flag": 2, "action_time": "2013-06-11T15:14:23.245Z", "object_repr": "COS 121 - Foundations of Computer Science", "object_id": "5", "change_message": "Changed prereqs.", "user": 1, "content_type": 26}}, {"pk": 113, "model": "admin.logentry", "fields": {"action_flag": 1, "action_time": "2013-06-11T15:28:32.591Z", "object_repr": "Any COS 300", "object_id": "2", "change_message": "", "user": 1, "content_type": 25}}, {"pk": 114, "model": "admin.logentry", "fields": {"action_flag": 2, "action_time": "2013-06-11T15:34:25.796Z", "object_repr": "Any COS 300", "object_id": "2", "change_message": "No fields changed.", "user": 1, "content_type": 25}}, {"pk": 115, "model": "admin.logentry", "fields": {"action_flag": 2, "action_time": "2013-06-11T15:35:01.395Z", "object_repr": "Any COS 300", "object_id": "2", "change_message": "No fields changed.", "user": 1, "content_type": 25}}, {"pk": 116, "model": "admin.logentry", "fields": {"action_flag": 2, "action_time": "2013-06-11T15:35:14.108Z", "object_repr": "Any COS 300", "object_id": "2", "change_message": "No fields changed.", "user": 1, "content_type": 25}}, {"pk": 117, "model": "admin.logentry", "fields": {"action_flag": 1, "action_time": "2013-06-11T15:43:34.694Z", "object_repr": "COS 143", "object_id": "3", "change_message": "", "user": 1, "content_type": 25}}, {"pk": 118, "model": "admin.logentry", "fields": {"action_flag": 2, "action_time": "2013-06-11T15:44:15.576Z", "object_repr": "COS 121 - Foundations of Computer Science", "object_id": "5", "change_message": "No fields changed.", "user": 1, "content_type": 26}}, {"pk": 119, "model": "admin.logentry", "fields": {"action_flag": 2, "action_time": "2013-06-11T15:44:25.259Z", "object_repr": "COS 143", "object_id": "3", "change_message": "No fields changed.", "user": 1, "content_type": 25}}, {"pk": 120, "model": "admin.logentry", "fields": {"action_flag": 2, "action_time": "2013-06-11T15:44:30.239Z", "object_repr": "Any COS 300", "object_id": "2", "change_message": "No fields changed.", "user": 1, "content_type": 25}}, {"pk": 121, "model": "admin.logentry", "fields": {"action_flag": 2, "action_time": "2013-06-11T15:45:24.758Z", "object_repr": "COS 143", "object_id": "3", "change_message": "No fields changed.", "user": 1, "content_type": 25}}, {"pk": 122, "model": "admin.logentry", "fields": {"action_flag": 2, "action_time": "2013-06-11T15:48:10.428Z", "object_repr": "COS 143", "object_id": "3", "change_message": "No fields changed.", "user": 1, "content_type": 25}}, {"pk": 123, "model": "admin.logentry", "fields": {"action_flag": 2, "action_time": "2013-06-11T15:49:56.400Z", "object_repr": "COS 143", "object_id": "3", "change_message": "No fields changed.", "user": 1, "content_type": 25}}, {"pk": 124, "model": "admin.logentry", "fields": {"action_flag": 2, "action_time": "2013-06-11T15:50:23.829Z", "object_repr": "COS 143", "object_id": "3", "change_message": "No fields changed.", "user": 1, "content_type": 25}}, {"pk": 125, "model": "admin.logentry", "fields": {"action_flag": 2, "action_time": "2013-06-11T15:55:24.527Z", "object_repr": "Any COS 300", "object_id": "2", "change_message": "No fields changed.", "user": 1, "content_type": 25}}, {"pk": 126, "model": "admin.logentry", "fields": {"action_flag": 2, "action_time": "2013-06-11T15:57:11.365Z", "object_repr": "Any COS 300", "object_id": "2", "change_message": "No fields changed.", "user": 1, "content_type": 25}}, {"pk": 127, "model": "admin.logentry", "fields": {"action_flag": 2, "action_time": "2013-06-11T15:57:24.973Z", "object_repr": "Any COS 300", "object_id": "2", "change_message": "No fields changed.", "user": 1, "content_type": 25}}, {"pk": 128, "model": "admin.logentry", "fields": {"action_flag": 2, "action_time": "2013-06-11T15:57:37.485Z", "object_repr": "COS 143", "object_id": "3", "change_message": "No fields changed.", "user": 1, "content_type": 25}}, {"pk": 129, "model": "admin.logentry", "fields": {"action_flag": 2, "action_time": "2013-06-11T15:58:07.586Z", "object_repr": "COS 143", "object_id": "3", "change_message": "No fields changed.", "user": 1, "content_type": 25}}, {"pk": 130, "model": "admin.logentry", "fields": {"action_flag": 2, "action_time": "2013-06-11T16:09:12.937Z", "object_repr": "COS 143", "object_id": "3", "change_message": "No fields changed.", "user": 1, "content_type": 25}}, {"pk": 131, "model": "admin.logentry", "fields": {"action_flag": 2, "action_time": "2013-06-11T16:13:11.056Z", "object_repr": "COS 143", "object_id": "3", "change_message": "Changed requirements and courses.", "user": 1, "content_type": 25}}, {"pk": 132, "model": "admin.logentry", "fields": {"action_flag": 2, "action_time": "2013-06-11T16:14:13.609Z", "object_repr": "COS 143", "object_id": "3", "change_message": "No fields changed.", "user": 1, "content_type": 25}}, {"pk": 133, "model": "admin.logentry", "fields": {"action_flag": 2, "action_time": "2013-06-11T16:14:38.897Z", "object_repr": "COS 143", "object_id": "3", "change_message": "No fields changed.", "user": 1, "content_type": 25}}, {"pk": 134, "model": "admin.logentry", "fields": {"action_flag": 2, "action_time": "2013-06-11T16:14:59.811Z", "object_repr": "COS 143", "object_id": "3", "change_message": "No fields changed.", "user": 1, "content_type": 25}}, {"pk": 135, "model": "admin.logentry", "fields": {"action_flag": 2, "action_time": "2013-06-11T16:16:43.888Z", "object_repr": "COS 143", "object_id": "3", "change_message": "No fields changed.", "user": 1, "content_type": 25}}, {"pk": 136, "model": "admin.logentry", "fields": {"action_flag": 2, "action_time": "2013-06-11T16:26:44.583Z", "object_repr": "COS 143", "object_id": "3", "change_message": "Changed requirements and courses.", "user": 1, "content_type": 25}}, {"pk": 137, "model": "admin.logentry", "fields": {"action_flag": 2, "action_time": "2013-06-11T16:26:49.710Z", "object_repr": "COS 143", "object_id": "3", "change_message": "No fields changed.", "user": 1, "content_type": 25}}, {"pk": 138, "model": "admin.logentry", "fields": {"action_flag": 2, "action_time": "2013-06-11T18:05:02.660Z", "object_repr": "COS 310 - Current Literature Survey", "object_id": "3", "change_message": "Changed prereqs.", "user": 1, "content_type": 26}}, {"pk": 139, "model": "admin.logentry", "fields": {"action_flag": 2, "action_time": "2013-06-11T19:26:09.657Z", "object_repr": "COS 310 - Current Literature Survey", "object_id": "3", "change_message": "No fields changed.", "user": 1, "content_type": 26}}, {"pk": 140, "model": "admin.logentry", "fields": {"action_flag": 2, "action_time": "2013-06-11T19:30:48.323Z", "object_repr": "COS 310 - Current Literature Survey", "object_id": "3", "change_message": "No fields changed.", "user": 1, "content_type": 26}}, {"pk": 141, "model": "admin.logentry", "fields": {"action_flag": 1, "action_time": "2013-06-11T19:36:25.882Z", "object_repr": "CS Theory Courses", "object_id": "4", "change_message": "", "user": 1, "content_type": 25}}, {"pk": 142, "model": "admin.logentry", "fields": {"action_flag": 2, "action_time": "2013-06-11T19:40:55.867Z", "object_repr": "CS Theory Courses", "object_id": "4", "change_message": "No fields changed.", "user": 1, "content_type": 25}}, {"pk": 1, "model": "planner.person", "fields": {"first_name": "Professor", "last_name": "X", "work_phone": "", "photo": "", "created_at": "2013-06-04T20:36:40.160Z", "updated_at": "2013-06-04T20:36:40.160Z", "home_phone": "", "cell_phone": "", "nickname": ""}}, {"pk": 2, "model": "planner.person", "fields": {"first_name": "John", "last_name": "Doe", "work_phone": "", "photo": "", "created_at": "2013-06-05T17:02:52.054Z", "updated_at": "2013-06-05T17:02:52.054Z", "home_phone": "", "cell_phone": "", "nickname": ""}}, {"pk": 1, "model": "planner.university", "fields": {"url": "http://www.taylor.edu/", "created_at": "2013-06-04T19:39:37.002Z", "updated_at": "2013-06-04T19:39:37.002Z", "name": "Taylor University"}}, {"pk": 1, "model": "planner.school", "fields": {"university": 1, "created_at": "2013-06-04T19:49:22.863Z", "dean": null, "updated_at": "2013-06-04T19:49:22.863Z", "name": "Natural and Applied Sciences"}}, {"pk": 2, "model": "planner.school", "fields": {"university": 1, "created_at": "2013-06-10T17:13:25.341Z", "dean": null, "updated_at": "2013-06-10T17:13:25.341Z", "name": "Liberal Arts"}}, {"pk": 3, "model": "planner.school", "fields": {"university": 1, "created_at": "2013-06-10T17:13:38.098Z", "dean": null, "updated_at": "2013-06-10T17:13:38.098Z", "name": "Business"}}, {"pk": 4, "model": "planner.school", "fields": {"university": 1, "created_at": "2013-06-10T17:13:53.455Z", "dean": null, "updated_at": "2013-06-10T17:13:53.455Z", "name": "Professional Studies"}}, {"pk": 1, "model": "planner.department", "fields": {"abbrev": "CSE", "chair": null, "name": "Computer Science and Engineering", "school": 1}}, {"pk": 2, "model": "planner.department", "fields": {"abbrev": "Biology", "chair": null, "name": "Biology", "school": 1}}, {"pk": 3, "model": "planner.department", "fields": {"abbrev": "ART", "chair": null, "name": "Art", "school": 2}}, {"pk": 4, "model": "planner.department", "fields": {"abbrev": "BIB", "chair": null, "name": "Biblical Studies", "school": 2}}, {"pk": 5, "model": "planner.department", "fields": {"abbrev": "CEM", "chair": null, "name": "Christian Educational Ministries", "school": 2}}, {"pk": 6, "model": "planner.department", "fields": {"abbrev": "COM", "chair": null, "name": "Communication", "school": 2}}, {"pk": 7, "model": "planner.department", "fields": {"abbrev": "ENG", "chair": null, "name": "English", "school": 2}}, {"pk": 8, "model": "planner.department", "fields": {"abbrev": "GEO", "chair": null, "name": "Geography", "school": 2}}, {"pk": 9, "model": "planner.department", "fields": {"abbrev": "MCM", "chair": null, "name": "Media Communication", "school": 2}}, {"pk": 10, "model": "planner.department", "fields": {"abbrev": "MUS", "chair": null, "name": "Music", "school": 2}}, {"pk": 11, "model": "planner.department", "fields": {"abbrev": "PHI", "chair": null, "name": "Philosophy", "school": 2}}, {"pk": 12, "model": "planner.department", "fields": {"abbrev": "POS", "chair": null, "name": "Political Science", "school": 2}}, {"pk": 13, "model": "planner.department", "fields": {"abbrev": "PSY", "chair": null, "name": "Psychology", "school": 2}}, {"pk": 14, "model": "planner.department", "fields": {"abbrev": "SOC", "chair": null, "name": "Sociology", "school": 2}}, {"pk": 15, "model": "planner.department", "fields": {"abbrev": "CHE", "chair": null, "name": "Chemistry and Biochemistry", "school": 1}}, {"pk": 16, "model": "planner.department", "fields": {"abbrev": "EES", "chair": null, "name": "Earth and Environmental Science", "school": 1}}, {"pk": 17, "model": "planner.department", "fields": {"abbrev": "MAT", "chair": null, "name": "Mathematics", "school": 1}}, {"pk": 18, "model": "planner.department", "fields": {"abbrev": "MDL", "chair": null, "name": "Modern Languages", "school": 2}}, {"pk": 1, "model": "planner.major", "fields": {"department": 1, "name": "Computer Science (BS)"}}, {"pk": 1, "model": "planner.minor", "fields": {"department": 1, "name": "Computer Science"}}, {"pk": 1, "model": "planner.facultymember", "fields": {"department": 1, "university": 1, "faculty_id": "1", "rank": "Full"}}, {"pk": 1, "model": "planner.academicyear", "fields": {"end_on": "2013-08-18", "begin_on": "2012-08-27"}}, {"pk": 2, "model": "planner.academicyear", "fields": {"end_on": "2012-08-26", "begin_on": "2011-08-29"}}, {"pk": 1, "model": "planner.semestername", "fields": {"name": "Fall", "seq": 10}}, {"pk": 2, "model": "planner.semestername", "fields": {"name": "J-Term", "seq": 20}}, {"pk": 3, "model": "planner.semestername", "fields": {"name": "Spring", "seq": 30}}, {"pk": 4, "model": "planner.semestername", "fields": {"name": "Summer", "seq": 40}}, {"pk": 1, "model": "planner.subject", "fields": {"department": 1, "abbrev": "COS", "created_at": "2013-06-04T20:21:31.584Z", "updated_at": "2013-06-04T20:21:31.584Z", "name": "Computer Science"}}, {"pk": 2, "model": "planner.subject", "fields": {"department": 2, "abbrev": "BIO", "created_at": "2013-06-06T20:38:00.273Z", "updated_at": "2013-06-06T20:38:00.273Z", "name": "Biology"}}, {"pk": 3, "model": "planner.subject", "fields": {"department": 17, "abbrev": "MAT", "created_at": "2013-06-10T19:04:01.140Z", "updated_at": "2013-06-10T19:04:01.140Z", "name": "Mathematics"}}, {"pk": 4, "model": "planner.subject", "fields": {"department": 1, "abbrev": "SYS", "created_at": "2013-06-10T19:10:20.354Z", "updated_at": "2013-06-10T19:10:20.354Z", "name": "Systems"}}, {"pk": 1, "model": "planner.courseattribute", "fields": {"abbrev": "SP", "created_at": "2013-06-04T20:26:04.492Z", "updated_at": "2013-06-04T20:26:04.492Z", "name": "Speaking"}}, {"pk": 2, "model": "planner.courseattribute", "fields": {"abbrev": "CC", "created_at": "2013-06-04T20:26:14.871Z", "updated_at": "2013-06-04T20:26:14.871Z", "name": "Cross Cultural"}}, {"pk": 3, "model": "planner.courseattribute", "fields": {"abbrev": "WR", "created_at": "2013-06-04T20:26:23.753Z", "updated_at": "2013-06-04T20:26:23.753Z", "name": "Writing"}}, {"pk": 1, "model": "planner.constraint", "fields": {"constraint_text": "any", "name": "Any - When any of the courses will meet requirements"}}, {"pk": 2, "model": "planner.constraint", "fields": {"constraint_text": "all", "name": "All - when all courses are requried"}}, {"pk": 3, "model": "planner.constraint", "fields": {"constraint_text": "meet_some at_least 2", "name": "Two of the Following"}}, {"pk": 4, "model": "planner.constraint", "fields": {"constraint_text": "min_required_credit_hours at_least 7", "name": "Need Seven Credit Hours"}}, {"pk": 1, "model": "planner.requirement", "fields": {"courses": [4], "requirements": [], "display_name": "COS 120", "name": "COS 120 ", "constraints": [1]}}, {"pk": 2, "model": "planner.requirement", "fields": {"courses": [10, 25, 11, 40, 26, 27, 41, 42, 32, 22, 12, 23, 28, 29, 13, 24, 14, 15, 43, 44, 16], "requirements": [], "display_name": "Any COS 300 ", "name": "Any COS 300", "constraints": [1]}}, {"pk": 3, "model": "planner.requirement", "fields": {"courses": [6], "requirements": [], "display_name": "COS 143", "name": "COS 143", "constraints": [2]}}, {"pk": 4, "model": "planner.requirement", "fields": {"courses": [11, 12, 13], "requirements": [], "display_name": "CS Theory Courses", "name": "CS Theory Courses", "constraints": [3]}}, {"pk": 1, "model": "planner.course", "fields": {"credit_hours": 4, "title": "General Biology", "created_at": "2013-06-06T20:38:24.031Z", "number": "100", "updated_at": "2013-06-10T19:31:12.491Z", "schedule_semester": [1, 3], "prereqs": [], "schedule_year": "B", "attributes": [], "coreqs": [], "subject": 2}}, {"pk": 2, "model": "planner.course", "fields": {"credit_hours": 4, "title": "Principles of Cell Biology", "created_at": "2013-06-06T20:39:09.347Z", "number": "101", "updated_at": "2013-06-10T19:30:49.028Z", "schedule_semester": [1, 3], "prereqs": [], "schedule_year": "B", "attributes": [], "coreqs": [], "subject": 2}}, {"pk": 3, "model": "planner.course", "fields": {"credit_hours": 3, "title": "Current Literature Survey", "created_at": "2013-06-10T18:59:49.706Z", "number": "310", "updated_at": "2013-06-11T19:30:48.301Z", "schedule_semester": [1], "prereqs": [2], "schedule_year": "B", "attributes": [], "coreqs": [], "subject": 1}}, {"pk": 4, "model": "planner.course", "fields": {"credit_hours": 4, "title": "Introduction to Computational Problem Solving", "created_at": "2013-06-10T19:01:22.908Z", "number": "120", "updated_at": "2013-06-10T19:01:22.908Z", "schedule_semester": [1, 3], "prereqs": [], "schedule_year": "B", "attributes": [], "coreqs": [], "subject": 1}}, {"pk": 5, "model": "planner.course", "fields": {"credit_hours": 4, "title": "Foundations of Computer Science", "created_at": "2013-06-10T19:01:58.957Z", "number": "121", "updated_at": "2013-06-11T15:44:15.556Z", "schedule_semester": [1, 3], "prereqs": [1], "schedule_year": "B", "attributes": [], "coreqs": [], "subject": 1}}, {"pk": 6, "model": "planner.course", "fields": {"credit_hours": 3, "title": "Interactive Web Page Development", "created_at": "2013-06-10T19:02:17.287Z", "number": "143", "updated_at": "2013-06-10T19:05:15.082Z", "schedule_semester": [3], "prereqs": [], "schedule_year": "B", "attributes": [], "coreqs": [], "subject": 1}}, {"pk": 7, "model": "planner.course", "fields": {"credit_hours": 3, "title": "Multi-tier Web Application Development", "created_at": "2013-06-10T19:02:45.895Z", "number": "243", "updated_at": "2013-06-10T19:02:45.895Z", "schedule_semester": [1], "prereqs": [], "schedule_year": "B", "attributes": [], "coreqs": [], "subject": 1}}, {"pk": 8, "model": "planner.course", "fields": {"credit_hours": 3, "title": "Data Structures and Algorithms", "created_at": "2013-06-10T19:04:29.277Z", "number": "265", "updated_at": "2013-06-10T19:04:29.277Z", "schedule_semester": [1], "prereqs": [], "schedule_year": "B", "attributes": [], "coreqs": [], "subject": 1}}, {"pk": 9, "model": "planner.course", "fields": {"credit_hours": 3, "title": "Introduction to Computer Systems", "created_at": "2013-06-10T19:04:50.258Z", "number": "284", "updated_at": "2013-06-10T19:04:50.258Z", "schedule_semester": [3], "prereqs": [], "schedule_year": "B", "attributes": [], "coreqs": [], "subject": 1}}, {"pk": 10, "model": "planner.course", "fields": {"credit_hours": 2, "title": "Ethics in Computer Science", "created_at": "2013-06-10T19:05:53.300Z", "number": "311", "updated_at": "2013-06-10T19:05:53.300Z", "schedule_semester": [1, 2], "prereqs": [], "schedule_year": "B", "attributes": [], "coreqs": [], "subject": 1}}, {"pk": 11, "model": "planner.course", "fields": {"credit_hours": 3, "title": "Algorithm Design", "created_at": "2013-06-10T19:06:36.746Z", "number": "320", "updated_at": "2013-06-10T19:06:36.746Z", "schedule_semester": [3], "prereqs": [], "schedule_year": "E", "attributes": [], "coreqs": [], "subject": 1}}, {"pk": 12, "model": "planner.course", "fields": {"credit_hours": 3, "title": "Language Structures", "created_at": "2013-06-10T19:06:56.439Z", "number": "382", "updated_at": "2013-06-10T19:06:56.439Z", "schedule_semester": [3], "prereqs": [], "schedule_year": "O", "attributes": [], "coreqs": [], "subject": 1}}, {"pk": 13, "model": "planner.course", "fields": {"credit_hours": 3, "title": "Theory of Computation", "created_at": "2013-06-10T19:07:24.787Z", "number": "435", "updated_at": "2013-06-10T19:07:24.787Z", "schedule_semester": [1], "prereqs": [], "schedule_year": "E", "attributes": [], "coreqs": [], "subject": 1}}, {"pk": 14, "model": "planner.course", "fields": {"credit_hours": 3, "title": "Research I", "created_at": "2013-06-10T19:07:46.200Z", "number": "452", "updated_at": "2013-06-10T19:31:00.457Z", "schedule_semester": [1, 2, 3], "prereqs": [], "schedule_year": "B", "attributes": [], "coreqs": [], "subject": 1}}, {"pk": 15, "model": "planner.course", "fields": {"credit_hours": 3, "title": "Research II", "created_at": "2013-06-10T19:08:06.063Z", "number": "453", "updated_at": "2013-06-10T19:08:06.063Z", "schedule_semester": [1, 2, 3], "prereqs": [], "schedule_year": "B", "attributes": [], "coreqs": [], "subject": 1}}, {"pk": 16, "model": "planner.course", "fields": {"credit_hours": 1, "title": "Computer Science Senior Capstone", "created_at": "2013-06-10T19:09:03.005Z", "number": "493", "updated_at": "2013-06-10T19:09:03.005Z", "schedule_semester": [2], "prereqs": [], "schedule_year": "B", "attributes": [], "coreqs": [], "subject": 1}}, {"pk": 17, "model": "planner.course", "fields": {"credit_hours": 4, "title": "Calculus I", "created_at": "2013-06-10T19:09:33.450Z", "number": "151", "updated_at": "2013-06-10T19:09:33.450Z", "schedule_semester": [1, 3], "prereqs": [], "schedule_year": "B", "attributes": [], "coreqs": [], "subject": 3}}, {"pk": 18, "model": "planner.course", "fields": {"credit_hours": 3, "title": "Discrete Mathematics for Computer Science", "created_at": "2013-06-10T19:10:03.763Z", "number": "215", "updated_at": "2013-06-10T19:10:03.763Z", "schedule_semester": [1], "prereqs": [], "schedule_year": "B", "attributes": [], "coreqs": [], "subject": 3}}, {"pk": 19, "model": "planner.course", "fields": {"credit_hours": 3, "title": "Introduction to Systems", "created_at": "2013-06-10T19:10:49.987Z", "number": "101", "updated_at": "2013-06-10T19:10:49.987Z", "schedule_semester": [1, 3], "prereqs": [], "schedule_year": "B", "attributes": [], "coreqs": [], "subject": 4}}, {"pk": 20, "model": "planner.course", "fields": {"credit_hours": 4, "title": "Introductory Statistics", "created_at": "2013-06-10T19:11:15.949Z", "number": "210", "updated_at": "2013-06-10T19:11:57.581Z", "schedule_semester": [1, 2, 3], "prereqs": [], "schedule_year": "B", "attributes": [], "coreqs": [], "subject": 3}}, {"pk": 21, "model": "planner.course", "fields": {"credit_hours": 4, "title": "Mathematical Statistics", "created_at": "2013-06-10T19:11:47.499Z", "number": "352", "updated_at": "2013-06-10T19:11:47.499Z", "schedule_semester": [3], "prereqs": [], "schedule_year": "B", "attributes": [], "coreqs": [], "subject": 3}}, {"pk": 22, "model": "planner.course", "fields": {"credit_hours": 3, "title": "Computer Architecture", "created_at": "2013-06-10T19:12:31.086Z", "number": "381", "updated_at": "2013-06-10T19:12:31.086Z", "schedule_semester": [1], "prereqs": [], "schedule_year": "B", "attributes": [], "coreqs": [], "subject": 1}}, {"pk": 23, "model": "planner.course", "fields": {"credit_hours": 3, "title": "Operating Systems", "created_at": "2013-06-10T19:12:56.465Z", "number": "421", "updated_at": "2013-06-10T19:12:56.465Z", "schedule_semester": [3], "prereqs": [], "schedule_year": "O", "attributes": [], "coreqs": [], "subject": 1}}, {"pk": 24, "model": "planner.course", "fields": {"credit_hours": 3, "title": "Distributed Processing", "created_at": "2013-06-10T19:13:36.293Z", "number": "436", "updated_at": "2013-06-10T19:13:36.293Z", "schedule_semester": [1, 3], "prereqs": [], "schedule_year": "B", "attributes": [], "coreqs": [], "subject": 1}}, {"pk": 25, "model": "planner.course", "fields": {"credit_hours": 3, "title": "Human Computer Interaction", "created_at": "2013-06-10T19:14:02.703Z", "number": "314", "updated_at": "2013-06-10T19:14:02.703Z", "schedule_semester": [3], "prereqs": [], "schedule_year": "B", "attributes": [], "coreqs": [], "subject": 1}}, {"pk": 26, "model": "planner.course", "fields": {"credit_hours": 3, "title": "Computer Graphics", "created_at": "2013-06-10T19:14:26.743Z", "number": "350", "updated_at": "2013-06-10T19:14:26.743Z", "schedule_semester": [1], "prereqs": [], "schedule_year": "B", "attributes": [], "coreqs": [], "subject": 1}}, {"pk": 27, "model": "planner.course", "fields": {"credit_hours": 3, "title": "Computer Vision", "created_at": "2013-06-10T19:14:49.769Z", "number": "351", "updated_at": "2013-06-10T19:14:49.769Z", "schedule_semester": [3], "prereqs": [], "schedule_year": "E", "attributes": [], "coreqs": [], "subject": 1}}, {"pk": 28, "model": "planner.course", "fields": {"credit_hours": 3, "title": "Surfaces and Modeling", "created_at": "2013-06-10T19:15:19.277Z", "number": "424", "updated_at": "2013-06-10T19:15:19.277Z", "schedule_semester": [3], "prereqs": [], "schedule_year": "O", "attributes": [], "coreqs": [], "subject": 1}}, {"pk": 29, "model": "planner.course", "fields": {"credit_hours": 3, "title": "Animation", "created_at": "2013-06-10T19:15:40.517Z", "number": "425", "updated_at": "2013-06-10T19:15:40.517Z", "schedule_semester": [3], "prereqs": [], "schedule_year": "O", "attributes": [], "coreqs": [], "subject": 1}}, {"pk": 30, "model": "planner.course", "fields": {"credit_hours": 3, "title": "Principles of Human Computer Interaction", "created_at": "2013-06-10T19:16:09.863Z", "number": "214", "updated_at": "2013-06-10T19:16:09.863Z", "schedule_semester": [1, 3], "prereqs": [], "schedule_year": "B", "attributes": [], "coreqs": [], "subject": 4}}, {"pk": 31, "model": "planner.course", "fields": {"credit_hours": 3, "title": "Introduction to Artificial Intelligence", "created_at": "2013-06-10T19:16:32.853Z", "number": "280", "updated_at": "2013-06-10T19:16:32.853Z", "schedule_semester": [3], "prereqs": [], "schedule_year": "B", "attributes": [], "coreqs": [], "subject": 1}}, {"pk": 32, "model": "planner.course", "fields": {"credit_hours": 3, "title": "Natural Language Processing", "created_at": "2013-06-10T19:17:05.349Z", "number": "380", "updated_at": "2013-06-10T19:17:05.349Z", "schedule_semester": [3], "prereqs": [], "schedule_year": "O", "attributes": [], "coreqs": [], "subject": 1}}, {"pk": 33, "model": "planner.course", "fields": {"credit_hours": 3, "title": "Knowledge Based Systems", "created_at": "2013-06-10T19:18:05.564Z", "number": "352", "updated_at": "2013-06-10T19:18:05.564Z", "schedule_semester": [3], "prereqs": [], "schedule_year": "E", "attributes": [], "coreqs": [], "subject": 4}}, {"pk": 34, "model": "planner.course", "fields": {"credit_hours": 3, "title": "Machine Learning", "created_at": "2013-06-10T19:18:30.176Z", "number": "411", "updated_at": "2013-06-10T19:18:30.177Z", "schedule_semester": [3], "prereqs": [], "schedule_year": "E", "attributes": [], "coreqs": [], "subject": 4}}, {"pk": 35, "model": "planner.course", "fields": {"credit_hours": 4, "title": "Calculus II", "created_at": "2013-06-10T19:18:56.169Z", "number": "230", "updated_at": "2013-06-10T19:18:56.169Z", "schedule_semester": [1, 3], "prereqs": [], "schedule_year": "B", "attributes": [], "coreqs": [], "subject": 3}}, {"pk": 36, "model": "planner.course", "fields": {"credit_hours": 4, "title": "Calculus III", "created_at": "2013-06-10T19:19:22.482Z", "number": "240", "updated_at": "2013-06-10T19:19:22.482Z", "schedule_semester": [1, 3], "prereqs": [], "schedule_year": "B", "attributes": [], "coreqs": [], "subject": 3}}, {"pk": 37, "model": "planner.course", "fields": {"credit_hours": 4, "title": "Linear Algebra", "created_at": "2013-06-10T19:19:49.793Z", "number": "245", "updated_at": "2013-06-10T19:19:49.793Z", "schedule_semester": [1, 3], "prereqs": [], "schedule_year": "B", "attributes": [], "coreqs": [], "subject": 3}}, {"pk": 38, "model": "planner.course", "fields": {"credit_hours": 4, "title": "Differential Equations ", "created_at": "2013-06-10T19:20:18.168Z", "number": "251", "updated_at": "2013-06-10T19:20:18.168Z", "schedule_semester": [1, 3], "prereqs": [], "schedule_year": "B", "attributes": [], "coreqs": [], "subject": 3}}, {"pk": 39, "model": "planner.course", "fields": {"credit_hours": 3, "title": "Mathematical Modeling with Numerical Analysis", "created_at": "2013-06-10T19:20:50.387Z", "number": "310", "updated_at": "2013-06-10T19:20:50.387Z", "schedule_semester": [1, 3], "prereqs": [], "schedule_year": "B", "attributes": [], "coreqs": [], "subject": 3}}, {"pk": 40, "model": "planner.course", "fields": {"credit_hours": 3, "title": "Software Engineering", "created_at": "2013-06-10T19:21:19.387Z", "number": "340", "updated_at": "2013-06-10T19:21:19.387Z", "schedule_semester": [1], "prereqs": [], "schedule_year": "B", "attributes": [], "coreqs": [], "subject": 1}}, {"pk": 41, "model": "planner.course", "fields": {"credit_hours": 4, "title": "Software Studio I", "created_at": "2013-06-10T19:21:40.963Z", "number": "371", "updated_at": "2013-06-10T19:29:18.458Z", "schedule_semester": [1, 3], "prereqs": [], "schedule_year": "B", "attributes": [], "coreqs": [], "subject": 1}}, {"pk": 42, "model": "planner.course", "fields": {"credit_hours": 4, "title": "Software Studio II", "created_at": "2013-06-10T19:22:05.722Z", "number": "372", "updated_at": "2013-06-10T19:22:05.722Z", "schedule_semester": [1, 3], "prereqs": [], "schedule_year": "B", "attributes": [], "coreqs": [], "subject": 1}}, {"pk": 43, "model": "planner.course", "fields": {"credit_hours": 4, "title": "Software Studio III", "created_at": "2013-06-10T19:22:26.216Z", "number": "471", "updated_at": "2013-06-10T19:22:26.216Z", "schedule_semester": [1, 3], "prereqs": [], "schedule_year": "B", "attributes": [], "coreqs": [], "subject": 1}}, {"pk": 44, "model": "planner.course", "fields": {"credit_hours": 4, "title": "Software Studio IV", "created_at": "2013-06-10T19:23:01.510Z", "number": "472", "updated_at": "2013-06-10T19:23:01.510Z", "schedule_semester": [1, 3], "prereqs": [], "schedule_year": "B", "attributes": [], "coreqs": [], "subject": 1}}, {"pk": 45, "model": "planner.course", "fields": {"credit_hours": 3, "title": "Information System Analysis", "created_at": "2013-06-10T19:23:51.593Z", "number": "390", "updated_at": "2013-06-10T19:23:51.593Z", "schedule_semester": [1], "prereqs": [], "schedule_year": "B", "attributes": [], "coreqs": [], "subject": 4}}, {"pk": 2, "model": "planner.student", "fields": {"majors": [], "entering_year": 1, "minors": [], "student_id": "@00555555", "university": 1, "catalog_year": 1}}, {"pk": 1, "model": "planner.degreeprogram", "fields": {"created_at": "2013-06-04T20:19:28.385Z", "entering_year": "E", "major": 1, "updated_at": "2013-06-04T20:19:28.385Z", "name": "Computer Science BS"}}]