[
{
    "pk": 1, 
    "model": "contenttypes.contenttype", 
    "fields": {
        "model": "permission", 
        "name": "permission", 
        "app_label": "auth"
    }
},
{
    "pk": 2, 
    "model": "contenttypes.contenttype", 
    "fields": {
        "model": "group", 
        "name": "group", 
        "app_label": "auth"
    }
},
{
    "pk": 3, 
    "model": "contenttypes.contenttype", 
    "fields": {
        "model": "user", 
        "name": "user", 
        "app_label": "auth"
    }
},
{
    "pk": 4, 
    "model": "contenttypes.contenttype", 
    "fields": {
        "model": "contenttype", 
        "name": "content type", 
        "app_label": "contenttypes"
    }
},
{
    "pk": 5, 
    "model": "contenttypes.contenttype", 
    "fields": {
        "model": "session", 
        "name": "session", 
        "app_label": "sessions"
    }
},
{
    "pk": 6, 
    "model": "contenttypes.contenttype", 
    "fields": {
        "model": "logentry", 
        "name": "log entry", 
        "app_label": "admin"
    }
},
{
    "pk": 7, 
    "model": "contenttypes.contenttype", 
    "fields": {
        "model": "semester", 
        "name": "semester", 
        "app_label": "majors"
    }
},
{
    "pk": 8, 
    "model": "contenttypes.contenttype", 
    "fields": {
        "model": "department", 
        "name": "department", 
        "app_label": "majors"
    }
},
{
    "pk": 9, 
    "model": "contenttypes.contenttype", 
    "fields": {
        "model": "course", 
        "name": "course", 
        "app_label": "majors"
    }
},
{
    "pk": 10, 
    "model": "contenttypes.contenttype", 
    "fields": {
        "model": "requirementblock", 
        "name": "requirement block", 
        "app_label": "majors"
    }
},
{
    "pk": 11, 
    "model": "contenttypes.contenttype", 
    "fields": {
        "model": "major", 
        "name": "major", 
        "app_label": "majors"
    }
},
{
    "pk": 12, 
    "model": "contenttypes.contenttype", 
    "fields": {
        "model": "student", 
        "name": "student", 
        "app_label": "majors"
    }
},
{
    "pk": 13, 
    "model": "contenttypes.contenttype", 
    "fields": {
        "model": "studentsemestercourses", 
        "name": "student semester courses", 
        "app_label": "majors"
    }
},
{
    "pk": 14, 
    "model": "contenttypes.contenttype", 
    "fields": {
        "model": "createyourowncourse", 
        "name": "create your own course", 
        "app_label": "majors"
    }
},
{
    "pk": 15, 
    "model": "contenttypes.contenttype", 
    "fields": {
        "model": "advisingnote", 
        "name": "advising note", 
        "app_label": "majors"
    }
},
{
    "pk": 16, 
    "model": "contenttypes.contenttype", 
    "fields": {
        "model": "enteringyear", 
        "name": "entering year", 
        "app_label": "majors"
    }
},
{
    "pk": 17, 
    "model": "contenttypes.contenttype", 
    "fields": {
        "model": "prepopulatesemesters", 
        "name": "prepopulate semesters", 
        "app_label": "majors"
    }
},
{
    "pk": 18, 
    "model": "contenttypes.contenttype", 
    "fields": {
        "model": "professor", 
        "name": "professor", 
        "app_label": "majors"
    }
},
{
    "pk": 19, 
    "model": "contenttypes.contenttype", 
    "fields": {
        "model": "site", 
        "name": "site", 
        "app_label": "sites"
    }
},
{
    "pk": "52d15be051c11d5f92ffed2b71454694", 
    "model": "sessions.session", 
    "fields": {
        "expire_date": "2013-02-15T13:17:10.756Z", 
        "session_data": "ZmJhODllYjQ3OWFhYzdlOTU3MzI0M2Y1YjUxNmUzYTc1YmZkZjA4ODqAAn1xAShVCnRlc3Rjb29r\naWVxAlUGd29ya2VkcQNVEl9hdXRoX3VzZXJfYmFja2VuZHEEVSlkamFuZ28uY29udHJpYi5hdXRo\nLmJhY2tlbmRzLk1vZGVsQmFja2VuZHEFVQ1fYXV0aF91c2VyX2lkcQZLAnUu\n"
    }
},
{
    "pk": "a3530711fc0a8ab497f76b8c192b44e7", 
    "model": "sessions.session", 
    "fields": {
        "expire_date": "2013-02-14T22:07:59.606Z", 
        "session_data": "ZmJhODllYjQ3OWFhYzdlOTU3MzI0M2Y1YjUxNmUzYTc1YmZkZjA4ODqAAn1xAShVCnRlc3Rjb29r\naWVxAlUGd29ya2VkcQNVEl9hdXRoX3VzZXJfYmFja2VuZHEEVSlkamFuZ28uY29udHJpYi5hdXRo\nLmJhY2tlbmRzLk1vZGVsQmFja2VuZHEFVQ1fYXV0aF91c2VyX2lkcQZLAnUu\n"
    }
},
{
    "pk": "f8hon4ky2ibk0ziaw2q3jrua9ybat0us", 
    "model": "sessions.session", 
    "fields": {
        "expire_date": "2013-04-12T15:34:15.496Z", 
        "session_data": "Njg1ODNhNWQ3MGJkZjdlZWJiNjNlZjY2NzFlYzE1YTQ0OTZkZjM0NTqAAn1xAS4="
    }
},
{
    "pk": "j9t4uoo9x3fvbtzsrnmfk4v4k4ifp4ni", 
    "model": "sessions.session", 
    "fields": {
        "expire_date": "2013-04-12T17:14:06.373Z", 
        "session_data": "Njg1ODNhNWQ3MGJkZjdlZWJiNjNlZjY2NzFlYzE1YTQ0OTZkZjM0NTqAAn1xAS4="
    }
},
{
    "pk": 1, 
    "model": "sites.site", 
    "fields": {
        "domain": "example.com", 
        "name": "example.com"
    }
},
{
    "pk": 1, 
    "model": "majors.semester", 
    "fields": {
        "actual_year": 2012, 
        "semester_of_acad_year": 1, 
        "name": "Fa12"
    }
},
{
    "pk": 2, 
    "model": "majors.semester", 
    "fields": {
        "actual_year": 2013, 
        "semester_of_acad_year": 1, 
        "name": "Fa13"
    }
},
{
    "pk": 3, 
    "model": "majors.semester", 
    "fields": {
        "actual_year": 2014, 
        "semester_of_acad_year": 1, 
        "name": "Fa14"
    }
},
{
    "pk": 4, 
    "model": "majors.semester", 
    "fields": {
        "actual_year": 2015, 
        "semester_of_acad_year": 1, 
        "name": "Fa15"
    }
},
{
    "pk": 5, 
    "model": "majors.semester", 
    "fields": {
        "actual_year": 2016, 
        "semester_of_acad_year": 1, 
        "name": "Fa16"
    }
},
{
    "pk": 6, 
    "model": "majors.semester", 
    "fields": {
        "actual_year": 2013, 
        "semester_of_acad_year": 2, 
        "name": "J13"
    }
},
{
    "pk": 7, 
    "model": "majors.semester", 
    "fields": {
        "actual_year": 2014, 
        "semester_of_acad_year": 2, 
        "name": "J14"
    }
},
{
    "pk": 8, 
    "model": "majors.semester", 
    "fields": {
        "actual_year": 2015, 
        "semester_of_acad_year": 2, 
        "name": "J15"
    }
},
{
    "pk": 9, 
    "model": "majors.semester", 
    "fields": {
        "actual_year": 2016, 
        "semester_of_acad_year": 2, 
        "name": "J16"
    }
},
{
    "pk": 10, 
    "model": "majors.semester", 
    "fields": {
        "actual_year": 2017, 
        "semester_of_acad_year": 2, 
        "name": "J17"
    }
},
{
    "pk": 11, 
    "model": "majors.semester", 
    "fields": {
        "actual_year": 2013, 
        "semester_of_acad_year": 3, 
        "name": "Sp13"
    }
},
{
    "pk": 12, 
    "model": "majors.semester", 
    "fields": {
        "actual_year": 2014, 
        "semester_of_acad_year": 3, 
        "name": "Sp14"
    }
},
{
    "pk": 13, 
    "model": "majors.semester", 
    "fields": {
        "actual_year": 2015, 
        "semester_of_acad_year": 3, 
        "name": "Sp15"
    }
},
{
    "pk": 14, 
    "model": "majors.semester", 
    "fields": {
        "actual_year": 2016, 
        "semester_of_acad_year": 3, 
        "name": "Sp16"
    }
},
{
    "pk": 15, 
    "model": "majors.semester", 
    "fields": {
        "actual_year": 2017, 
        "semester_of_acad_year": 3, 
        "name": "Sp17"
    }
},
{
    "pk": 16, 
    "model": "majors.semester", 
    "fields": {
        "actual_year": 2013, 
        "semester_of_acad_year": 4, 
        "name": "Sum13"
    }
},
{
    "pk": 17, 
    "model": "majors.semester", 
    "fields": {
        "actual_year": 2014, 
        "semester_of_acad_year": 4, 
        "name": "Sum14"
    }
},
{
    "pk": 18, 
    "model": "majors.semester", 
    "fields": {
        "actual_year": 2015, 
        "semester_of_acad_year": 4, 
        "name": "Sum15"
    }
},
{
    "pk": 19, 
    "model": "majors.semester", 
    "fields": {
        "actual_year": 2016, 
        "semester_of_acad_year": 4, 
        "name": "Sum16"
    }
},
{
    "pk": 20, 
    "model": "majors.semester", 
    "fields": {
        "actual_year": 2017, 
        "semester_of_acad_year": 4, 
        "name": "Sum17"
    }
},
{
    "pk": 1, 
    "model": "majors.department", 
    "fields": {
        "name": "Physics and Engineering"
    }
},
{
    "pk": 2, 
    "model": "majors.department", 
    "fields": {
        "name": "Mathematics"
    }
},
{
    "pk": 3, 
    "model": "majors.department", 
    "fields": {
        "name": "Computer Science and Engineering"
    }
},
{
    "pk": 4, 
    "model": "majors.department", 
    "fields": {
        "name": "Chemistry and Biochemistry"
    }
},
{
    "pk": 5, 
    "model": "majors.department", 
    "fields": {
        "name": "Biology"
    }
},
{
    "pk": 6, 
    "model": "majors.department", 
    "fields": {
        "name": "BSCEP"
    }
},
{
    "pk": 7, 
    "model": "majors.department", 
    "fields": {
        "name": "Interarea Studies"
    }
},
{
    "pk": 8, 
    "model": "majors.department", 
    "fields": {
        "name": "School of Science"
    }
},
{
    "pk": 9, 
    "model": "majors.department", 
    "fields": {
        "name": "PHP"
    }
},
{
    "pk": 10, 
    "model": "majors.department", 
    "fields": {
        "name": "Humanities"
    }
},
{
    "pk": 11, 
    "model": "majors.department", 
    "fields": {
        "name": "Art"
    }
},
{
    "pk": 12, 
    "model": "majors.department", 
    "fields": {
        "name": "Music"
    }
},
{
    "pk": 13, 
    "model": "majors.department", 
    "fields": {
        "name": "Communications Studies"
    }
},
{
    "pk": 14, 
    "model": "majors.department", 
    "fields": {
        "name": "English"
    }
},
{
    "pk": 15, 
    "model": "majors.department", 
    "fields": {
        "name": "History"
    }
},
{
    "pk": 16, 
    "model": "majors.department", 
    "fields": {
        "name": "Environmental Science"
    }
},
{
    "pk": 17, 
    "model": "majors.department", 
    "fields": {
        "name": "Business"
    }
},
{
    "pk": 18, 
    "model": "majors.department", 
    "fields": {
        "name": "Psychology"
    }
},
{
    "pk": 19, 
    "model": "majors.department", 
    "fields": {
        "name": "Political Science"
    }
},
{
    "pk": 20, 
    "model": "majors.department", 
    "fields": {
        "name": "Sociology"
    }
},
{
    "pk": 1, 
    "model": "majors.course", 
    "fields": {
        "credit_hours": 4, 
        "name": "Calculus I", 
        "cc": false, 
        "sp": false, 
        "number": "MAT151", 
        "coreqs": [], 
        "semester": [
            1, 
            2, 
            3, 
            4, 
            5, 
            11, 
            12, 
            13, 
            14, 
            15
        ], 
        "prereqs": [], 
        "department": 2
    }
},
{
    "pk": 2, 
    "model": "majors.course", 
    "fields": {
        "credit_hours": 4, 
        "name": "Calculus II", 
        "cc": false, 
        "sp": false, 
        "number": "MAT230", 
        "coreqs": [], 
        "semester": [
            1, 
            2, 
            3, 
            4, 
            5, 
            11, 
            12, 
            13, 
            14, 
            15
        ], 
        "prereqs": [
            1
        ], 
        "department": 2
    }
},
{
    "pk": 3, 
    "model": "majors.course", 
    "fields": {
        "credit_hours": 4, 
        "name": "Calculus III", 
        "cc": false, 
        "sp": false, 
        "number": "MAT240", 
        "coreqs": [], 
        "semester": [
            1, 
            2, 
            3, 
            4, 
            5
        ], 
        "prereqs": [
            2
        ], 
        "department": 2
    }
},
{
    "pk": 4, 
    "model": "majors.course", 
    "fields": {
        "credit_hours": 4, 
        "name": "Differential Equations", 
        "cc": false, 
        "sp": false, 
        "number": "MAT251", 
        "coreqs": [], 
        "semester": [
            11, 
            12, 
            13, 
            14, 
            15
        ], 
        "prereqs": [
            3
        ], 
        "department": 2
    }
},
{
    "pk": 5, 
    "model": "majors.course", 
    "fields": {
        "credit_hours": 4, 
        "name": "Linear Algebra", 
        "cc": false, 
        "sp": false, 
        "number": "MAT245", 
        "coreqs": [], 
        "semester": [
            12, 
            14
        ], 
        "prereqs": [], 
        "department": 2
    }
},
{
    "pk": 6, 
    "model": "majors.course", 
    "fields": {
        "credit_hours": 3, 
        "name": "Math Modeling with Numerical Analysis", 
        "cc": false, 
        "sp": false, 
        "number": "MAT310", 
        "coreqs": [], 
        "semester": [
            1, 
            3, 
            5
        ], 
        "prereqs": [], 
        "department": 2
    }
},
{
    "pk": 7, 
    "model": "majors.course", 
    "fields": {
        "credit_hours": 4, 
        "name": "University Physics I & Lab", 
        "cc": false, 
        "sp": false, 
        "number": "PHY211", 
        "coreqs": [
            1
        ], 
        "semester": [
            1, 
            2, 
            3, 
            4, 
            5
        ], 
        "prereqs": [], 
        "department": 1
    }
},
{
    "pk": 8, 
    "model": "majors.course", 
    "fields": {
        "credit_hours": 5, 
        "name": "University Physics II & Lab", 
        "cc": false, 
        "sp": false, 
        "number": "PHY212", 
        "coreqs": [
            2
        ], 
        "semester": [
            11, 
            12, 
            13, 
            14, 
            15
        ], 
        "prereqs": [
            1, 
            7
        ], 
        "department": 1
    }
},
{
    "pk": 9, 
    "model": "majors.course", 
    "fields": {
        "credit_hours": 4, 
        "name": "Modern Physics & Lab", 
        "cc": false, 
        "sp": false, 
        "number": "PHY311", 
        "coreqs": [
            3
        ], 
        "semester": [
            2, 
            3, 
            4, 
            5, 
            11
        ], 
        "prereqs": [
            8
        ], 
        "department": 1
    }
},
{
    "pk": 10, 
    "model": "majors.course", 
    "fields": {
        "credit_hours": 2, 
        "name": "Advanced Lab", 
        "cc": false, 
        "sp": false, 
        "number": "PHY330", 
        "coreqs": [], 
        "semester": [
            1, 
            2, 
            3, 
            4, 
            5, 
            11, 
            12, 
            13, 
            14, 
            15
        ], 
        "prereqs": [], 
        "department": 1
    }
},
{
    "pk": 11, 
    "model": "majors.course", 
    "fields": {
        "credit_hours": 4, 
        "name": "Thermodynamics and Statistical Mechanics", 
        "cc": false, 
        "sp": false, 
        "number": "PHY350", 
        "coreqs": [], 
        "semester": [
            1, 
            3, 
            5
        ], 
        "prereqs": [], 
        "department": 1
    }
},
{
    "pk": 12, 
    "model": "majors.course", 
    "fields": {
        "credit_hours": 1, 
        "name": "Preparation for the Physics GRE", 
        "cc": false, 
        "sp": false, 
        "number": "PHY491", 
        "coreqs": [], 
        "semester": [
            1, 
            2, 
            3, 
            4, 
            5
        ], 
        "prereqs": [], 
        "department": 1
    }
},
{
    "pk": 13, 
    "model": "majors.course", 
    "fields": {
        "credit_hours": 3, 
        "name": "Math Methods in Physics and Engineering", 
        "cc": false, 
        "sp": true, 
        "number": "PHY341", 
        "coreqs": [
            4
        ], 
        "semester": [
            11, 
            12, 
            13, 
            14, 
            15
        ], 
        "prereqs": [
            3, 
            8
        ], 
        "department": 1
    }
},
{
    "pk": 14, 
    "model": "majors.course", 
    "fields": {
        "credit_hours": 3, 
        "name": "Advanced Mathematical Methods in Physics", 
        "cc": false, 
        "sp": false, 
        "number": "PHY441", 
        "coreqs": [], 
        "semester": [
            3, 
            5, 
            11
        ], 
        "prereqs": [
            13
        ], 
        "department": 1
    }
},
{
    "pk": 15, 
    "model": "majors.course", 
    "fields": {
        "credit_hours": 3, 
        "name": "Electricity & Magnetism", 
        "cc": false, 
        "sp": false, 
        "number": "PHY321", 
        "coreqs": [], 
        "semester": [
            2, 
            4
        ], 
        "prereqs": [
            8, 
            13
        ], 
        "department": 1
    }
},
{
    "pk": 16, 
    "model": "majors.course", 
    "fields": {
        "credit_hours": 3, 
        "name": "Waves & Physical Optics", 
        "cc": false, 
        "sp": false, 
        "number": "PHY322", 
        "coreqs": [], 
        "semester": [
            12, 
            14
        ], 
        "prereqs": [
            15
        ], 
        "department": 1
    }
},
{
    "pk": 17, 
    "model": "majors.course", 
    "fields": {
        "credit_hours": 3, 
        "name": "Analytical Mechanics", 
        "cc": false, 
        "sp": false, 
        "number": "PHY342", 
        "coreqs": [], 
        "semester": [
            12, 
            14
        ], 
        "prereqs": [
            4, 
            13
        ], 
        "department": 1
    }
},
{
    "pk": 18, 
    "model": "majors.course", 
    "fields": {
        "credit_hours": 2, 
        "name": "Directed Research", 
        "cc": false, 
        "sp": false, 
        "number": "PHY450", 
        "coreqs": [], 
        "semester": [
            1, 
            2, 
            3, 
            4, 
            5, 
            11, 
            12, 
            13, 
            14, 
            15
        ], 
        "prereqs": [], 
        "department": 1
    }
},
{
    "pk": 19, 
    "model": "majors.course", 
    "fields": {
        "credit_hours": 3, 
        "name": "Quantum Mechanics I", 
        "cc": false, 
        "sp": true, 
        "number": "PHY412", 
        "coreqs": [], 
        "semester": [
            2, 
            13, 
            15
        ], 
        "prereqs": [
            4, 
            9, 
            13
        ], 
        "department": 1
    }
},
{
    "pk": 20, 
    "model": "majors.course", 
    "fields": {
        "credit_hours": 2, 
        "name": "Quantum Mechanics II", 
        "cc": false, 
        "sp": false, 
        "number": "PHY413", 
        "coreqs": [], 
        "semester": [
            4, 
            12
        ], 
        "prereqs": [
            19
        ], 
        "department": 1
    }
},
{
    "pk": 21, 
    "model": "majors.course", 
    "fields": {
        "credit_hours": 3, 
        "name": "Physics Senior Capstone", 
        "cc": false, 
        "sp": false, 
        "number": "PHY493", 
        "coreqs": [], 
        "semester": [
            7, 
            9, 
            10
        ], 
        "prereqs": [], 
        "department": 1
    }
},
{
    "pk": 22, 
    "model": "majors.course", 
    "fields": {
        "credit_hours": 3, 
        "name": "Biblical Literature I", 
        "cc": false, 
        "sp": false, 
        "number": "BIB110", 
        "coreqs": [], 
        "semester": [
            1, 
            2, 
            3, 
            4, 
            5, 
            6, 
            7, 
            8, 
            9, 
            10, 
            11, 
            12, 
            13, 
            14, 
            15
        ], 
        "prereqs": [], 
        "department": 6
    }
},
{
    "pk": 23, 
    "model": "majors.course", 
    "fields": {
        "credit_hours": 3, 
        "name": "Biblical Literature II", 
        "cc": false, 
        "sp": false, 
        "number": "BIB210", 
        "coreqs": [], 
        "semester": [
            1, 
            2, 
            3, 
            4, 
            5, 
            6, 
            7, 
            8, 
            9, 
            10, 
            11, 
            12, 
            13, 
            14, 
            15
        ], 
        "prereqs": [
            22
        ], 
        "department": 6
    }
},
{
    "pk": 24, 
    "model": "majors.course", 
    "fields": {
        "credit_hours": 3, 
        "name": "Historic Christian Belief", 
        "cc": false, 
        "sp": false, 
        "number": "REL313", 
        "coreqs": [], 
        "semester": [
            1, 
            2, 
            3, 
            4, 
            5, 
            6, 
            7, 
            8, 
            9, 
            10, 
            11, 
            12, 
            13, 
            14, 
            15
        ], 
        "prereqs": [
            23
        ], 
        "department": 6
    }
},
{
    "pk": 25, 
    "model": "majors.course", 
    "fields": {
        "credit_hours": 3, 
        "name": "Contemporary Christian Belief", 
        "cc": false, 
        "sp": false, 
        "number": "PHI413", 
        "coreqs": [], 
        "semester": [
            1, 
            2, 
            3, 
            4, 
            5, 
            6, 
            7, 
            8, 
            9, 
            10, 
            11, 
            12, 
            13, 
            14, 
            15
        ], 
        "prereqs": [
            24
        ], 
        "department": 6
    }
},
{
    "pk": 26, 
    "model": "majors.course", 
    "fields": {
        "credit_hours": 2, 
        "name": "Practicum", 
        "cc": false, 
        "sp": false, 
        "number": "PHY393", 
        "coreqs": [], 
        "semester": [
            16, 
            17, 
            18, 
            19, 
            20
        ], 
        "prereqs": [], 
        "department": 1
    }
},
{
    "pk": 27, 
    "model": "majors.course", 
    "fields": {
        "credit_hours": 4, 
        "name": "College Chemistry I", 
        "cc": false, 
        "sp": false, 
        "number": "CHE211", 
        "coreqs": [], 
        "semester": [
            1, 
            2, 
            3, 
            4, 
            5
        ], 
        "prereqs": [], 
        "department": 4
    }
},
{
    "pk": 28, 
    "model": "majors.course", 
    "fields": {
        "credit_hours": 4, 
        "name": "College Chemistry II", 
        "cc": false, 
        "sp": false, 
        "number": "CHE212", 
        "coreqs": [], 
        "semester": [
            11, 
            12, 
            13, 
            14, 
            15
        ], 
        "prereqs": [
            27
        ], 
        "department": 4
    }
},
{
    "pk": 29, 
    "model": "majors.course", 
    "fields": {
        "credit_hours": 4, 
        "name": "Introduction to Computational Problem Solving", 
        "cc": false, 
        "sp": false, 
        "number": "COS120", 
        "coreqs": [], 
        "semester": [
            1, 
            2, 
            3, 
            4, 
            5, 
            11, 
            12, 
            13, 
            14, 
            15
        ], 
        "prereqs": [], 
        "department": 3
    }
},
{
    "pk": 30, 
    "model": "majors.course", 
    "fields": {
        "credit_hours": 2, 
        "name": "Introduction to Engineering & Software Tools", 
        "cc": false, 
        "sp": false, 
        "number": "ENP104", 
        "coreqs": [], 
        "semester": [
            6, 
            7, 
            8, 
            9, 
            10
        ], 
        "prereqs": [
            7
        ], 
        "department": 1
    }
},
{
    "pk": 31, 
    "model": "majors.course", 
    "fields": {
        "credit_hours": 1, 
        "name": "Introduction to Engineering Ethics", 
        "cc": false, 
        "sp": false, 
        "number": "ENP105", 
        "coreqs": [], 
        "semester": [
            6, 
            7, 
            8, 
            9, 
            10
        ], 
        "prereqs": [], 
        "department": 1
    }
},
{
    "pk": 32, 
    "model": "majors.course", 
    "fields": {
        "credit_hours": 2, 
        "name": "Issues in Science and Religion", 
        "cc": false, 
        "sp": false, 
        "number": "IAS231", 
        "coreqs": [], 
        "semester": [
            11, 
            12, 
            13, 
            14, 
            15
        ], 
        "prereqs": [], 
        "department": 7
    }
},
{
    "pk": 33, 
    "model": "majors.course", 
    "fields": {
        "credit_hours": 1, 
        "name": "Natural Science Seminar", 
        "cc": false, 
        "sp": false, 
        "number": "NAS480", 
        "coreqs": [], 
        "semester": [
            1, 
            2, 
            3, 
            4, 
            5
        ], 
        "prereqs": [], 
        "department": 8
    }
},
{
    "pk": 34, 
    "model": "majors.course", 
    "fields": {
        "credit_hours": 4, 
        "name": "Mathematical Statistics", 
        "cc": false, 
        "sp": false, 
        "number": "MAT352", 
        "coreqs": [], 
        "semester": [
            1, 
            2, 
            3, 
            4, 
            5
        ], 
        "prereqs": [], 
        "department": 2
    }
},
{
    "pk": 35, 
    "model": "majors.course", 
    "fields": {
        "credit_hours": 3, 
        "name": "Advanced Statistical Methods", 
        "cc": false, 
        "sp": false, 
        "number": "MAT382", 
        "coreqs": [], 
        "semester": [
            1, 
            2, 
            3, 
            4, 
            5
        ], 
        "prereqs": [
            34
        ], 
        "department": 2
    }
},
{
    "pk": 36, 
    "model": "majors.course", 
    "fields": {
        "credit_hours": 3, 
        "name": "Statics and Dynamics", 
        "cc": false, 
        "sp": false, 
        "number": "ENP301", 
        "coreqs": [], 
        "semester": [
            1, 
            2, 
            3, 
            4, 
            5
        ], 
        "prereqs": [
            7
        ], 
        "department": 1
    }
},
{
    "pk": 37, 
    "model": "majors.course", 
    "fields": {
        "credit_hours": 4, 
        "name": "Introduction to Electronics", 
        "cc": false, 
        "sp": false, 
        "number": "ENP331", 
        "coreqs": [
            3
        ], 
        "semester": [
            1, 
            2, 
            3, 
            4, 
            5
        ], 
        "prereqs": [
            8
        ], 
        "department": 1
    }
},
{
    "pk": 38, 
    "model": "majors.course", 
    "fields": {
        "credit_hours": 4, 
        "name": "Principles of Engineering & Lab", 
        "cc": false, 
        "sp": true, 
        "number": "ENP252", 
        "coreqs": [
            4
        ], 
        "semester": [
            11, 
            12, 
            13, 
            14, 
            15
        ], 
        "prereqs": [
            37
        ], 
        "department": 1
    }
},
{
    "pk": 39, 
    "model": "majors.course", 
    "fields": {
        "credit_hours": 3, 
        "name": "Strength of Materials and Machine Design", 
        "cc": false, 
        "sp": false, 
        "number": "ENP302", 
        "coreqs": [], 
        "semester": [
            1, 
            3, 
            5
        ], 
        "prereqs": [
            38
        ], 
        "department": 1
    }
},
{
    "pk": 40, 
    "model": "majors.course", 
    "fields": {
        "credit_hours": 4, 
        "name": "Microcomputer Interfacing", 
        "cc": false, 
        "sp": false, 
        "number": "ENP341", 
        "coreqs": [], 
        "semester": [
            11, 
            13, 
            15
        ], 
        "prereqs": [
            38, 
            37
        ], 
        "department": 1
    }
},
{
    "pk": 41, 
    "model": "majors.course", 
    "fields": {
        "credit_hours": 2, 
        "name": "Junior Engineering Project", 
        "cc": false, 
        "sp": false, 
        "number": "ENP392", 
        "coreqs": [], 
        "semester": [
            11, 
            12, 
            13, 
            14, 
            15
        ], 
        "prereqs": [
            38
        ], 
        "department": 1
    }
},
{
    "pk": 42, 
    "model": "majors.course", 
    "fields": {
        "credit_hours": 2, 
        "name": "Applied Electromagnetics", 
        "cc": false, 
        "sp": false, 
        "number": "ENP321", 
        "coreqs": [], 
        "semester": [
            1, 
            3, 
            5
        ], 
        "prereqs": [
            38, 
            37
        ], 
        "department": 1
    }
},
{
    "pk": 43, 
    "model": "majors.course", 
    "fields": {
        "credit_hours": 1, 
        "name": "New Student Orientation", 
        "cc": false, 
        "sp": false, 
        "number": "IAS101", 
        "coreqs": [], 
        "semester": [
            1, 
            2, 
            3, 
            4, 
            5
        ], 
        "prereqs": [], 
        "department": 7
    }
},
{
    "pk": 44, 
    "model": "majors.course", 
    "fields": {
        "credit_hours": 3, 
        "name": "Foundations of Christian Thought", 
        "cc": false, 
        "sp": false, 
        "number": "IAS110", 
        "coreqs": [], 
        "semester": [
            1, 
            2, 
            3, 
            4, 
            5
        ], 
        "prereqs": [], 
        "department": 7
    }
},
{
    "pk": 45, 
    "model": "majors.course", 
    "fields": {
        "credit_hours": 1, 
        "name": "Senior Seminar", 
        "cc": false, 
        "sp": false, 
        "number": "IAS495", 
        "coreqs": [], 
        "semester": [
            1, 
            2, 
            3, 
            4, 
            5, 
            11, 
            12, 
            13, 
            14, 
            15
        ], 
        "prereqs": [], 
        "department": 7
    }
},
{
    "pk": 46, 
    "model": "majors.course", 
    "fields": {
        "credit_hours": 2, 
        "name": "Fitness for Life", 
        "cc": false, 
        "sp": false, 
        "number": "PHP100", 
        "coreqs": [], 
        "semester": [
            1, 
            2, 
            3, 
            4, 
            5, 
            11, 
            12, 
            13, 
            14, 
            15
        ], 
        "prereqs": [], 
        "department": 9
    }
},
{
    "pk": 47, 
    "model": "majors.course", 
    "fields": {
        "credit_hours": 1, 
        "name": "General Physical Education", 
        "cc": false, 
        "sp": false, 
        "number": "PHP200x", 
        "coreqs": [], 
        "semester": [
            1, 
            2, 
            3, 
            4, 
            5, 
            6, 
            7, 
            8, 
            9, 
            10, 
            11, 
            12, 
            13, 
            14, 
            15
        ], 
        "prereqs": [
            46
        ], 
        "department": 9
    }
},
{
    "pk": 48, 
    "model": "majors.course", 
    "fields": {
        "credit_hours": 4, 
        "name": "Art as Experience", 
        "cc": false, 
        "sp": false, 
        "number": "HUM230", 
        "coreqs": [], 
        "semester": [
            1, 
            2, 
            3, 
            4, 
            5, 
            6, 
            7, 
            8, 
            9, 
            10, 
            11, 
            12, 
            13, 
            14, 
            15
        ], 
        "prereqs": [], 
        "department": 10
    }
},
{
    "pk": 49, 
    "model": "majors.course", 
    "fields": {
        "credit_hours": 4, 
        "name": "Arts and Ideas", 
        "cc": false, 
        "sp": false, 
        "number": "HUM330", 
        "coreqs": [], 
        "semester": [
            1, 
            2, 
            3, 
            4, 
            5, 
            11, 
            12, 
            13, 
            14, 
            15
        ], 
        "prereqs": [], 
        "department": 10
    }
},
{
    "pk": 50, 
    "model": "majors.course", 
    "fields": {
        "credit_hours": 3, 
        "name": "Studio Course", 
        "cc": false, 
        "sp": false, 
        "number": "ARTxxx", 
        "coreqs": [], 
        "semester": [
            1, 
            2, 
            3, 
            4, 
            5, 
            11, 
            12, 
            13, 
            14, 
            15
        ], 
        "prereqs": [], 
        "department": 11
    }
},
{
    "pk": 51, 
    "model": "majors.course", 
    "fields": {
        "credit_hours": 1, 
        "name": "Participation in the Arts", 
        "cc": false, 
        "sp": false, 
        "number": "HUM250x", 
        "coreqs": [], 
        "semester": [
            1, 
            2, 
            3, 
            4, 
            5, 
            6, 
            7, 
            8, 
            9, 
            10, 
            11, 
            12, 
            13, 
            14, 
            15
        ], 
        "prereqs": [], 
        "department": 10
    }
},
{
    "pk": 52, 
    "model": "majors.course", 
    "fields": {
        "credit_hours": 1, 
        "name": "Music Ensemble", 
        "cc": false, 
        "sp": false, 
        "number": "MUSxxx", 
        "coreqs": [], 
        "semester": [
            1, 
            2, 
            3, 
            4, 
            5, 
            11, 
            12, 
            13, 
            14, 
            15
        ], 
        "prereqs": [], 
        "department": 12
    }
},
{
    "pk": 53, 
    "model": "majors.course", 
    "fields": {
        "credit_hours": 1, 
        "name": "Music Lesson", 
        "cc": false, 
        "sp": false, 
        "number": "MUSyyy", 
        "coreqs": [], 
        "semester": [
            1, 
            2, 
            3, 
            4, 
            5, 
            11, 
            12, 
            13, 
            14, 
            15
        ], 
        "prereqs": [], 
        "department": 12
    }
},
{
    "pk": 54, 
    "model": "majors.course", 
    "fields": {
        "credit_hours": 3, 
        "name": "Public Speaking", 
        "cc": false, 
        "sp": false, 
        "number": "CAS110", 
        "coreqs": [], 
        "semester": [
            1, 
            2, 
            3, 
            4, 
            5, 
            11, 
            12, 
            13, 
            14, 
            15
        ], 
        "prereqs": [], 
        "department": 13
    }
},
{
    "pk": 55, 
    "model": "majors.course", 
    "fields": {
        "credit_hours": 3, 
        "name": "Interpersonal Communication", 
        "cc": false, 
        "sp": false, 
        "number": "CAS120", 
        "coreqs": [], 
        "semester": [
            1, 
            2, 
            3, 
            4, 
            5, 
            11, 
            12, 
            13, 
            14, 
            15
        ], 
        "prereqs": [], 
        "department": 13
    }
},
{
    "pk": 56, 
    "model": "majors.course", 
    "fields": {
        "credit_hours": 3, 
        "name": "Expository Writing", 
        "cc": false, 
        "sp": false, 
        "number": "ENG110", 
        "coreqs": [], 
        "semester": [
            1, 
            2, 
            3, 
            4, 
            5, 
            11, 
            12, 
            13, 
            14, 
            15
        ], 
        "prereqs": [], 
        "department": 14
    }
},
{
    "pk": 57, 
    "model": "majors.course", 
    "fields": {
        "credit_hours": 3, 
        "name": "History Course", 
        "cc": false, 
        "sp": false, 
        "number": "HISxxx", 
        "coreqs": [], 
        "semester": [
            1, 
            2, 
            3, 
            4, 
            5, 
            6, 
            7, 
            8, 
            9, 
            10, 
            11, 
            12, 
            13, 
            14, 
            15
        ], 
        "prereqs": [], 
        "department": 15
    }
},
{
    "pk": 58, 
    "model": "majors.course", 
    "fields": {
        "credit_hours": 3, 
        "name": "World Literature", 
        "cc": false, 
        "sp": false, 
        "number": "ENG230", 
        "coreqs": [], 
        "semester": [
            1, 
            2, 
            3, 
            4, 
            5, 
            6, 
            7, 
            8, 
            9, 
            10, 
            11, 
            12, 
            13, 
            14, 
            15
        ], 
        "prereqs": [], 
        "department": 14
    }
},
{
    "pk": 59, 
    "model": "majors.course", 
    "fields": {
        "credit_hours": 3, 
        "name": "American Literature", 
        "cc": false, 
        "sp": false, 
        "number": "ENG240", 
        "coreqs": [], 
        "semester": [
            1, 
            2, 
            3, 
            4, 
            5, 
            6, 
            7, 
            8, 
            9, 
            10, 
            11, 
            12, 
            13, 
            14, 
            15
        ], 
        "prereqs": [], 
        "department": 14
    }
},
{
    "pk": 60, 
    "model": "majors.course", 
    "fields": {
        "credit_hours": 3, 
        "name": "British Literature", 
        "cc": false, 
        "sp": false, 
        "number": "ENG250", 
        "coreqs": [], 
        "semester": [
            1, 
            2, 
            3, 
            4, 
            5, 
            11, 
            12, 
            13, 
            14, 
            15
        ], 
        "prereqs": [], 
        "department": 14
    }
},
{
    "pk": 61, 
    "model": "majors.course", 
    "fields": {
        "credit_hours": 4, 
        "name": "General Biology", 
        "cc": false, 
        "sp": false, 
        "number": "BIO100", 
        "coreqs": [], 
        "semester": [
            1, 
            2, 
            3, 
            4, 
            5, 
            11, 
            12, 
            13, 
            14, 
            15
        ], 
        "prereqs": [], 
        "department": 5
    }
},
{
    "pk": 62, 
    "model": "majors.course", 
    "fields": {
        "credit_hours": 4, 
        "name": "Principles of Cell Biology", 
        "cc": false, 
        "sp": false, 
        "number": "BIO101", 
        "coreqs": [], 
        "semester": [
            1, 
            2, 
            3, 
            4, 
            5, 
            11, 
            12, 
            13, 
            14, 
            15
        ], 
        "prereqs": [], 
        "department": 5
    }
},
{
    "pk": 63, 
    "model": "majors.course", 
    "fields": {
        "credit_hours": 3, 
        "name": "Environment and Society", 
        "cc": false, 
        "sp": false, 
        "number": "ENS200", 
        "coreqs": [], 
        "semester": [
            1, 
            2, 
            3, 
            4, 
            5, 
            11, 
            12, 
            13, 
            14, 
            15
        ], 
        "prereqs": [], 
        "department": 16
    }
},
{
    "pk": 64, 
    "model": "majors.course", 
    "fields": {
        "credit_hours": 4, 
        "name": "Physical Geology", 
        "cc": false, 
        "sp": false, 
        "number": "ENS241", 
        "coreqs": [], 
        "semester": [
            1, 
            2, 
            3, 
            4, 
            5, 
            11, 
            12, 
            13, 
            14, 
            15
        ], 
        "prereqs": [], 
        "department": 16
    }
},
{
    "pk": 65, 
    "model": "majors.course", 
    "fields": {
        "credit_hours": 4, 
        "name": "Principles of Microeconomics", 
        "cc": false, 
        "sp": false, 
        "number": "ECO201", 
        "coreqs": [], 
        "semester": [
            1, 
            2, 
            3, 
            4, 
            5, 
            11, 
            12, 
            13, 
            14, 
            15
        ], 
        "prereqs": [], 
        "department": 17
    }
},
{
    "pk": 66, 
    "model": "majors.course", 
    "fields": {
        "credit_hours": 3, 
        "name": "Introduction to Psychology", 
        "cc": false, 
        "sp": false, 
        "number": "PSY200", 
        "coreqs": [], 
        "semester": [
            1, 
            2, 
            3, 
            4, 
            5, 
            6, 
            7, 
            8, 
            9, 
            10, 
            11, 
            12, 
            13, 
            14, 
            15
        ], 
        "prereqs": [], 
        "department": 18
    }
},
{
    "pk": 67, 
    "model": "majors.course", 
    "fields": {
        "credit_hours": 3, 
        "name": "American Politics", 
        "cc": false, 
        "sp": false, 
        "number": "POS100", 
        "coreqs": [], 
        "semester": [
            1, 
            2, 
            3, 
            4, 
            5, 
            11, 
            12, 
            13, 
            14, 
            15
        ], 
        "prereqs": [], 
        "department": 19
    }
},
{
    "pk": 68, 
    "model": "majors.course", 
    "fields": {
        "credit_hours": 3, 
        "name": "Introduction to Sociology", 
        "cc": false, 
        "sp": false, 
        "number": "SOC100", 
        "coreqs": [], 
        "semester": [
            1, 
            2, 
            3, 
            4, 
            5, 
            11, 
            12, 
            13, 
            14, 
            15
        ], 
        "prereqs": [], 
        "department": 20
    }
},
{
    "pk": 69, 
    "model": "majors.course", 
    "fields": {
        "credit_hours": 4, 
        "name": "Foundations of Computer Science", 
        "cc": false, 
        "sp": false, 
        "number": "COS121", 
        "coreqs": [], 
        "semester": [
            1, 
            2, 
            3, 
            4, 
            5, 
            11, 
            12, 
            13, 
            14, 
            15
        ], 
        "prereqs": [
            29
        ], 
        "department": 3
    }
},
{
    "pk": 70, 
    "model": "majors.course", 
    "fields": {
        "credit_hours": 3, 
        "name": "Interactive Web Page Design", 
        "cc": false, 
        "sp": false, 
        "number": "COS143", 
        "coreqs": [], 
        "semester": [
            1, 
            2, 
            3, 
            4, 
            5, 
            11, 
            12, 
            13, 
            14, 
            15
        ], 
        "prereqs": [], 
        "department": 3
    }
},
{
    "pk": 71, 
    "model": "majors.course", 
    "fields": {
        "credit_hours": 3, 
        "name": "Multi-tier Web Application Development", 
        "cc": false, 
        "sp": false, 
        "number": "COS243", 
        "coreqs": [], 
        "semester": [
            1, 
            2, 
            3, 
            4, 
            5
        ], 
        "prereqs": [
            70
        ], 
        "department": 3
    }
},
{
    "pk": 72, 
    "model": "majors.course", 
    "fields": {
        "credit_hours": 3, 
        "name": "Data Structures and Algorithms", 
        "cc": false, 
        "sp": false, 
        "number": "COS265", 
        "coreqs": [], 
        "semester": [
            1, 
            2, 
            3, 
            4, 
            5
        ], 
        "prereqs": [
            69
        ], 
        "department": 3
    }
},
{
    "pk": 73, 
    "model": "majors.course", 
    "fields": {
        "credit_hours": 3, 
        "name": "Introduction to Computer Systems", 
        "cc": false, 
        "sp": false, 
        "number": "COS284", 
        "coreqs": [], 
        "semester": [
            11, 
            12, 
            13, 
            14, 
            15
        ], 
        "prereqs": [], 
        "department": 3
    }
},
{
    "pk": 74, 
    "model": "majors.course", 
    "fields": {
        "credit_hours": 1, 
        "name": "Current Literature Survey", 
        "cc": false, 
        "sp": false, 
        "number": "COS310", 
        "coreqs": [], 
        "semester": [
            1, 
            2, 
            3, 
            4, 
            5
        ], 
        "prereqs": [], 
        "department": 3
    }
},
{
    "pk": 75, 
    "model": "majors.course", 
    "fields": {
        "credit_hours": 2, 
        "name": "Ethics in Computer Science", 
        "cc": false, 
        "sp": false, 
        "number": "COS311", 
        "coreqs": [], 
        "semester": [
            11, 
            12, 
            13, 
            14, 
            15
        ], 
        "prereqs": [], 
        "department": 3
    }
},
{
    "pk": 76, 
    "model": "majors.course", 
    "fields": {
        "credit_hours": 3, 
        "name": "Algorithm Design", 
        "cc": false, 
        "sp": false, 
        "number": "COS320", 
        "coreqs": [], 
        "semester": [
            12, 
            14
        ], 
        "prereqs": [], 
        "department": 3
    }
},
{
    "pk": 77, 
    "model": "majors.course", 
    "fields": {
        "credit_hours": 3, 
        "name": "Language Structures", 
        "cc": false, 
        "sp": false, 
        "number": "COS382", 
        "coreqs": [], 
        "semester": [
            11, 
            13, 
            15
        ], 
        "prereqs": [], 
        "department": 3
    }
},
{
    "pk": 78, 
    "model": "majors.course", 
    "fields": {
        "credit_hours": 3, 
        "name": "Theory of Computation", 
        "cc": false, 
        "sp": false, 
        "number": "COS435", 
        "coreqs": [], 
        "semester": [
            1, 
            3, 
            5
        ], 
        "prereqs": [], 
        "department": 3
    }
},
{
    "pk": 79, 
    "model": "majors.course", 
    "fields": {
        "credit_hours": 3, 
        "name": "Research I", 
        "cc": false, 
        "sp": false, 
        "number": "COS452", 
        "coreqs": [], 
        "semester": [
            1, 
            2, 
            3, 
            4, 
            5, 
            11, 
            12, 
            13, 
            14, 
            15
        ], 
        "prereqs": [], 
        "department": 3
    }
},
{
    "pk": 80, 
    "model": "majors.course", 
    "fields": {
        "credit_hours": 3, 
        "name": "Research II", 
        "cc": false, 
        "sp": true, 
        "number": "COS453", 
        "coreqs": [], 
        "semester": [
            1, 
            2, 
            3, 
            4, 
            5, 
            11, 
            12, 
            13, 
            14, 
            15
        ], 
        "prereqs": [
            79
        ], 
        "department": 3
    }
},
{
    "pk": 81, 
    "model": "majors.course", 
    "fields": {
        "credit_hours": 1, 
        "name": "Computer Science Senior Capstone", 
        "cc": false, 
        "sp": false, 
        "number": "COS493", 
        "coreqs": [], 
        "semester": [
            1, 
            2, 
            3, 
            4, 
            5
        ], 
        "prereqs": [], 
        "department": 3
    }
},
{
    "pk": 82, 
    "model": "majors.course", 
    "fields": {
        "credit_hours": 3, 
        "name": "Discrete Mathematics for Computer Science", 
        "cc": false, 
        "sp": false, 
        "number": "MAT215", 
        "coreqs": [], 
        "semester": [
            1, 
            2, 
            3, 
            4, 
            5
        ], 
        "prereqs": [], 
        "department": 2
    }
},
{
    "pk": 83, 
    "model": "majors.course", 
    "fields": {
        "credit_hours": 3, 
        "name": "Introduction to Systems", 
        "cc": false, 
        "sp": false, 
        "number": "SYS101", 
        "coreqs": [], 
        "semester": [
            1, 
            2, 
            3, 
            4, 
            5, 
            11, 
            12, 
            13, 
            14, 
            15
        ], 
        "prereqs": [], 
        "department": 3
    }
},
{
    "pk": 84, 
    "model": "majors.course", 
    "fields": {
        "credit_hours": 4, 
        "name": "Introductory Statistics", 
        "cc": false, 
        "sp": false, 
        "number": "MAT210", 
        "coreqs": [], 
        "semester": [
            1, 
            2, 
            3, 
            4, 
            5, 
            6, 
            7, 
            8, 
            9, 
            10, 
            11, 
            12, 
            13, 
            14, 
            15
        ], 
        "prereqs": [], 
        "department": 2
    }
},
{
    "pk": 85, 
    "model": "majors.course", 
    "fields": {
        "credit_hours": 3, 
        "name": "Computer Architecture", 
        "cc": false, 
        "sp": false, 
        "number": "COS381", 
        "coreqs": [], 
        "semester": [
            1, 
            2, 
            3, 
            4, 
            5
        ], 
        "prereqs": [], 
        "department": 3
    }
},
{
    "pk": 86, 
    "model": "majors.course", 
    "fields": {
        "credit_hours": 3, 
        "name": "Operating Systems", 
        "cc": false, 
        "sp": false, 
        "number": "COS421", 
        "coreqs": [], 
        "semester": [
            11, 
            13, 
            15
        ], 
        "prereqs": [], 
        "department": 3
    }
},
{
    "pk": 87, 
    "model": "majors.course", 
    "fields": {
        "credit_hours": 3, 
        "name": "Distributed Processing", 
        "cc": false, 
        "sp": false, 
        "number": "COS436", 
        "coreqs": [], 
        "semester": [
            1, 
            2, 
            3, 
            4, 
            5, 
            11, 
            12, 
            13, 
            14, 
            15
        ], 
        "prereqs": [], 
        "department": 3
    }
},
{
    "pk": 88, 
    "model": "majors.course", 
    "fields": {
        "credit_hours": 3, 
        "name": "Business Applications Programming", 
        "cc": false, 
        "sp": false, 
        "number": "COS240", 
        "coreqs": [], 
        "semester": [
            11, 
            12, 
            13, 
            14, 
            15
        ], 
        "prereqs": [], 
        "department": 3
    }
},
{
    "pk": 89, 
    "model": "majors.course", 
    "fields": {
        "credit_hours": 3, 
        "name": "Missions Technology", 
        "cc": false, 
        "sp": false, 
        "number": "COS230", 
        "coreqs": [], 
        "semester": [
            1, 
            2, 
            3, 
            4, 
            5
        ], 
        "prereqs": [], 
        "department": 3
    }
},
{
    "pk": 90, 
    "model": "majors.course", 
    "fields": {
        "credit_hours": 3, 
        "name": "Introduction to Artificial Intelligence", 
        "cc": false, 
        "sp": true, 
        "number": "COS280", 
        "coreqs": [], 
        "semester": [
            11, 
            12, 
            13, 
            14, 
            15
        ], 
        "prereqs": [], 
        "department": 3
    }
},
{
    "pk": 91, 
    "model": "majors.course", 
    "fields": {
        "credit_hours": 3, 
        "name": "Principles of Human Computer Interactions", 
        "cc": false, 
        "sp": false, 
        "number": "SYS214", 
        "coreqs": [], 
        "semester": [
            1, 
            2, 
            3, 
            4, 
            5
        ], 
        "prereqs": [
            83
        ], 
        "department": 3
    }
},
{
    "pk": 92, 
    "model": "majors.course", 
    "fields": {
        "credit_hours": 2, 
        "name": "Computing and Culture -- Applications and Context", 
        "cc": false, 
        "sp": false, 
        "number": "COS106", 
        "coreqs": [], 
        "semester": [
            11, 
            12, 
            13, 
            14, 
            15
        ], 
        "prereqs": [], 
        "department": 3
    }
},
{
    "pk": 93, 
    "model": "majors.course", 
    "fields": {
        "credit_hours": 1, 
        "name": "Introduction to International Ministry", 
        "cc": false, 
        "sp": false, 
        "number": "IAS120", 
        "coreqs": [], 
        "semester": [
            1, 
            2, 
            3, 
            4, 
            5
        ], 
        "prereqs": [], 
        "department": 7
    }
},
{
    "pk": 94, 
    "model": "majors.course", 
    "fields": {
        "credit_hours": 3, 
        "name": "Lighthouse Trip", 
        "cc": true, 
        "sp": false, 
        "number": "IAS320", 
        "coreqs": [], 
        "semester": [
            6, 
            7, 
            8, 
            9, 
            10
        ], 
        "prereqs": [
            93
        ], 
        "department": 7
    }
},
{
    "pk": 1, 
    "model": "majors.requirementblock", 
    "fields": {
        "display_name": "Major Requirements", 
        "name": "PhyBS Major Requirements", 
        "AND_or_OR_Requirement": 1, 
        "list_order": 1, 
        "courselist": [
            7, 
            8, 
            9, 
            15, 
            16, 
            10, 
            13, 
            17, 
            11, 
            19, 
            20, 
            14, 
            12, 
            21
        ], 
        "minimum_number_of_credit_hours": 43, 
        "text_for_user": ""
    }
},
{
    "pk": 2, 
    "model": "majors.requirementblock", 
    "fields": {
        "display_name": "Major Requirements II", 
        "name": "PhyBS Major Requirements II", 
        "AND_or_OR_Requirement": 2, 
        "list_order": 2, 
        "courselist": [
            26, 
            18
        ], 
        "minimum_number_of_credit_hours": 2, 
        "text_for_user": ""
    }
},
{
    "pk": 3, 
    "model": "majors.requirementblock", 
    "fields": {
        "display_name": "Additional Major Requirements", 
        "name": "PhyBS Additional Major Requirements", 
        "AND_or_OR_Requirement": 1, 
        "list_order": 4, 
        "courselist": [
            27, 
            28, 
            29, 
            30, 
            31, 
            1, 
            2, 
            3, 
            5, 
            4
        ], 
        "minimum_number_of_credit_hours": 35, 
        "text_for_user": "COS104 may be taken in place of ENP104+ENP105"
    }
},
{
    "pk": 4, 
    "model": "majors.requirementblock", 
    "fields": {
        "display_name": "Technical Electives", 
        "name": "PhyBS Technical Electives", 
        "AND_or_OR_Requirement": 2, 
        "list_order": 3, 
        "courselist": [
            38, 
            36, 
            39, 
            42, 
            37, 
            40, 
            41, 
            6, 
            34, 
            35
        ], 
        "minimum_number_of_credit_hours": 11, 
        "text_for_user": ""
    }
},
{
    "pk": 5, 
    "model": "majors.requirementblock", 
    "fields": {
        "display_name": "Sci & Rel/Nat Sci Seminar", 
        "name": "PhyBS Sci & Rel/Nat Sci Sem", 
        "AND_or_OR_Requirement": 2, 
        "list_order": 5, 
        "courselist": [
            32, 
            33
        ], 
        "minimum_number_of_credit_hours": 1, 
        "text_for_user": ""
    }
},
{
    "pk": 6, 
    "model": "majors.requirementblock", 
    "fields": {
        "display_name": "Orientation & Spiritual Foundation", 
        "name": "GenEd Orientation & Spiritual Foundation", 
        "AND_or_OR_Requirement": 1, 
        "list_order": 10, 
        "courselist": [
            22, 
            23, 
            43, 
            44, 
            45, 
            25, 
            24
        ], 
        "minimum_number_of_credit_hours": 17, 
        "text_for_user": ""
    }
},
{
    "pk": 7, 
    "model": "majors.requirementblock", 
    "fields": {
        "display_name": "Stewardship of the Body", 
        "name": "GenEd Stewardship of the Body", 
        "AND_or_OR_Requirement": 1, 
        "list_order": 12, 
        "courselist": [
            46, 
            47
        ], 
        "minimum_number_of_credit_hours": 3, 
        "text_for_user": ""
    }
},
{
    "pk": 8, 
    "model": "majors.requirementblock", 
    "fields": {
        "display_name": "Fine Arts I", 
        "name": "GenEd Fine Arts I", 
        "AND_or_OR_Requirement": 2, 
        "list_order": 12, 
        "courselist": [
            48, 
            49
        ], 
        "minimum_number_of_credit_hours": 4, 
        "text_for_user": ""
    }
},
{
    "pk": 9, 
    "model": "majors.requirementblock", 
    "fields": {
        "display_name": "Fine Arts II", 
        "name": "GenEd Fine Arts II", 
        "AND_or_OR_Requirement": 2, 
        "list_order": 13, 
        "courselist": [
            50, 
            51, 
            52, 
            53
        ], 
        "minimum_number_of_credit_hours": 1, 
        "text_for_user": ""
    }
},
{
    "pk": 10, 
    "model": "majors.requirementblock", 
    "fields": {
        "display_name": "Speaking", 
        "name": "GenEd Speaking", 
        "AND_or_OR_Requirement": 2, 
        "list_order": 14, 
        "courselist": [
            54, 
            55
        ], 
        "minimum_number_of_credit_hours": 3, 
        "text_for_user": ""
    }
},
{
    "pk": 11, 
    "model": "majors.requirementblock", 
    "fields": {
        "display_name": "History", 
        "name": "GenEd History", 
        "AND_or_OR_Requirement": 2, 
        "list_order": 15, 
        "courselist": [
            57
        ], 
        "minimum_number_of_credit_hours": 3, 
        "text_for_user": ""
    }
},
{
    "pk": 12, 
    "model": "majors.requirementblock", 
    "fields": {
        "display_name": "Literature", 
        "name": "GenEd Literature", 
        "AND_or_OR_Requirement": 2, 
        "list_order": 16, 
        "courselist": [
            58, 
            59, 
            60
        ], 
        "minimum_number_of_credit_hours": 3, 
        "text_for_user": ""
    }
},
{
    "pk": 13, 
    "model": "majors.requirementblock", 
    "fields": {
        "display_name": "Life or Earth Science", 
        "name": "GenEd Life or Earth Science", 
        "AND_or_OR_Requirement": 2, 
        "list_order": 18, 
        "courselist": [
            61, 
            62, 
            63, 
            64
        ], 
        "minimum_number_of_credit_hours": 3, 
        "text_for_user": ""
    }
},
{
    "pk": 14, 
    "model": "majors.requirementblock", 
    "fields": {
        "display_name": "Social Science", 
        "name": "GenEd Social Science", 
        "AND_or_OR_Requirement": 2, 
        "list_order": 20, 
        "courselist": [
            65, 
            67, 
            66, 
            68
        ], 
        "minimum_number_of_credit_hours": 6, 
        "text_for_user": "2 courses; 2 diff depts; at least 1 civic engmnt"
    }
},
{
    "pk": 15, 
    "model": "majors.requirementblock", 
    "fields": {
        "display_name": "Writing", 
        "name": "GenEd Writing", 
        "AND_or_OR_Requirement": 1, 
        "list_order": 15, 
        "courselist": [
            56
        ], 
        "minimum_number_of_credit_hours": 3, 
        "text_for_user": ""
    }
},
{
    "pk": 16, 
    "model": "majors.requirementblock", 
    "fields": {
        "display_name": "Core Requirements", 
        "name": "COSBs Core Requirements", 
        "AND_or_OR_Requirement": 1, 
        "list_order": 1, 
        "courselist": [
            29, 
            69, 
            70, 
            71, 
            72, 
            73, 
            74, 
            75, 
            76, 
            77, 
            78, 
            79, 
            80, 
            81, 
            1, 
            82, 
            83
        ], 
        "minimum_number_of_credit_hours": 49, 
        "text_for_user": ""
    }
},
{
    "pk": 17, 
    "model": "majors.requirementblock", 
    "fields": {
        "display_name": "Statistics", 
        "name": "COSBs Statistics", 
        "AND_or_OR_Requirement": 2, 
        "list_order": 2, 
        "courselist": [
            84, 
            34
        ], 
        "minimum_number_of_credit_hours": 4, 
        "text_for_user": "Choose one course."
    }
},
{
    "pk": 18, 
    "model": "majors.requirementblock", 
    "fields": {
        "display_name": "Technical Electives", 
        "name": "COSBs Technical Electives", 
        "AND_or_OR_Requirement": 2, 
        "list_order": 3, 
        "courselist": [
            85, 
            86, 
            87
        ], 
        "minimum_number_of_credit_hours": 6, 
        "text_for_user": "Choose two courses."
    }
},
{
    "pk": 19, 
    "model": "majors.requirementblock", 
    "fields": {
        "display_name": "Scientific Computing Requirements", 
        "name": "COSBs Scientific Computing Track", 
        "AND_or_OR_Requirement": 1, 
        "list_order": 4, 
        "courselist": [
            2, 
            3, 
            5, 
            4, 
            6
        ], 
        "minimum_number_of_credit_hours": 19, 
        "text_for_user": ""
    }
},
{
    "pk": 20, 
    "model": "majors.requirementblock", 
    "fields": {
        "display_name": "Technical Electives II", 
        "name": "COSBs SC Technical Electives II", 
        "AND_or_OR_Requirement": 2, 
        "list_order": 8, 
        "courselist": [
            88
        ], 
        "minimum_number_of_credit_hours": 8, 
        "text_for_user": ""
    }
},
{
    "pk": 21, 
    "model": "majors.requirementblock", 
    "fields": {
        "display_name": "Technical Electives II", 
        "name": "COSBs SC Technical Electives II", 
        "AND_or_OR_Requirement": 2, 
        "list_order": 8, 
        "courselist": [
            89, 
            88, 
            90, 
            91
        ], 
        "minimum_number_of_credit_hours": 8, 
        "text_for_user": ""
    }
},
{
    "pk": 22, 
    "model": "majors.requirementblock", 
    "fields": {
        "display_name": "Computer Science", 
        "name": "GenEd CompSci", 
        "AND_or_OR_Requirement": 1, 
        "list_order": 15, 
        "courselist": [
            92
        ], 
        "minimum_number_of_credit_hours": 2, 
        "text_for_user": ""
    }
},
{
    "pk": 23, 
    "model": "majors.requirementblock", 
    "fields": {
        "display_name": "Science", 
        "name": "GenEd Science", 
        "AND_or_OR_Requirement": 2, 
        "list_order": 16, 
        "courselist": [
            61, 
            62, 
            63, 
            64, 
            7
        ], 
        "minimum_number_of_credit_hours": 6, 
        "text_for_user": "Choose 2 courses from 2 areas."
    }
},
{
    "pk": 1, 
    "model": "majors.major", 
    "fields": {
        "major_requirements": [
            8, 
            9, 
            11, 
            13, 
            12, 
            6, 
            14, 
            10, 
            7, 
            15, 
            3, 
            1, 
            2, 
            5, 
            4
        ], 
        "name": "Physics BS"
    }
},
{
    "pk": 2, 
    "model": "majors.major", 
    "fields": {
        "major_requirements": [
            16, 
            20, 
            21, 
            19, 
            17, 
            18, 
            22, 
            8, 
            9, 
            11, 
            12, 
            6, 
            23, 
            14, 
            10, 
            7, 
            15
        ], 
        "name": "Computer Science BS -- Scientific Computing Track"
    }
},
{
    "pk": 1, 
    "model": "majors.studentsemestercourses", 
    "fields": {
        "courses": [], 
        "semester": 0, 
        "student": 2, 
        "year": 0
    }
},
{
    "pk": 2, 
    "model": "majors.studentsemestercourses", 
    "fields": {
        "courses": [
            54, 
            27, 
            1
        ], 
        "semester": 1, 
        "student": 2, 
        "year": 1
    }
},
{
    "pk": 3, 
    "model": "majors.studentsemestercourses", 
    "fields": {
        "courses": [], 
        "semester": 2, 
        "student": 2, 
        "year": 1
    }
},
{
    "pk": 4, 
    "model": "majors.studentsemestercourses", 
    "fields": {
        "courses": [
            23, 
            61, 
            54, 
            8
        ], 
        "semester": 3, 
        "student": 2, 
        "year": 1
    }
},
{
    "pk": 5, 
    "model": "majors.studentsemestercourses", 
    "fields": {
        "courses": [], 
        "semester": 4, 
        "student": 2, 
        "year": 1
    }
},
{
    "pk": 6, 
    "model": "majors.studentsemestercourses", 
    "fields": {
        "courses": [
            9
        ], 
        "semester": 1, 
        "student": 2, 
        "year": 2
    }
},
{
    "pk": 7, 
    "model": "majors.studentsemestercourses", 
    "fields": {
        "courses": [], 
        "semester": 2, 
        "student": 2, 
        "year": 2
    }
},
{
    "pk": 8, 
    "model": "majors.studentsemestercourses", 
    "fields": {
        "courses": [
            29, 
            38, 
            4
        ], 
        "semester": 3, 
        "student": 2, 
        "year": 2
    }
},
{
    "pk": 9, 
    "model": "majors.studentsemestercourses", 
    "fields": {
        "courses": [], 
        "semester": 4, 
        "student": 2, 
        "year": 2
    }
},
{
    "pk": 10, 
    "model": "majors.studentsemestercourses", 
    "fields": {
        "courses": [
            62, 
            54, 
            85, 
            11, 
            14
        ], 
        "semester": 1, 
        "student": 2, 
        "year": 3
    }
},
{
    "pk": 11, 
    "model": "majors.studentsemestercourses", 
    "fields": {
        "courses": [
            22
        ], 
        "semester": 2, 
        "student": 2, 
        "year": 3
    }
},
{
    "pk": 12, 
    "model": "majors.studentsemestercourses", 
    "fields": {
        "courses": [
            28, 
            86, 
            63, 
            13, 
            19
        ], 
        "semester": 3, 
        "student": 2, 
        "year": 3
    }
},
{
    "pk": 13, 
    "model": "majors.studentsemestercourses", 
    "fields": {
        "courses": [
            26
        ], 
        "semester": 4, 
        "student": 2, 
        "year": 3
    }
},
{
    "pk": 14, 
    "model": "majors.studentsemestercourses", 
    "fields": {
        "courses": [
            15, 
            20, 
            12
        ], 
        "semester": 1, 
        "student": 2, 
        "year": 4
    }
},
{
    "pk": 15, 
    "model": "majors.studentsemestercourses", 
    "fields": {
        "courses": [
            21
        ], 
        "semester": 2, 
        "student": 2, 
        "year": 4
    }
},
{
    "pk": 16, 
    "model": "majors.studentsemestercourses", 
    "fields": {
        "courses": [
            60, 
            57, 
            45, 
            25, 
            16
        ], 
        "semester": 3, 
        "student": 2, 
        "year": 4
    }
},
{
    "pk": 17, 
    "model": "majors.studentsemestercourses", 
    "fields": {
        "courses": [], 
        "semester": 4, 
        "student": 2, 
        "year": 4
    }
},
{
    "pk": 18, 
    "model": "majors.studentsemestercourses", 
    "fields": {
        "courses": [], 
        "semester": 1, 
        "student": 2, 
        "year": 5
    }
},
{
    "pk": 19, 
    "model": "majors.studentsemestercourses", 
    "fields": {
        "courses": [], 
        "semester": 2, 
        "student": 2, 
        "year": 5
    }
},
{
    "pk": 20, 
    "model": "majors.studentsemestercourses", 
    "fields": {
        "courses": [], 
        "semester": 3, 
        "student": 2, 
        "year": 5
    }
},
{
    "pk": 21, 
    "model": "majors.studentsemestercourses", 
    "fields": {
        "courses": [], 
        "semester": 4, 
        "student": 2, 
        "year": 5
    }
},
{
    "pk": 64, 
    "model": "majors.studentsemestercourses", 
    "fields": {
        "courses": [], 
        "semester": 0, 
        "student": 5, 
        "year": 0
    }
},
{
    "pk": 65, 
    "model": "majors.studentsemestercourses", 
    "fields": {
        "courses": [
            43, 
            44, 
            1, 
            7
        ], 
        "semester": 1, 
        "student": 5, 
        "year": 1
    }
},
{
    "pk": 66, 
    "model": "majors.studentsemestercourses", 
    "fields": {
        "courses": [
            30, 
            31
        ], 
        "semester": 2, 
        "student": 5, 
        "year": 1
    }
},
{
    "pk": 67, 
    "model": "majors.studentsemestercourses", 
    "fields": {
        "courses": [
            29, 
            2, 
            8
        ], 
        "semester": 3, 
        "student": 5, 
        "year": 1
    }
},
{
    "pk": 68, 
    "model": "majors.studentsemestercourses", 
    "fields": {
        "courses": [], 
        "semester": 4, 
        "student": 5, 
        "year": 1
    }
},
{
    "pk": 69, 
    "model": "majors.studentsemestercourses", 
    "fields": {
        "courses": [
            3, 
            9
        ], 
        "semester": 1, 
        "student": 5, 
        "year": 2
    }
},
{
    "pk": 70, 
    "model": "majors.studentsemestercourses", 
    "fields": {
        "courses": [], 
        "semester": 2, 
        "student": 5, 
        "year": 2
    }
},
{
    "pk": 71, 
    "model": "majors.studentsemestercourses", 
    "fields": {
        "courses": [
            4, 
            13, 
            17
        ], 
        "semester": 3, 
        "student": 5, 
        "year": 2
    }
},
{
    "pk": 72, 
    "model": "majors.studentsemestercourses", 
    "fields": {
        "courses": [], 
        "semester": 4, 
        "student": 5, 
        "year": 2
    }
},
{
    "pk": 73, 
    "model": "majors.studentsemestercourses", 
    "fields": {
        "courses": [
            11, 
            14
        ], 
        "semester": 1, 
        "student": 5, 
        "year": 3
    }
},
{
    "pk": 74, 
    "model": "majors.studentsemestercourses", 
    "fields": {
        "courses": [], 
        "semester": 2, 
        "student": 5, 
        "year": 3
    }
},
{
    "pk": 75, 
    "model": "majors.studentsemestercourses", 
    "fields": {
        "courses": [
            19
        ], 
        "semester": 3, 
        "student": 5, 
        "year": 3
    }
},
{
    "pk": 76, 
    "model": "majors.studentsemestercourses", 
    "fields": {
        "courses": [
            26
        ], 
        "semester": 4, 
        "student": 5, 
        "year": 3
    }
},
{
    "pk": 77, 
    "model": "majors.studentsemestercourses", 
    "fields": {
        "courses": [
            15, 
            20, 
            12
        ], 
        "semester": 1, 
        "student": 5, 
        "year": 4
    }
},
{
    "pk": 78, 
    "model": "majors.studentsemestercourses", 
    "fields": {
        "courses": [
            21
        ], 
        "semester": 2, 
        "student": 5, 
        "year": 4
    }
},
{
    "pk": 79, 
    "model": "majors.studentsemestercourses", 
    "fields": {
        "courses": [
            5, 
            16
        ], 
        "semester": 3, 
        "student": 5, 
        "year": 4
    }
},
{
    "pk": 80, 
    "model": "majors.studentsemestercourses", 
    "fields": {
        "courses": [], 
        "semester": 4, 
        "student": 5, 
        "year": 4
    }
},
{
    "pk": 81, 
    "model": "majors.studentsemestercourses", 
    "fields": {
        "courses": [], 
        "semester": 1, 
        "student": 5, 
        "year": 5
    }
},
{
    "pk": 82, 
    "model": "majors.studentsemestercourses", 
    "fields": {
        "courses": [], 
        "semester": 2, 
        "student": 5, 
        "year": 5
    }
},
{
    "pk": 83, 
    "model": "majors.studentsemestercourses", 
    "fields": {
        "courses": [], 
        "semester": 3, 
        "student": 5, 
        "year": 5
    }
},
{
    "pk": 84, 
    "model": "majors.studentsemestercourses", 
    "fields": {
        "courses": [], 
        "semester": 4, 
        "student": 5, 
        "year": 5
    }
},
{
    "pk": 85, 
    "model": "majors.studentsemestercourses", 
    "fields": {
        "courses": [], 
        "semester": 0, 
        "student": 7, 
        "year": 0
    }
},
{
    "pk": 86, 
    "model": "majors.studentsemestercourses", 
    "fields": {
        "courses": [
            7
        ], 
        "semester": 1, 
        "student": 7, 
        "year": 1
    }
},
{
    "pk": 87, 
    "model": "majors.studentsemestercourses", 
    "fields": {
        "courses": [], 
        "semester": 2, 
        "student": 7, 
        "year": 1
    }
},
{
    "pk": 88, 
    "model": "majors.studentsemestercourses", 
    "fields": {
        "courses": [], 
        "semester": 3, 
        "student": 7, 
        "year": 1
    }
},
{
    "pk": 89, 
    "model": "majors.studentsemestercourses", 
    "fields": {
        "courses": [], 
        "semester": 4, 
        "student": 7, 
        "year": 1
    }
},
{
    "pk": 90, 
    "model": "majors.studentsemestercourses", 
    "fields": {
        "courses": [], 
        "semester": 1, 
        "student": 7, 
        "year": 2
    }
},
{
    "pk": 91, 
    "model": "majors.studentsemestercourses", 
    "fields": {
        "courses": [], 
        "semester": 2, 
        "student": 7, 
        "year": 2
    }
},
{
    "pk": 92, 
    "model": "majors.studentsemestercourses", 
    "fields": {
        "courses": [
            8
        ], 
        "semester": 3, 
        "student": 7, 
        "year": 2
    }
},
{
    "pk": 93, 
    "model": "majors.studentsemestercourses", 
    "fields": {
        "courses": [], 
        "semester": 4, 
        "student": 7, 
        "year": 2
    }
},
{
    "pk": 94, 
    "model": "majors.studentsemestercourses", 
    "fields": {
        "courses": [], 
        "semester": 1, 
        "student": 7, 
        "year": 3
    }
},
{
    "pk": 95, 
    "model": "majors.studentsemestercourses", 
    "fields": {
        "courses": [], 
        "semester": 2, 
        "student": 7, 
        "year": 3
    }
},
{
    "pk": 96, 
    "model": "majors.studentsemestercourses", 
    "fields": {
        "courses": [], 
        "semester": 3, 
        "student": 7, 
        "year": 3
    }
},
{
    "pk": 97, 
    "model": "majors.studentsemestercourses", 
    "fields": {
        "courses": [], 
        "semester": 4, 
        "student": 7, 
        "year": 3
    }
},
{
    "pk": 98, 
    "model": "majors.studentsemestercourses", 
    "fields": {
        "courses": [], 
        "semester": 1, 
        "student": 7, 
        "year": 4
    }
},
{
    "pk": 99, 
    "model": "majors.studentsemestercourses", 
    "fields": {
        "courses": [], 
        "semester": 2, 
        "student": 7, 
        "year": 4
    }
},
{
    "pk": 100, 
    "model": "majors.studentsemestercourses", 
    "fields": {
        "courses": [], 
        "semester": 3, 
        "student": 7, 
        "year": 4
    }
},
{
    "pk": 101, 
    "model": "majors.studentsemestercourses", 
    "fields": {
        "courses": [], 
        "semester": 4, 
        "student": 7, 
        "year": 4
    }
},
{
    "pk": 102, 
    "model": "majors.studentsemestercourses", 
    "fields": {
        "courses": [], 
        "semester": 1, 
        "student": 7, 
        "year": 5
    }
},
{
    "pk": 103, 
    "model": "majors.studentsemestercourses", 
    "fields": {
        "courses": [], 
        "semester": 2, 
        "student": 7, 
        "year": 5
    }
},
{
    "pk": 104, 
    "model": "majors.studentsemestercourses", 
    "fields": {
        "courses": [], 
        "semester": 3, 
        "student": 7, 
        "year": 5
    }
},
{
    "pk": 105, 
    "model": "majors.studentsemestercourses", 
    "fields": {
        "courses": [], 
        "semester": 4, 
        "student": 7, 
        "year": 5
    }
},
{
    "pk": 106, 
    "model": "majors.studentsemestercourses", 
    "fields": {
        "courses": [], 
        "semester": 0, 
        "student": 8, 
        "year": 0
    }
},
{
    "pk": 107, 
    "model": "majors.studentsemestercourses", 
    "fields": {
        "courses": [
            44, 
            1, 
            7
        ], 
        "semester": 1, 
        "student": 8, 
        "year": 1
    }
},
{
    "pk": 108, 
    "model": "majors.studentsemestercourses", 
    "fields": {
        "courses": [
            30, 
            31
        ], 
        "semester": 2, 
        "student": 8, 
        "year": 1
    }
},
{
    "pk": 109, 
    "model": "majors.studentsemestercourses", 
    "fields": {
        "courses": [
            29, 
            38, 
            2, 
            8
        ], 
        "semester": 3, 
        "student": 8, 
        "year": 1
    }
},
{
    "pk": 110, 
    "model": "majors.studentsemestercourses", 
    "fields": {
        "courses": [], 
        "semester": 4, 
        "student": 8, 
        "year": 1
    }
},
{
    "pk": 111, 
    "model": "majors.studentsemestercourses", 
    "fields": {
        "courses": [
            54, 
            3, 
            33, 
            9
        ], 
        "semester": 1, 
        "student": 8, 
        "year": 2
    }
},
{
    "pk": 112, 
    "model": "majors.studentsemestercourses", 
    "fields": {
        "courses": [], 
        "semester": 2, 
        "student": 8, 
        "year": 2
    }
},
{
    "pk": 113, 
    "model": "majors.studentsemestercourses", 
    "fields": {
        "courses": [
            4, 
            13, 
            17
        ], 
        "semester": 3, 
        "student": 8, 
        "year": 2
    }
},
{
    "pk": 114, 
    "model": "majors.studentsemestercourses", 
    "fields": {
        "courses": [], 
        "semester": 4, 
        "student": 8, 
        "year": 2
    }
},
{
    "pk": 115, 
    "model": "majors.studentsemestercourses", 
    "fields": {
        "courses": [
            10, 
            11, 
            14
        ], 
        "semester": 1, 
        "student": 8, 
        "year": 3
    }
},
{
    "pk": 116, 
    "model": "majors.studentsemestercourses", 
    "fields": {
        "courses": [], 
        "semester": 2, 
        "student": 8, 
        "year": 3
    }
},
{
    "pk": 117, 
    "model": "majors.studentsemestercourses", 
    "fields": {
        "courses": [
            19
        ], 
        "semester": 3, 
        "student": 8, 
        "year": 3
    }
},
{
    "pk": 118, 
    "model": "majors.studentsemestercourses", 
    "fields": {
        "courses": [
            26
        ], 
        "semester": 4, 
        "student": 8, 
        "year": 3
    }
},
{
    "pk": 119, 
    "model": "majors.studentsemestercourses", 
    "fields": {
        "courses": [
            27, 
            15, 
            20, 
            12
        ], 
        "semester": 1, 
        "student": 8, 
        "year": 4
    }
},
{
    "pk": 120, 
    "model": "majors.studentsemestercourses", 
    "fields": {
        "courses": [
            21
        ], 
        "semester": 2, 
        "student": 8, 
        "year": 4
    }
},
{
    "pk": 121, 
    "model": "majors.studentsemestercourses", 
    "fields": {
        "courses": [
            5, 
            16
        ], 
        "semester": 3, 
        "student": 8, 
        "year": 4
    }
},
{
    "pk": 122, 
    "model": "majors.studentsemestercourses", 
    "fields": {
        "courses": [], 
        "semester": 4, 
        "student": 8, 
        "year": 4
    }
},
{
    "pk": 123, 
    "model": "majors.studentsemestercourses", 
    "fields": {
        "courses": [], 
        "semester": 1, 
        "student": 8, 
        "year": 5
    }
},
{
    "pk": 124, 
    "model": "majors.studentsemestercourses", 
    "fields": {
        "courses": [], 
        "semester": 2, 
        "student": 8, 
        "year": 5
    }
},
{
    "pk": 125, 
    "model": "majors.studentsemestercourses", 
    "fields": {
        "courses": [], 
        "semester": 3, 
        "student": 8, 
        "year": 5
    }
},
{
    "pk": 126, 
    "model": "majors.studentsemestercourses", 
    "fields": {
        "courses": [], 
        "semester": 4, 
        "student": 8, 
        "year": 5
    }
},
{
    "pk": 127, 
    "model": "majors.studentsemestercourses", 
    "fields": {
        "courses": [], 
        "semester": 0, 
        "student": 9, 
        "year": 0
    }
},
{
    "pk": 128, 
    "model": "majors.studentsemestercourses", 
    "fields": {
        "courses": [
            29, 
            44, 
            1, 
            7, 
            11
        ], 
        "semester": 1, 
        "student": 9, 
        "year": 1
    }
},
{
    "pk": 129, 
    "model": "majors.studentsemestercourses", 
    "fields": {
        "courses": [
            30, 
            31
        ], 
        "semester": 2, 
        "student": 9, 
        "year": 1
    }
},
{
    "pk": 130, 
    "model": "majors.studentsemestercourses", 
    "fields": {
        "courses": [
            2, 
            8
        ], 
        "semester": 3, 
        "student": 9, 
        "year": 1
    }
},
{
    "pk": 131, 
    "model": "majors.studentsemestercourses", 
    "fields": {
        "courses": [], 
        "semester": 4, 
        "student": 9, 
        "year": 1
    }
},
{
    "pk": 132, 
    "model": "majors.studentsemestercourses", 
    "fields": {
        "courses": [
            37, 
            93, 
            3, 
            9
        ], 
        "semester": 1, 
        "student": 9, 
        "year": 2
    }
},
{
    "pk": 133, 
    "model": "majors.studentsemestercourses", 
    "fields": {
        "courses": [
            94
        ], 
        "semester": 2, 
        "student": 9, 
        "year": 2
    }
},
{
    "pk": 134, 
    "model": "majors.studentsemestercourses", 
    "fields": {
        "courses": [
            38, 
            4, 
            13, 
            17
        ], 
        "semester": 3, 
        "student": 9, 
        "year": 2
    }
},
{
    "pk": 135, 
    "model": "majors.studentsemestercourses", 
    "fields": {
        "courses": [], 
        "semester": 4, 
        "student": 9, 
        "year": 2
    }
},
{
    "pk": 136, 
    "model": "majors.studentsemestercourses", 
    "fields": {
        "courses": [
            27, 
            6, 
            14
        ], 
        "semester": 1, 
        "student": 9, 
        "year": 3
    }
},
{
    "pk": 137, 
    "model": "majors.studentsemestercourses", 
    "fields": {
        "courses": [], 
        "semester": 2, 
        "student": 9, 
        "year": 3
    }
},
{
    "pk": 138, 
    "model": "majors.studentsemestercourses", 
    "fields": {
        "courses": [
            28, 
            19
        ], 
        "semester": 3, 
        "student": 9, 
        "year": 3
    }
},
{
    "pk": 139, 
    "model": "majors.studentsemestercourses", 
    "fields": {
        "courses": [
            26
        ], 
        "semester": 4, 
        "student": 9, 
        "year": 3
    }
},
{
    "pk": 140, 
    "model": "majors.studentsemestercourses", 
    "fields": {
        "courses": [
            15, 
            20, 
            12
        ], 
        "semester": 1, 
        "student": 9, 
        "year": 4
    }
},
{
    "pk": 141, 
    "model": "majors.studentsemestercourses", 
    "fields": {
        "courses": [
            21
        ], 
        "semester": 2, 
        "student": 9, 
        "year": 4
    }
},
{
    "pk": 142, 
    "model": "majors.studentsemestercourses", 
    "fields": {
        "courses": [
            5, 
            16, 
            10
        ], 
        "semester": 3, 
        "student": 9, 
        "year": 4
    }
},
{
    "pk": 143, 
    "model": "majors.studentsemestercourses", 
    "fields": {
        "courses": [], 
        "semester": 4, 
        "student": 9, 
        "year": 4
    }
},
{
    "pk": 144, 
    "model": "majors.studentsemestercourses", 
    "fields": {
        "courses": [], 
        "semester": 1, 
        "student": 9, 
        "year": 5
    }
},
{
    "pk": 145, 
    "model": "majors.studentsemestercourses", 
    "fields": {
        "courses": [], 
        "semester": 2, 
        "student": 9, 
        "year": 5
    }
},
{
    "pk": 146, 
    "model": "majors.studentsemestercourses", 
    "fields": {
        "courses": [], 
        "semester": 3, 
        "student": 9, 
        "year": 5
    }
},
{
    "pk": 147, 
    "model": "majors.studentsemestercourses", 
    "fields": {
        "courses": [], 
        "semester": 4, 
        "student": 9, 
        "year": 5
    }
},
{
    "pk": 148, 
    "model": "majors.studentsemestercourses", 
    "fields": {
        "courses": [], 
        "semester": 0, 
        "student": 10, 
        "year": 0
    }
},
{
    "pk": 149, 
    "model": "majors.studentsemestercourses", 
    "fields": {
        "courses": [
            43, 
            44, 
            7
        ], 
        "semester": 1, 
        "student": 10, 
        "year": 1
    }
},
{
    "pk": 150, 
    "model": "majors.studentsemestercourses", 
    "fields": {
        "courses": [
            30, 
            31
        ], 
        "semester": 2, 
        "student": 10, 
        "year": 1
    }
},
{
    "pk": 151, 
    "model": "majors.studentsemestercourses", 
    "fields": {
        "courses": [
            29, 
            2, 
            8
        ], 
        "semester": 3, 
        "student": 10, 
        "year": 1
    }
},
{
    "pk": 152, 
    "model": "majors.studentsemestercourses", 
    "fields": {
        "courses": [], 
        "semester": 4, 
        "student": 10, 
        "year": 1
    }
},
{
    "pk": 153, 
    "model": "majors.studentsemestercourses", 
    "fields": {
        "courses": [
            36, 
            3, 
            9
        ], 
        "semester": 1, 
        "student": 10, 
        "year": 2
    }
},
{
    "pk": 154, 
    "model": "majors.studentsemestercourses", 
    "fields": {
        "courses": [], 
        "semester": 2, 
        "student": 10, 
        "year": 2
    }
},
{
    "pk": 155, 
    "model": "majors.studentsemestercourses", 
    "fields": {
        "courses": [
            38, 
            4, 
            13
        ], 
        "semester": 3, 
        "student": 10, 
        "year": 2
    }
},
{
    "pk": 156, 
    "model": "majors.studentsemestercourses", 
    "fields": {
        "courses": [], 
        "semester": 4, 
        "student": 10, 
        "year": 2
    }
},
{
    "pk": 157, 
    "model": "majors.studentsemestercourses", 
    "fields": {
        "courses": [
            37, 
            1, 
            11, 
            14
        ], 
        "semester": 1, 
        "student": 10, 
        "year": 3
    }
},
{
    "pk": 158, 
    "model": "majors.studentsemestercourses", 
    "fields": {
        "courses": [], 
        "semester": 2, 
        "student": 10, 
        "year": 3
    }
},
{
    "pk": 159, 
    "model": "majors.studentsemestercourses", 
    "fields": {
        "courses": [
            19
        ], 
        "semester": 3, 
        "student": 10, 
        "year": 3
    }
},
{
    "pk": 160, 
    "model": "majors.studentsemestercourses", 
    "fields": {
        "courses": [
            26
        ], 
        "semester": 4, 
        "student": 10, 
        "year": 3
    }
},
{
    "pk": 161, 
    "model": "majors.studentsemestercourses", 
    "fields": {
        "courses": [
            15, 
            20, 
            12
        ], 
        "semester": 1, 
        "student": 10, 
        "year": 4
    }
},
{
    "pk": 162, 
    "model": "majors.studentsemestercourses", 
    "fields": {
        "courses": [
            21
        ], 
        "semester": 2, 
        "student": 10, 
        "year": 4
    }
},
{
    "pk": 163, 
    "model": "majors.studentsemestercourses", 
    "fields": {
        "courses": [
            5, 
            16, 
            17
        ], 
        "semester": 3, 
        "student": 10, 
        "year": 4
    }
},
{
    "pk": 164, 
    "model": "majors.studentsemestercourses", 
    "fields": {
        "courses": [], 
        "semester": 4, 
        "student": 10, 
        "year": 4
    }
},
{
    "pk": 165, 
    "model": "majors.studentsemestercourses", 
    "fields": {
        "courses": [], 
        "semester": 1, 
        "student": 10, 
        "year": 5
    }
},
{
    "pk": 166, 
    "model": "majors.studentsemestercourses", 
    "fields": {
        "courses": [], 
        "semester": 2, 
        "student": 10, 
        "year": 5
    }
},
{
    "pk": 167, 
    "model": "majors.studentsemestercourses", 
    "fields": {
        "courses": [], 
        "semester": 3, 
        "student": 10, 
        "year": 5
    }
},
{
    "pk": 168, 
    "model": "majors.studentsemestercourses", 
    "fields": {
        "courses": [], 
        "semester": 4, 
        "student": 10, 
        "year": 5
    }
},
{
    "pk": 169, 
    "model": "majors.studentsemestercourses", 
    "fields": {
        "courses": [], 
        "semester": 0, 
        "student": 11, 
        "year": 0
    }
},
{
    "pk": 170, 
    "model": "majors.studentsemestercourses", 
    "fields": {
        "courses": [
            22, 
            43, 
            44, 
            1, 
            7
        ], 
        "semester": 1, 
        "student": 11, 
        "year": 1
    }
},
{
    "pk": 171, 
    "model": "majors.studentsemestercourses", 
    "fields": {
        "courses": [
            30, 
            31
        ], 
        "semester": 2, 
        "student": 11, 
        "year": 1
    }
},
{
    "pk": 172, 
    "model": "majors.studentsemestercourses", 
    "fields": {
        "courses": [
            29, 
            2, 
            46, 
            8
        ], 
        "semester": 3, 
        "student": 11, 
        "year": 1
    }
},
{
    "pk": 173, 
    "model": "majors.studentsemestercourses", 
    "fields": {
        "courses": [], 
        "semester": 4, 
        "student": 11, 
        "year": 1
    }
},
{
    "pk": 174, 
    "model": "majors.studentsemestercourses", 
    "fields": {
        "courses": [
            23, 
            37, 
            3
        ], 
        "semester": 1, 
        "student": 11, 
        "year": 2
    }
},
{
    "pk": 175, 
    "model": "majors.studentsemestercourses", 
    "fields": {
        "courses": [], 
        "semester": 2, 
        "student": 11, 
        "year": 2
    }
},
{
    "pk": 176, 
    "model": "majors.studentsemestercourses", 
    "fields": {
        "courses": [
            4, 
            13, 
            17
        ], 
        "semester": 3, 
        "student": 11, 
        "year": 2
    }
},
{
    "pk": 177, 
    "model": "majors.studentsemestercourses", 
    "fields": {
        "courses": [], 
        "semester": 4, 
        "student": 11, 
        "year": 2
    }
},
{
    "pk": 178, 
    "model": "majors.studentsemestercourses", 
    "fields": {
        "courses": [
            6, 
            25, 
            10, 
            11, 
            14
        ], 
        "semester": 1, 
        "student": 11, 
        "year": 3
    }
},
{
    "pk": 179, 
    "model": "majors.studentsemestercourses", 
    "fields": {
        "courses": [], 
        "semester": 2, 
        "student": 11, 
        "year": 3
    }
},
{
    "pk": 180, 
    "model": "majors.studentsemestercourses", 
    "fields": {
        "courses": [
            38, 
            19
        ], 
        "semester": 3, 
        "student": 11, 
        "year": 3
    }
},
{
    "pk": 181, 
    "model": "majors.studentsemestercourses", 
    "fields": {
        "courses": [
            26
        ], 
        "semester": 4, 
        "student": 11, 
        "year": 3
    }
},
{
    "pk": 182, 
    "model": "majors.studentsemestercourses", 
    "fields": {
        "courses": [
            27, 
            36, 
            15, 
            20, 
            12
        ], 
        "semester": 1, 
        "student": 11, 
        "year": 4
    }
},
{
    "pk": 183, 
    "model": "majors.studentsemestercourses", 
    "fields": {
        "courses": [
            21
        ], 
        "semester": 2, 
        "student": 11, 
        "year": 4
    }
},
{
    "pk": 184, 
    "model": "majors.studentsemestercourses", 
    "fields": {
        "courses": [
            28, 
            5, 
            16, 
            24
        ], 
        "semester": 3, 
        "student": 11, 
        "year": 4
    }
},
{
    "pk": 185, 
    "model": "majors.studentsemestercourses", 
    "fields": {
        "courses": [], 
        "semester": 4, 
        "student": 11, 
        "year": 4
    }
},
{
    "pk": 186, 
    "model": "majors.studentsemestercourses", 
    "fields": {
        "courses": [], 
        "semester": 1, 
        "student": 11, 
        "year": 5
    }
},
{
    "pk": 187, 
    "model": "majors.studentsemestercourses", 
    "fields": {
        "courses": [], 
        "semester": 2, 
        "student": 11, 
        "year": 5
    }
},
{
    "pk": 188, 
    "model": "majors.studentsemestercourses", 
    "fields": {
        "courses": [], 
        "semester": 3, 
        "student": 11, 
        "year": 5
    }
},
{
    "pk": 189, 
    "model": "majors.studentsemestercourses", 
    "fields": {
        "courses": [], 
        "semester": 4, 
        "student": 11, 
        "year": 5
    }
},
{
    "pk": 190, 
    "model": "majors.studentsemestercourses", 
    "fields": {
        "courses": [], 
        "semester": 0, 
        "student": 12, 
        "year": 0
    }
},
{
    "pk": 191, 
    "model": "majors.studentsemestercourses", 
    "fields": {
        "courses": [], 
        "semester": 1, 
        "student": 12, 
        "year": 1
    }
},
{
    "pk": 192, 
    "model": "majors.studentsemestercourses", 
    "fields": {
        "courses": [], 
        "semester": 2, 
        "student": 12, 
        "year": 1
    }
},
{
    "pk": 193, 
    "model": "majors.studentsemestercourses", 
    "fields": {
        "courses": [], 
        "semester": 3, 
        "student": 12, 
        "year": 1
    }
},
{
    "pk": 194, 
    "model": "majors.studentsemestercourses", 
    "fields": {
        "courses": [], 
        "semester": 4, 
        "student": 12, 
        "year": 1
    }
},
{
    "pk": 195, 
    "model": "majors.studentsemestercourses", 
    "fields": {
        "courses": [], 
        "semester": 1, 
        "student": 12, 
        "year": 2
    }
},
{
    "pk": 196, 
    "model": "majors.studentsemestercourses", 
    "fields": {
        "courses": [], 
        "semester": 2, 
        "student": 12, 
        "year": 2
    }
},
{
    "pk": 197, 
    "model": "majors.studentsemestercourses", 
    "fields": {
        "courses": [], 
        "semester": 3, 
        "student": 12, 
        "year": 2
    }
},
{
    "pk": 198, 
    "model": "majors.studentsemestercourses", 
    "fields": {
        "courses": [], 
        "semester": 4, 
        "student": 12, 
        "year": 2
    }
},
{
    "pk": 199, 
    "model": "majors.studentsemestercourses", 
    "fields": {
        "courses": [], 
        "semester": 1, 
        "student": 12, 
        "year": 3
    }
},
{
    "pk": 200, 
    "model": "majors.studentsemestercourses", 
    "fields": {
        "courses": [], 
        "semester": 2, 
        "student": 12, 
        "year": 3
    }
},
{
    "pk": 201, 
    "model": "majors.studentsemestercourses", 
    "fields": {
        "courses": [], 
        "semester": 3, 
        "student": 12, 
        "year": 3
    }
},
{
    "pk": 202, 
    "model": "majors.studentsemestercourses", 
    "fields": {
        "courses": [], 
        "semester": 4, 
        "student": 12, 
        "year": 3
    }
},
{
    "pk": 203, 
    "model": "majors.studentsemestercourses", 
    "fields": {
        "courses": [], 
        "semester": 1, 
        "student": 12, 
        "year": 4
    }
},
{
    "pk": 204, 
    "model": "majors.studentsemestercourses", 
    "fields": {
        "courses": [], 
        "semester": 2, 
        "student": 12, 
        "year": 4
    }
},
{
    "pk": 205, 
    "model": "majors.studentsemestercourses", 
    "fields": {
        "courses": [], 
        "semester": 3, 
        "student": 12, 
        "year": 4
    }
},
{
    "pk": 206, 
    "model": "majors.studentsemestercourses", 
    "fields": {
        "courses": [], 
        "semester": 4, 
        "student": 12, 
        "year": 4
    }
},
{
    "pk": 207, 
    "model": "majors.studentsemestercourses", 
    "fields": {
        "courses": [], 
        "semester": 1, 
        "student": 12, 
        "year": 5
    }
},
{
    "pk": 208, 
    "model": "majors.studentsemestercourses", 
    "fields": {
        "courses": [], 
        "semester": 2, 
        "student": 12, 
        "year": 5
    }
},
{
    "pk": 209, 
    "model": "majors.studentsemestercourses", 
    "fields": {
        "courses": [], 
        "semester": 3, 
        "student": 12, 
        "year": 5
    }
},
{
    "pk": 210, 
    "model": "majors.studentsemestercourses", 
    "fields": {
        "courses": [], 
        "semester": 4, 
        "student": 12, 
        "year": 5
    }
},
{
    "pk": 211, 
    "model": "majors.studentsemestercourses", 
    "fields": {
        "courses": [], 
        "semester": 0, 
        "student": 13, 
        "year": 0
    }
},
{
    "pk": 212, 
    "model": "majors.studentsemestercourses", 
    "fields": {
        "courses": [
            43, 
            44, 
            7
        ], 
        "semester": 1, 
        "student": 13, 
        "year": 1
    }
},
{
    "pk": 213, 
    "model": "majors.studentsemestercourses", 
    "fields": {
        "courses": [
            30, 
            31
        ], 
        "semester": 2, 
        "student": 13, 
        "year": 1
    }
},
{
    "pk": 214, 
    "model": "majors.studentsemestercourses", 
    "fields": {
        "courses": [
            29, 
            2, 
            8
        ], 
        "semester": 3, 
        "student": 13, 
        "year": 1
    }
},
{
    "pk": 215, 
    "model": "majors.studentsemestercourses", 
    "fields": {
        "courses": [], 
        "semester": 4, 
        "student": 13, 
        "year": 1
    }
},
{
    "pk": 216, 
    "model": "majors.studentsemestercourses", 
    "fields": {
        "courses": [
            3, 
            9
        ], 
        "semester": 1, 
        "student": 13, 
        "year": 2
    }
},
{
    "pk": 217, 
    "model": "majors.studentsemestercourses", 
    "fields": {
        "courses": [], 
        "semester": 2, 
        "student": 13, 
        "year": 2
    }
},
{
    "pk": 218, 
    "model": "majors.studentsemestercourses", 
    "fields": {
        "courses": [
            4, 
            13, 
            17
        ], 
        "semester": 3, 
        "student": 13, 
        "year": 2
    }
},
{
    "pk": 219, 
    "model": "majors.studentsemestercourses", 
    "fields": {
        "courses": [], 
        "semester": 4, 
        "student": 13, 
        "year": 2
    }
},
{
    "pk": 220, 
    "model": "majors.studentsemestercourses", 
    "fields": {
        "courses": [
            11, 
            14
        ], 
        "semester": 1, 
        "student": 13, 
        "year": 3
    }
},
{
    "pk": 221, 
    "model": "majors.studentsemestercourses", 
    "fields": {
        "courses": [], 
        "semester": 2, 
        "student": 13, 
        "year": 3
    }
},
{
    "pk": 222, 
    "model": "majors.studentsemestercourses", 
    "fields": {
        "courses": [
            19
        ], 
        "semester": 3, 
        "student": 13, 
        "year": 3
    }
},
{
    "pk": 223, 
    "model": "majors.studentsemestercourses", 
    "fields": {
        "courses": [
            26
        ], 
        "semester": 4, 
        "student": 13, 
        "year": 3
    }
},
{
    "pk": 224, 
    "model": "majors.studentsemestercourses", 
    "fields": {
        "courses": [
            27, 
            15, 
            20, 
            12
        ], 
        "semester": 1, 
        "student": 13, 
        "year": 4
    }
},
{
    "pk": 225, 
    "model": "majors.studentsemestercourses", 
    "fields": {
        "courses": [
            21
        ], 
        "semester": 2, 
        "student": 13, 
        "year": 4
    }
},
{
    "pk": 226, 
    "model": "majors.studentsemestercourses", 
    "fields": {
        "courses": [
            28, 
            5, 
            16
        ], 
        "semester": 3, 
        "student": 13, 
        "year": 4
    }
},
{
    "pk": 227, 
    "model": "majors.studentsemestercourses", 
    "fields": {
        "courses": [], 
        "semester": 4, 
        "student": 13, 
        "year": 4
    }
},
{
    "pk": 228, 
    "model": "majors.studentsemestercourses", 
    "fields": {
        "courses": [], 
        "semester": 1, 
        "student": 13, 
        "year": 5
    }
},
{
    "pk": 229, 
    "model": "majors.studentsemestercourses", 
    "fields": {
        "courses": [], 
        "semester": 2, 
        "student": 13, 
        "year": 5
    }
},
{
    "pk": 230, 
    "model": "majors.studentsemestercourses", 
    "fields": {
        "courses": [], 
        "semester": 3, 
        "student": 13, 
        "year": 5
    }
},
{
    "pk": 231, 
    "model": "majors.studentsemestercourses", 
    "fields": {
        "courses": [], 
        "semester": 4, 
        "student": 13, 
        "year": 5
    }
},
{
    "pk": 232, 
    "model": "majors.studentsemestercourses", 
    "fields": {
        "courses": [], 
        "semester": 0, 
        "student": 14, 
        "year": 0
    }
},
{
    "pk": 233, 
    "model": "majors.studentsemestercourses", 
    "fields": {
        "courses": [
            23, 
            43, 
            44, 
            1, 
            7
        ], 
        "semester": 1, 
        "student": 14, 
        "year": 1
    }
},
{
    "pk": 234, 
    "model": "majors.studentsemestercourses", 
    "fields": {
        "courses": [
            30, 
            31
        ], 
        "semester": 2, 
        "student": 14, 
        "year": 1
    }
},
{
    "pk": 235, 
    "model": "majors.studentsemestercourses", 
    "fields": {
        "courses": [
            29, 
            2, 
            8
        ], 
        "semester": 3, 
        "student": 14, 
        "year": 1
    }
},
{
    "pk": 236, 
    "model": "majors.studentsemestercourses", 
    "fields": {
        "courses": [], 
        "semester": 4, 
        "student": 14, 
        "year": 1
    }
},
{
    "pk": 237, 
    "model": "majors.studentsemestercourses", 
    "fields": {
        "courses": [
            3, 
            9
        ], 
        "semester": 1, 
        "student": 14, 
        "year": 2
    }
},
{
    "pk": 238, 
    "model": "majors.studentsemestercourses", 
    "fields": {
        "courses": [], 
        "semester": 2, 
        "student": 14, 
        "year": 2
    }
},
{
    "pk": 239, 
    "model": "majors.studentsemestercourses", 
    "fields": {
        "courses": [
            4, 
            13, 
            17
        ], 
        "semester": 3, 
        "student": 14, 
        "year": 2
    }
},
{
    "pk": 240, 
    "model": "majors.studentsemestercourses", 
    "fields": {
        "courses": [], 
        "semester": 4, 
        "student": 14, 
        "year": 2
    }
},
{
    "pk": 241, 
    "model": "majors.studentsemestercourses", 
    "fields": {
        "courses": [
            11, 
            14
        ], 
        "semester": 1, 
        "student": 14, 
        "year": 3
    }
},
{
    "pk": 242, 
    "model": "majors.studentsemestercourses", 
    "fields": {
        "courses": [], 
        "semester": 2, 
        "student": 14, 
        "year": 3
    }
},
{
    "pk": 243, 
    "model": "majors.studentsemestercourses", 
    "fields": {
        "courses": [
            19
        ], 
        "semester": 3, 
        "student": 14, 
        "year": 3
    }
},
{
    "pk": 244, 
    "model": "majors.studentsemestercourses", 
    "fields": {
        "courses": [
            26
        ], 
        "semester": 4, 
        "student": 14, 
        "year": 3
    }
},
{
    "pk": 245, 
    "model": "majors.studentsemestercourses", 
    "fields": {
        "courses": [
            15, 
            20, 
            12
        ], 
        "semester": 1, 
        "student": 14, 
        "year": 4
    }
},
{
    "pk": 246, 
    "model": "majors.studentsemestercourses", 
    "fields": {
        "courses": [
            21
        ], 
        "semester": 2, 
        "student": 14, 
        "year": 4
    }
},
{
    "pk": 247, 
    "model": "majors.studentsemestercourses", 
    "fields": {
        "courses": [
            5, 
            16
        ], 
        "semester": 3, 
        "student": 14, 
        "year": 4
    }
},
{
    "pk": 248, 
    "model": "majors.studentsemestercourses", 
    "fields": {
        "courses": [], 
        "semester": 4, 
        "student": 14, 
        "year": 4
    }
},
{
    "pk": 249, 
    "model": "majors.studentsemestercourses", 
    "fields": {
        "courses": [], 
        "semester": 1, 
        "student": 14, 
        "year": 5
    }
},
{
    "pk": 250, 
    "model": "majors.studentsemestercourses", 
    "fields": {
        "courses": [], 
        "semester": 2, 
        "student": 14, 
        "year": 5
    }
},
{
    "pk": 251, 
    "model": "majors.studentsemestercourses", 
    "fields": {
        "courses": [], 
        "semester": 3, 
        "student": 14, 
        "year": 5
    }
},
{
    "pk": 252, 
    "model": "majors.studentsemestercourses", 
    "fields": {
        "courses": [], 
        "semester": 4, 
        "student": 14, 
        "year": 5
    }
},
{
    "pk": 253, 
    "model": "majors.studentsemestercourses", 
    "fields": {
        "courses": [], 
        "semester": 0, 
        "student": 15, 
        "year": 0
    }
},
{
    "pk": 254, 
    "model": "majors.studentsemestercourses", 
    "fields": {
        "courses": [
            43, 
            44, 
            1, 
            7
        ], 
        "semester": 1, 
        "student": 15, 
        "year": 1
    }
},
{
    "pk": 255, 
    "model": "majors.studentsemestercourses", 
    "fields": {
        "courses": [
            30, 
            31
        ], 
        "semester": 2, 
        "student": 15, 
        "year": 1
    }
},
{
    "pk": 256, 
    "model": "majors.studentsemestercourses", 
    "fields": {
        "courses": [
            29, 
            2, 
            8
        ], 
        "semester": 3, 
        "student": 15, 
        "year": 1
    }
},
{
    "pk": 257, 
    "model": "majors.studentsemestercourses", 
    "fields": {
        "courses": [], 
        "semester": 4, 
        "student": 15, 
        "year": 1
    }
},
{
    "pk": 258, 
    "model": "majors.studentsemestercourses", 
    "fields": {
        "courses": [
            3, 
            9
        ], 
        "semester": 1, 
        "student": 15, 
        "year": 2
    }
},
{
    "pk": 259, 
    "model": "majors.studentsemestercourses", 
    "fields": {
        "courses": [], 
        "semester": 2, 
        "student": 15, 
        "year": 2
    }
},
{
    "pk": 260, 
    "model": "majors.studentsemestercourses", 
    "fields": {
        "courses": [
            4, 
            13, 
            17
        ], 
        "semester": 3, 
        "student": 15, 
        "year": 2
    }
},
{
    "pk": 261, 
    "model": "majors.studentsemestercourses", 
    "fields": {
        "courses": [], 
        "semester": 4, 
        "student": 15, 
        "year": 2
    }
},
{
    "pk": 262, 
    "model": "majors.studentsemestercourses", 
    "fields": {
        "courses": [
            11, 
            14
        ], 
        "semester": 1, 
        "student": 15, 
        "year": 3
    }
},
{
    "pk": 263, 
    "model": "majors.studentsemestercourses", 
    "fields": {
        "courses": [], 
        "semester": 2, 
        "student": 15, 
        "year": 3
    }
},
{
    "pk": 264, 
    "model": "majors.studentsemestercourses", 
    "fields": {
        "courses": [
            19
        ], 
        "semester": 3, 
        "student": 15, 
        "year": 3
    }
},
{
    "pk": 265, 
    "model": "majors.studentsemestercourses", 
    "fields": {
        "courses": [
            26
        ], 
        "semester": 4, 
        "student": 15, 
        "year": 3
    }
},
{
    "pk": 266, 
    "model": "majors.studentsemestercourses", 
    "fields": {
        "courses": [
            15, 
            20, 
            12
        ], 
        "semester": 1, 
        "student": 15, 
        "year": 4
    }
},
{
    "pk": 267, 
    "model": "majors.studentsemestercourses", 
    "fields": {
        "courses": [
            21
        ], 
        "semester": 2, 
        "student": 15, 
        "year": 4
    }
},
{
    "pk": 268, 
    "model": "majors.studentsemestercourses", 
    "fields": {
        "courses": [
            5, 
            16
        ], 
        "semester": 3, 
        "student": 15, 
        "year": 4
    }
},
{
    "pk": 269, 
    "model": "majors.studentsemestercourses", 
    "fields": {
        "courses": [], 
        "semester": 4, 
        "student": 15, 
        "year": 4
    }
},
{
    "pk": 270, 
    "model": "majors.studentsemestercourses", 
    "fields": {
        "courses": [], 
        "semester": 1, 
        "student": 15, 
        "year": 5
    }
},
{
    "pk": 271, 
    "model": "majors.studentsemestercourses", 
    "fields": {
        "courses": [], 
        "semester": 2, 
        "student": 15, 
        "year": 5
    }
},
{
    "pk": 272, 
    "model": "majors.studentsemestercourses", 
    "fields": {
        "courses": [], 
        "semester": 3, 
        "student": 15, 
        "year": 5
    }
},
{
    "pk": 273, 
    "model": "majors.studentsemestercourses", 
    "fields": {
        "courses": [], 
        "semester": 4, 
        "student": 15, 
        "year": 5
    }
},
{
    "pk": 274, 
    "model": "majors.studentsemestercourses", 
    "fields": {
        "courses": [], 
        "semester": 0, 
        "student": 16, 
        "year": 0
    }
},
{
    "pk": 275, 
    "model": "majors.studentsemestercourses", 
    "fields": {
        "courses": [
            43, 
            44, 
            1
        ], 
        "semester": 1, 
        "student": 16, 
        "year": 1
    }
},
{
    "pk": 276, 
    "model": "majors.studentsemestercourses", 
    "fields": {
        "courses": [
            30, 
            31
        ], 
        "semester": 2, 
        "student": 16, 
        "year": 1
    }
},
{
    "pk": 277, 
    "model": "majors.studentsemestercourses", 
    "fields": {
        "courses": [
            29, 
            2, 
            8
        ], 
        "semester": 3, 
        "student": 16, 
        "year": 1
    }
},
{
    "pk": 278, 
    "model": "majors.studentsemestercourses", 
    "fields": {
        "courses": [], 
        "semester": 4, 
        "student": 16, 
        "year": 1
    }
},
{
    "pk": 279, 
    "model": "majors.studentsemestercourses", 
    "fields": {
        "courses": [
            3
        ], 
        "semester": 1, 
        "student": 16, 
        "year": 2
    }
},
{
    "pk": 280, 
    "model": "majors.studentsemestercourses", 
    "fields": {
        "courses": [], 
        "semester": 2, 
        "student": 16, 
        "year": 2
    }
},
{
    "pk": 281, 
    "model": "majors.studentsemestercourses", 
    "fields": {
        "courses": [
            4, 
            13, 
            17
        ], 
        "semester": 3, 
        "student": 16, 
        "year": 2
    }
},
{
    "pk": 282, 
    "model": "majors.studentsemestercourses", 
    "fields": {
        "courses": [], 
        "semester": 4, 
        "student": 16, 
        "year": 2
    }
},
{
    "pk": 283, 
    "model": "majors.studentsemestercourses", 
    "fields": {
        "courses": [
            9, 
            11, 
            14
        ], 
        "semester": 1, 
        "student": 16, 
        "year": 3
    }
},
{
    "pk": 284, 
    "model": "majors.studentsemestercourses", 
    "fields": {
        "courses": [], 
        "semester": 2, 
        "student": 16, 
        "year": 3
    }
},
{
    "pk": 285, 
    "model": "majors.studentsemestercourses", 
    "fields": {
        "courses": [
            19
        ], 
        "semester": 3, 
        "student": 16, 
        "year": 3
    }
},
{
    "pk": 286, 
    "model": "majors.studentsemestercourses", 
    "fields": {
        "courses": [
            26
        ], 
        "semester": 4, 
        "student": 16, 
        "year": 3
    }
},
{
    "pk": 287, 
    "model": "majors.studentsemestercourses", 
    "fields": {
        "courses": [
            7, 
            15, 
            20, 
            12
        ], 
        "semester": 1, 
        "student": 16, 
        "year": 4
    }
},
{
    "pk": 288, 
    "model": "majors.studentsemestercourses", 
    "fields": {
        "courses": [
            21
        ], 
        "semester": 2, 
        "student": 16, 
        "year": 4
    }
},
{
    "pk": 289, 
    "model": "majors.studentsemestercourses", 
    "fields": {
        "courses": [
            5, 
            16
        ], 
        "semester": 3, 
        "student": 16, 
        "year": 4
    }
},
{
    "pk": 290, 
    "model": "majors.studentsemestercourses", 
    "fields": {
        "courses": [], 
        "semester": 4, 
        "student": 16, 
        "year": 4
    }
},
{
    "pk": 291, 
    "model": "majors.studentsemestercourses", 
    "fields": {
        "courses": [], 
        "semester": 1, 
        "student": 16, 
        "year": 5
    }
},
{
    "pk": 292, 
    "model": "majors.studentsemestercourses", 
    "fields": {
        "courses": [], 
        "semester": 2, 
        "student": 16, 
        "year": 5
    }
},
{
    "pk": 293, 
    "model": "majors.studentsemestercourses", 
    "fields": {
        "courses": [], 
        "semester": 3, 
        "student": 16, 
        "year": 5
    }
},
{
    "pk": 294, 
    "model": "majors.studentsemestercourses", 
    "fields": {
        "courses": [], 
        "semester": 4, 
        "student": 16, 
        "year": 5
    }
},
{
    "pk": 3, 
    "model": "majors.createyourowncourse", 
    "fields": {
        "credit_hours": 3, 
        "name": "new course", 
        "equivalentcourse": null, 
        "cc": false, 
        "sp": false, 
        "number": "abc123", 
        "actual_year": 2012, 
        "semester": 1, 
        "student": 9
    }
},
{
    "pk": 4, 
    "model": "majors.createyourowncourse", 
    "fields": {
        "credit_hours": 6, 
        "name": "another new course", 
        "equivalentcourse": null, 
        "cc": false, 
        "sp": false, 
        "number": "abc456", 
        "actual_year": 2012, 
        "semester": 1, 
        "student": 9
    }
},
{
    "pk": 6, 
    "model": "majors.createyourowncourse", 
    "fields": {
        "credit_hours": 3, 
        "name": "Modern Substitute", 
        "equivalentcourse": 9, 
        "cc": false, 
        "sp": false, 
        "number": "PHY4F3", 
        "actual_year": 2013, 
        "semester": 1, 
        "student": 11
    }
},
{
    "pk": 8, 
    "model": "majors.createyourowncourse", 
    "fields": {
        "credit_hours": 3, 
        "name": "course1", 
        "equivalentcourse": 23, 
        "cc": false, 
        "sp": false, 
        "number": "PHY101b", 
        "actual_year": 2013, 
        "semester": 0, 
        "student": 12
    }
},
{
    "pk": 9, 
    "model": "majors.createyourowncourse", 
    "fields": {
        "credit_hours": 3, 
        "name": "course", 
        "equivalentcourse": 23, 
        "cc": false, 
        "sp": false, 
        "number": "PHY101a", 
        "actual_year": 2012, 
        "semester": 0, 
        "student": 2
    }
},
{
    "pk": 10, 
    "model": "majors.createyourowncourse", 
    "fields": {
        "credit_hours": 3, 
        "name": "transfer from IWU", 
        "equivalentcourse": 69, 
        "cc": false, 
        "sp": false, 
        "number": "PHY101", 
        "actual_year": 2013, 
        "semester": 1, 
        "student": 2
    }
},
{
    "pk": 11, 
    "model": "majors.createyourowncourse", 
    "fields": {
        "credit_hours": 3, 
        "name": "Underwater Basket Weaving", 
        "equivalentcourse": 27, 
        "cc": true, 
        "sp": false, 
        "number": "UWB101", 
        "actual_year": 2012, 
        "semester": 1, 
        "student": 2
    }
},
{
    "pk": 2, 
    "model": "majors.advisingnote", 
    "fields": {
        "note": "Second note.", 
        "datestamp": "2013-01-24T15:45:33.112Z", 
        "student": 2
    }
},
{
    "pk": 3, 
    "model": "majors.advisingnote", 
    "fields": {
        "note": "This is an advising note.", 
        "datestamp": "2013-01-11T10:55:11.177Z", 
        "student": 5
    }
},
{
    "pk": 4, 
    "model": "majors.advisingnote", 
    "fields": {
        "note": "Remember to sign up for Lighthouse in Jr fall.", 
        "datestamp": "2013-01-19T15:52:14.338Z", 
        "student": 13
    }
},
{
    "pk": 5, 
    "model": "majors.advisingnote", 
    "fields": {
        "note": "Remember to get dept approval for course subs.", 
        "datestamp": "2013-01-22T18:47:20.371Z", 
        "student": 14
    }
},
{
    "pk": 6, 
    "model": "majors.advisingnote", 
    "fields": {
        "note": "Need to do a course substitution; approve by dept.", 
        "datestamp": "2013-01-24T17:41:39.782Z", 
        "student": 2
    }
},
{
    "pk": 7, 
    "model": "majors.advisingnote", 
    "fields": {
        "note": "j;lkjdsf;lkajsdf;lkasfj", 
        "datestamp": "2013-01-31T22:00:44.767Z", 
        "student": 16
    }
},
{
    "pk": 1, 
    "model": "majors.enteringyear", 
    "fields": {
        "year": 2009
    }
},
{
    "pk": 2, 
    "model": "majors.enteringyear", 
    "fields": {
        "year": 2010
    }
},
{
    "pk": 3, 
    "model": "majors.enteringyear", 
    "fields": {
        "year": 2011
    }
},
{
    "pk": 4, 
    "model": "majors.enteringyear", 
    "fields": {
        "year": 2012
    }
},
{
    "pk": 5, 
    "model": "majors.enteringyear", 
    "fields": {
        "year": 2013
    }
},
{
    "pk": 6, 
    "model": "majors.enteringyear", 
    "fields": {
        "year": 2014
    }
},
{
    "pk": 7, 
    "model": "majors.enteringyear", 
    "fields": {
        "year": 2015
    }
},
{
    "pk": 8, 
    "model": "majors.enteringyear", 
    "fields": {
        "year": 2016
    }
},
{
    "pk": 9, 
    "model": "majors.enteringyear", 
    "fields": {
        "year": 2017
    }
},
{
    "pk": 10, 
    "model": "majors.enteringyear", 
    "fields": {
        "year": 2018
    }
},
{
    "pk": 11, 
    "model": "majors.enteringyear", 
    "fields": {
        "year": 2019
    }
},
{
    "pk": 1, 
    "model": "majors.prepopulatesemesters", 
    "fields": {
        "major": 1, 
        "sophomore_fall_courses": [
            3, 
            9
        ], 
        "name": "Physics BS, entering even years", 
        "senior_summer_courses": [], 
        "sophomore_jterm_courses": [], 
        "senior_jterm_courses": [
            21
        ], 
        "junior_fall_courses": [
            11, 
            14
        ], 
        "freshman_fall_courses": [
            43, 
            44, 
            1, 
            7
        ], 
        "freshman_summer_courses": [], 
        "enteringyear": [
            2, 
            4, 
            6, 
            8, 
            10
        ], 
        "junior_summer_courses": [
            26
        ], 
        "sophomore_spring_courses": [
            4, 
            13, 
            17
        ], 
        "junior_jterm_courses": [], 
        "freshman_spring_courses": [
            29, 
            2, 
            8
        ], 
        "freshman_jterm_courses": [
            30, 
            31
        ], 
        "junior_spring_courses": [
            19
        ], 
        "senior_fall_courses": [
            15, 
            20, 
            12
        ], 
        "senior_spring_courses": [
            5, 
            16
        ], 
        "sophomore_summer_courses": []
    }
},
{
    "pk": 1, 
    "model": "auth.permission", 
    "fields": {
        "codename": "add_group", 
        "name": "Can add group", 
        "content_type": 2
    }
},
{
    "pk": 2, 
    "model": "auth.permission", 
    "fields": {
        "codename": "add_permission", 
        "name": "Can add permission", 
        "content_type": 1
    }
},
{
    "pk": 3, 
    "model": "auth.permission", 
    "fields": {
        "codename": "add_user", 
        "name": "Can add user", 
        "content_type": 3
    }
},
{
    "pk": 4, 
    "model": "auth.permission", 
    "fields": {
        "codename": "change_group", 
        "name": "Can change group", 
        "content_type": 2
    }
},
{
    "pk": 5, 
    "model": "auth.permission", 
    "fields": {
        "codename": "change_permission", 
        "name": "Can change permission", 
        "content_type": 1
    }
},
{
    "pk": 6, 
    "model": "auth.permission", 
    "fields": {
        "codename": "change_user", 
        "name": "Can change user", 
        "content_type": 3
    }
},
{
    "pk": 7, 
    "model": "auth.permission", 
    "fields": {
        "codename": "delete_group", 
        "name": "Can delete group", 
        "content_type": 2
    }
},
{
    "pk": 8, 
    "model": "auth.permission", 
    "fields": {
        "codename": "delete_permission", 
        "name": "Can delete permission", 
        "content_type": 1
    }
},
{
    "pk": 9, 
    "model": "auth.permission", 
    "fields": {
        "codename": "delete_user", 
        "name": "Can delete user", 
        "content_type": 3
    }
},
{
    "pk": 10, 
    "model": "auth.permission", 
    "fields": {
        "codename": "add_contenttype", 
        "name": "Can add content type", 
        "content_type": 4
    }
},
{
    "pk": 11, 
    "model": "auth.permission", 
    "fields": {
        "codename": "change_contenttype", 
        "name": "Can change content type", 
        "content_type": 4
    }
},
{
    "pk": 12, 
    "model": "auth.permission", 
    "fields": {
        "codename": "delete_contenttype", 
        "name": "Can delete content type", 
        "content_type": 4
    }
},
{
    "pk": 13, 
    "model": "auth.permission", 
    "fields": {
        "codename": "add_session", 
        "name": "Can add session", 
        "content_type": 5
    }
},
{
    "pk": 14, 
    "model": "auth.permission", 
    "fields": {
        "codename": "change_session", 
        "name": "Can change session", 
        "content_type": 5
    }
},
{
    "pk": 15, 
    "model": "auth.permission", 
    "fields": {
        "codename": "delete_session", 
        "name": "Can delete session", 
        "content_type": 5
    }
},
{
    "pk": 16, 
    "model": "auth.permission", 
    "fields": {
        "codename": "add_logentry", 
        "name": "Can add log entry", 
        "content_type": 6
    }
},
{
    "pk": 17, 
    "model": "auth.permission", 
    "fields": {
        "codename": "change_logentry", 
        "name": "Can change log entry", 
        "content_type": 6
    }
},
{
    "pk": 18, 
    "model": "auth.permission", 
    "fields": {
        "codename": "delete_logentry", 
        "name": "Can delete log entry", 
        "content_type": 6
    }
},
{
    "pk": 19, 
    "model": "auth.permission", 
    "fields": {
        "codename": "add_advisingnote", 
        "name": "Can add advising note", 
        "content_type": 15
    }
},
{
    "pk": 20, 
    "model": "auth.permission", 
    "fields": {
        "codename": "add_course", 
        "name": "Can add course", 
        "content_type": 9
    }
},
{
    "pk": 21, 
    "model": "auth.permission", 
    "fields": {
        "codename": "add_createyourowncourse", 
        "name": "Can add create your own course", 
        "content_type": 14
    }
},
{
    "pk": 22, 
    "model": "auth.permission", 
    "fields": {
        "codename": "add_department", 
        "name": "Can add department", 
        "content_type": 8
    }
},
{
    "pk": 23, 
    "model": "auth.permission", 
    "fields": {
        "codename": "add_major", 
        "name": "Can add major", 
        "content_type": 11
    }
},
{
    "pk": 24, 
    "model": "auth.permission", 
    "fields": {
        "codename": "add_requirementblock", 
        "name": "Can add requirement block", 
        "content_type": 10
    }
},
{
    "pk": 25, 
    "model": "auth.permission", 
    "fields": {
        "codename": "add_semester", 
        "name": "Can add semester", 
        "content_type": 7
    }
},
{
    "pk": 26, 
    "model": "auth.permission", 
    "fields": {
        "codename": "add_student", 
        "name": "Can add student", 
        "content_type": 12
    }
},
{
    "pk": 27, 
    "model": "auth.permission", 
    "fields": {
        "codename": "add_studentsemestercourses", 
        "name": "Can add student semester courses", 
        "content_type": 13
    }
},
{
    "pk": 28, 
    "model": "auth.permission", 
    "fields": {
        "codename": "change_advisingnote", 
        "name": "Can change advising note", 
        "content_type": 15
    }
},
{
    "pk": 29, 
    "model": "auth.permission", 
    "fields": {
        "codename": "change_course", 
        "name": "Can change course", 
        "content_type": 9
    }
},
{
    "pk": 30, 
    "model": "auth.permission", 
    "fields": {
        "codename": "change_createyourowncourse", 
        "name": "Can change create your own course", 
        "content_type": 14
    }
},
{
    "pk": 31, 
    "model": "auth.permission", 
    "fields": {
        "codename": "change_department", 
        "name": "Can change department", 
        "content_type": 8
    }
},
{
    "pk": 32, 
    "model": "auth.permission", 
    "fields": {
        "codename": "change_major", 
        "name": "Can change major", 
        "content_type": 11
    }
},
{
    "pk": 33, 
    "model": "auth.permission", 
    "fields": {
        "codename": "change_requirementblock", 
        "name": "Can change requirement block", 
        "content_type": 10
    }
},
{
    "pk": 34, 
    "model": "auth.permission", 
    "fields": {
        "codename": "change_semester", 
        "name": "Can change semester", 
        "content_type": 7
    }
},
{
    "pk": 35, 
    "model": "auth.permission", 
    "fields": {
        "codename": "change_student", 
        "name": "Can change student", 
        "content_type": 12
    }
},
{
    "pk": 36, 
    "model": "auth.permission", 
    "fields": {
        "codename": "change_studentsemestercourses", 
        "name": "Can change student semester courses", 
        "content_type": 13
    }
},
{
    "pk": 37, 
    "model": "auth.permission", 
    "fields": {
        "codename": "delete_advisingnote", 
        "name": "Can delete advising note", 
        "content_type": 15
    }
},
{
    "pk": 38, 
    "model": "auth.permission", 
    "fields": {
        "codename": "delete_course", 
        "name": "Can delete course", 
        "content_type": 9
    }
},
{
    "pk": 39, 
    "model": "auth.permission", 
    "fields": {
        "codename": "delete_createyourowncourse", 
        "name": "Can delete create your own course", 
        "content_type": 14
    }
},
{
    "pk": 40, 
    "model": "auth.permission", 
    "fields": {
        "codename": "delete_department", 
        "name": "Can delete department", 
        "content_type": 8
    }
},
{
    "pk": 41, 
    "model": "auth.permission", 
    "fields": {
        "codename": "delete_major", 
        "name": "Can delete major", 
        "content_type": 11
    }
},
{
    "pk": 42, 
    "model": "auth.permission", 
    "fields": {
        "codename": "delete_requirementblock", 
        "name": "Can delete requirement block", 
        "content_type": 10
    }
},
{
    "pk": 43, 
    "model": "auth.permission", 
    "fields": {
        "codename": "delete_semester", 
        "name": "Can delete semester", 
        "content_type": 7
    }
},
{
    "pk": 44, 
    "model": "auth.permission", 
    "fields": {
        "codename": "delete_student", 
        "name": "Can delete student", 
        "content_type": 12
    }
},
{
    "pk": 45, 
    "model": "auth.permission", 
    "fields": {
        "codename": "delete_studentsemestercourses", 
        "name": "Can delete student semester courses", 
        "content_type": 13
    }
},
{
    "pk": 46, 
    "model": "auth.permission", 
    "fields": {
        "codename": "add_enteringyear", 
        "name": "Can add entering year", 
        "content_type": 16
    }
},
{
    "pk": 47, 
    "model": "auth.permission", 
    "fields": {
        "codename": "add_prepopulatesemesters", 
        "name": "Can add prepopulate semesters", 
        "content_type": 17
    }
},
{
    "pk": 48, 
    "model": "auth.permission", 
    "fields": {
        "codename": "change_enteringyear", 
        "name": "Can change entering year", 
        "content_type": 16
    }
},
{
    "pk": 49, 
    "model": "auth.permission", 
    "fields": {
        "codename": "change_prepopulatesemesters", 
        "name": "Can change prepopulate semesters", 
        "content_type": 17
    }
},
{
    "pk": 50, 
    "model": "auth.permission", 
    "fields": {
        "codename": "delete_enteringyear", 
        "name": "Can delete entering year", 
        "content_type": 16
    }
},
{
    "pk": 51, 
    "model": "auth.permission", 
    "fields": {
        "codename": "delete_prepopulatesemesters", 
        "name": "Can delete prepopulate semesters", 
        "content_type": 17
    }
},
{
    "pk": 52, 
    "model": "auth.permission", 
    "fields": {
        "codename": "add_professor", 
        "name": "Can add professor", 
        "content_type": 18
    }
},
{
    "pk": 53, 
    "model": "auth.permission", 
    "fields": {
        "codename": "change_professor", 
        "name": "Can change professor", 
        "content_type": 18
    }
},
{
    "pk": 54, 
    "model": "auth.permission", 
    "fields": {
        "codename": "delete_professor", 
        "name": "Can delete professor", 
        "content_type": 18
    }
},
{
    "pk": 55, 
    "model": "auth.permission", 
    "fields": {
        "codename": "add_site", 
        "name": "Can add site", 
        "content_type": 19
    }
},
{
    "pk": 56, 
    "model": "auth.permission", 
    "fields": {
        "codename": "change_site", 
        "name": "Can change site", 
        "content_type": 19
    }
},
{
    "pk": 57, 
    "model": "auth.permission", 
    "fields": {
        "codename": "delete_site", 
        "name": "Can delete site", 
        "content_type": 19
    }
},
{
    "pk": 1, 
    "model": "auth.user", 
    "fields": {
        "username": "kenkiers", 
        "first_name": "", 
        "last_name": "", 
        "is_active": true, 
        "is_superuser": true, 
        "is_staff": true, 
        "last_login": "2013-01-31T22:27:28.207Z", 
        "groups": [], 
        "user_permissions": [], 
        "password": "pbkdf2_sha256$10000$JTR2EVObVLWH$ItGms1z6uXWCFA6jbkKV2g3WCntiemZHKtFN2EaKOv8=", 
        "email": "knkiers@taylor.edu", 
        "date_joined": "2013-01-07T01:35:05.355Z"
    }
},
{
    "pk": 2, 
    "model": "auth.user", 
    "fields": {
        "username": "johnlennon", 
        "first_name": "", 
        "last_name": "", 
        "is_active": true, 
        "is_superuser": false, 
        "is_staff": false, 
        "last_login": "2013-02-01T13:10:14.716Z", 
        "groups": [], 
        "user_permissions": [], 
        "password": "pbkdf2_sha256$10000$ZKYwrCNdQMtR$urgHi2LkKBWjEDf4jvrGV1/CJYshYkyNnqyEQpqlFlA=", 
        "email": "john@taylor.edu", 
        "date_joined": "2013-01-07T02:51:38.242Z"
    }
},
{
    "pk": 4, 
    "model": "auth.user", 
    "fields": {
        "username": "stefan", 
        "first_name": "", 
        "last_name": "", 
        "is_active": true, 
        "is_superuser": false, 
        "is_staff": false, 
        "last_login": "2013-01-10T02:34:00.980Z", 
        "groups": [], 
        "user_permissions": [], 
        "password": "pbkdf2_sha256$10000$971b6tokjABL$64iYlT+hqIhu5HUpsv8NIUunZGgZWSJ2f92f3ZJEp9M=", 
        "email": "stefan@taylor.edu", 
        "date_joined": "2013-01-07T13:41:30.531Z"
    }
},
{
    "pk": 5, 
    "model": "auth.user", 
    "fields": {
        "username": "paulmccartney", 
        "first_name": "", 
        "last_name": "", 
        "is_active": true, 
        "is_superuser": false, 
        "is_staff": false, 
        "last_login": "2013-01-11T10:54:55.433Z", 
        "groups": [], 
        "user_permissions": [], 
        "password": "pbkdf2_sha256$10000$usd8P9ePpbbq$tgqWdXQlYXPhAu3eQ3tz9s9H1GT0YqwNAPeLbB5AiAg=", 
        "email": "paul@taylor.edu", 
        "date_joined": "2013-01-10T18:37:59.665Z"
    }
},
{
    "pk": 6, 
    "model": "auth.user", 
    "fields": {
        "username": "professor", 
        "first_name": "", 
        "last_name": "", 
        "is_active": true, 
        "is_superuser": false, 
        "is_staff": false, 
        "last_login": "2013-02-01T13:08:51.553Z", 
        "groups": [], 
        "user_permissions": [], 
        "password": "pbkdf2_sha256$10000$w4ucdWTkcEQD$ryt+PAW9svdwff/fF/E+xLcf6h4PDAghMZyYeblKVQU=", 
        "email": "prof@taylor.edu", 
        "date_joined": "2013-01-11T11:55:23Z"
    }
},
{
    "pk": 7, 
    "model": "auth.user", 
    "fields": {
        "username": "hola", 
        "first_name": "", 
        "last_name": "", 
        "is_active": true, 
        "is_superuser": false, 
        "is_staff": false, 
        "last_login": "2013-01-13T20:14:18.267Z", 
        "groups": [], 
        "user_permissions": [], 
        "password": "pbkdf2_sha256$10000$mC8IaAqtQaa2$PeNc9lbI47k34YrHu/nMNnM1QhXdbNQvrf8EtlFAtk4=", 
        "email": "kgkiers@sbcglobal.net", 
        "date_joined": "2013-01-13T20:13:49.115Z"
    }
},
{
    "pk": 8, 
    "model": "auth.user", 
    "fields": {
        "username": "stefan3", 
        "first_name": "", 
        "last_name": "", 
        "is_active": true, 
        "is_superuser": false, 
        "is_staff": false, 
        "last_login": "2013-01-13T20:17:40.842Z", 
        "groups": [], 
        "user_permissions": [], 
        "password": "pbkdf2_sha256$10000$MtqKF27XZDIM$ctgWI8KzADl85Q4hqCWuFKrDPxyV1MUimzuj70x0fuU=", 
        "email": "stefan@taylor.edu", 
        "date_joined": "2013-01-13T20:17:30.813Z"
    }
},
{
    "pk": 9, 
    "model": "auth.user", 
    "fields": {
        "username": "lmk", 
        "first_name": "", 
        "last_name": "", 
        "is_active": true, 
        "is_superuser": false, 
        "is_staff": false, 
        "last_login": "2013-01-13T20:33:30.189Z", 
        "groups": [], 
        "user_permissions": [], 
        "password": "pbkdf2_sha256$10000$qPSTLpnlOMhe$bv+86rtbpgE8ICS/Ll0Yq9S261o/5KuCTbjEX92UFwc=", 
        "email": "leah@taylor.edu", 
        "date_joined": "2013-01-13T20:33:18.007Z"
    }
},
{
    "pk": 10, 
    "model": "auth.user", 
    "fields": {
        "username": "ringo", 
        "first_name": "", 
        "last_name": "", 
        "is_active": true, 
        "is_superuser": false, 
        "is_staff": false, 
        "last_login": "2013-01-30T22:03:10.851Z", 
        "groups": [], 
        "user_permissions": [], 
        "password": "pbkdf2_sha256$10000$TpvOGxNRRnHE$KUnAEb5EzxoFyc9mlBavbMUOdSgabZRC5axgwE9QPkE=", 
        "email": "ringo@taylor.edu", 
        "date_joined": "2013-01-16T03:36:39.282Z"
    }
},
{
    "pk": 11, 
    "model": "auth.user", 
    "fields": {
        "username": "george", 
        "first_name": "", 
        "last_name": "", 
        "is_active": true, 
        "is_superuser": false, 
        "is_staff": false, 
        "last_login": "2013-01-17T14:28:10.372Z", 
        "groups": [], 
        "user_permissions": [], 
        "password": "pbkdf2_sha256$10000$6M73Absn2GH2$TdWTMBd1ccKE55yMemVdshFYtLLCnwzhJQQdyoeAnII=", 
        "email": "george@taylor.edu", 
        "date_joined": "2013-01-17T14:28:02.446Z"
    }
},
{
    "pk": 12, 
    "model": "auth.user", 
    "fields": {
        "username": "huey", 
        "first_name": "", 
        "last_name": "", 
        "is_active": true, 
        "is_superuser": false, 
        "is_staff": false, 
        "last_login": "2013-01-25T01:16:53.981Z", 
        "groups": [], 
        "user_permissions": [], 
        "password": "pbkdf2_sha256$10000$tNhJbZyVNxEc$ayVlCDGs2HZQiI52/T1ndqpgA+GArFuXbRrOdi0UNMg=", 
        "email": "huey@taylor.edu", 
        "date_joined": "2013-01-19T13:15:14.583Z"
    }
},
{
    "pk": 13, 
    "model": "auth.user", 
    "fields": {
        "username": "art", 
        "first_name": "", 
        "last_name": "", 
        "is_active": true, 
        "is_superuser": false, 
        "is_staff": false, 
        "last_login": "2013-01-20T01:28:05.692Z", 
        "groups": [], 
        "user_permissions": [], 
        "password": "pbkdf2_sha256$10000$7zz3xWI76bLY$VqkD0yTDoeb0evTtq6KWH2ZkE7vrNqSZ8Ow3ZJVOp70=", 
        "email": "art@taylor.edu", 
        "date_joined": "2013-01-19T15:49:27.011Z"
    }
},
{
    "pk": 14, 
    "model": "auth.user", 
    "fields": {
        "username": "edwin", 
        "first_name": "", 
        "last_name": "", 
        "is_active": true, 
        "is_superuser": false, 
        "is_staff": false, 
        "last_login": "2013-01-22T18:45:44.290Z", 
        "groups": [], 
        "user_permissions": [], 
        "password": "pbkdf2_sha256$10000$o3FKgR7HmVi9$9gecKsFOZyjfJ3lEtNpDZIlOXTaSS/aa8BDcXCXVrj4=", 
        "email": "edwin@taylor.edu", 
        "date_joined": "2013-01-22T18:45:35.117Z"
    }
},
{
    "pk": 15, 
    "model": "auth.user", 
    "fields": {
        "username": "steven", 
        "first_name": "", 
        "last_name": "", 
        "is_active": true, 
        "is_superuser": false, 
        "is_staff": false, 
        "last_login": "2013-01-30T22:17:48.608Z", 
        "groups": [], 
        "user_permissions": [], 
        "password": "pbkdf2_sha256$10000$IFeUN0fN5b3C$tHXjuf2pNSbemMtjsB11t6vQ4xur1mDRi6PsxHOU0ZI=", 
        "email": "steven@taylor.edu", 
        "date_joined": "2013-01-30T22:17:41.678Z"
    }
},
{
    "pk": 16, 
    "model": "auth.user", 
    "fields": {
        "username": "tom", 
        "first_name": "", 
        "last_name": "", 
        "is_active": true, 
        "is_superuser": false, 
        "is_staff": false, 
        "last_login": "2013-01-31T21:57:40.243Z", 
        "groups": [], 
        "user_permissions": [], 
        "password": "pbkdf2_sha256$10000$urUOuUgpR90O$IM8fHVFVld9qiTlr3CpdhoLdSViqq45iIwhTfCIEokQ=", 
        "email": "tom@taylor.edu", 
        "date_joined": "2013-01-31T21:57:33.433Z"
    }
},
{
    "pk": 17, 
    "model": "auth.user", 
    "fields": {
        "username": "admin", 
        "first_name": "", 
        "last_name": "", 
        "is_active": true, 
        "is_superuser": true, 
        "is_staff": true, 
        "last_login": "2013-03-29T15:35:38.531Z", 
        "groups": [], 
        "user_permissions": [], 
        "password": "pbkdf2_sha256$10000$xjf9lor5y5pg$G/WRxmGXiDVEZJ+g6TDLBN1E8ncn3JpKht5JrD7cOIM=", 
        "email": "admin@example.com", 
        "date_joined": "2013-03-29T15:35:31.196Z"
    }
},
{
    "pk": 1, 
    "model": "admin.logentry", 
    "fields": {
        "action_flag": 1, 
        "action_time": "2013-01-07T01:35:40.810Z", 
        "object_repr": "Physics and Engineering", 
        "object_id": "1", 
        "change_message": "", 
        "user": 1, 
        "content_type": 8
    }
},
{
    "pk": 2, 
    "model": "admin.logentry", 
    "fields": {
        "action_flag": 1, 
        "action_time": "2013-01-07T01:35:52.344Z", 
        "object_repr": "Mathematics", 
        "object_id": "2", 
        "change_message": "", 
        "user": 1, 
        "content_type": 8
    }
},
{
    "pk": 3, 
    "model": "admin.logentry", 
    "fields": {
        "action_flag": 1, 
        "action_time": "2013-01-07T01:36:00.623Z", 
        "object_repr": "Computer Science and Engineering", 
        "object_id": "3", 
        "change_message": "", 
        "user": 1, 
        "content_type": 8
    }
},
{
    "pk": 4, 
    "model": "admin.logentry", 
    "fields": {
        "action_flag": 1, 
        "action_time": "2013-01-07T01:36:17.585Z", 
        "object_repr": "Chemistry and Biochemistry", 
        "object_id": "4", 
        "change_message": "", 
        "user": 1, 
        "content_type": 8
    }
},
{
    "pk": 5, 
    "model": "admin.logentry", 
    "fields": {
        "action_flag": 1, 
        "action_time": "2013-01-07T01:36:25.650Z", 
        "object_repr": "Biology", 
        "object_id": "5", 
        "change_message": "", 
        "user": 1, 
        "content_type": 8
    }
},
{
    "pk": 6, 
    "model": "admin.logentry", 
    "fields": {
        "action_flag": 1, 
        "action_time": "2013-01-07T01:36:49.454Z", 
        "object_repr": "Fa12", 
        "object_id": "1", 
        "change_message": "", 
        "user": 1, 
        "content_type": 7
    }
},
{
    "pk": 7, 
    "model": "admin.logentry", 
    "fields": {
        "action_flag": 1, 
        "action_time": "2013-01-07T01:37:00.176Z", 
        "object_repr": "Fa13", 
        "object_id": "2", 
        "change_message": "", 
        "user": 1, 
        "content_type": 7
    }
},
{
    "pk": 8, 
    "model": "admin.logentry", 
    "fields": {
        "action_flag": 1, 
        "action_time": "2013-01-07T01:37:16.207Z", 
        "object_repr": "Fa14", 
        "object_id": "3", 
        "change_message": "", 
        "user": 1, 
        "content_type": 7
    }
},
{
    "pk": 9, 
    "model": "admin.logentry", 
    "fields": {
        "action_flag": 1, 
        "action_time": "2013-01-07T01:37:29.038Z", 
        "object_repr": "Fa15", 
        "object_id": "4", 
        "change_message": "", 
        "user": 1, 
        "content_type": 7
    }
},
{
    "pk": 10, 
    "model": "admin.logentry", 
    "fields": {
        "action_flag": 1, 
        "action_time": "2013-01-07T01:37:40.533Z", 
        "object_repr": "Fa16", 
        "object_id": "5", 
        "change_message": "", 
        "user": 1, 
        "content_type": 7
    }
},
{
    "pk": 11, 
    "model": "admin.logentry", 
    "fields": {
        "action_flag": 1, 
        "action_time": "2013-01-07T01:37:54.513Z", 
        "object_repr": "J13", 
        "object_id": "6", 
        "change_message": "", 
        "user": 1, 
        "content_type": 7
    }
},
{
    "pk": 12, 
    "model": "admin.logentry", 
    "fields": {
        "action_flag": 1, 
        "action_time": "2013-01-07T01:38:09.108Z", 
        "object_repr": "J14", 
        "object_id": "7", 
        "change_message": "", 
        "user": 1, 
        "content_type": 7
    }
},
{
    "pk": 13, 
    "model": "admin.logentry", 
    "fields": {
        "action_flag": 1, 
        "action_time": "2013-01-07T01:38:53.397Z", 
        "object_repr": "J15", 
        "object_id": "8", 
        "change_message": "", 
        "user": 1, 
        "content_type": 7
    }
},
{
    "pk": 14, 
    "model": "admin.logentry", 
    "fields": {
        "action_flag": 1, 
        "action_time": "2013-01-07T01:39:08.012Z", 
        "object_repr": "J16", 
        "object_id": "9", 
        "change_message": "", 
        "user": 1, 
        "content_type": 7
    }
},
{
    "pk": 15, 
    "model": "admin.logentry", 
    "fields": {
        "action_flag": 1, 
        "action_time": "2013-01-07T01:39:21.126Z", 
        "object_repr": "J17", 
        "object_id": "10", 
        "change_message": "", 
        "user": 1, 
        "content_type": 7
    }
},
{
    "pk": 16, 
    "model": "admin.logentry", 
    "fields": {
        "action_flag": 1, 
        "action_time": "2013-01-07T01:39:43.027Z", 
        "object_repr": "Sp13", 
        "object_id": "11", 
        "change_message": "", 
        "user": 1, 
        "content_type": 7
    }
},
{
    "pk": 17, 
    "model": "admin.logentry", 
    "fields": {
        "action_flag": 1, 
        "action_time": "2013-01-07T01:39:53.457Z", 
        "object_repr": "Sp14", 
        "object_id": "12", 
        "change_message": "", 
        "user": 1, 
        "content_type": 7
    }
},
{
    "pk": 18, 
    "model": "admin.logentry", 
    "fields": {
        "action_flag": 1, 
        "action_time": "2013-01-07T01:40:05.466Z", 
        "object_repr": "Sp15", 
        "object_id": "13", 
        "change_message": "", 
        "user": 1, 
        "content_type": 7
    }
},
{
    "pk": 19, 
    "model": "admin.logentry", 
    "fields": {
        "action_flag": 1, 
        "action_time": "2013-01-07T01:40:17.328Z", 
        "object_repr": "Sp16", 
        "object_id": "14", 
        "change_message": "", 
        "user": 1, 
        "content_type": 7
    }
},
{
    "pk": 20, 
    "model": "admin.logentry", 
    "fields": {
        "action_flag": 1, 
        "action_time": "2013-01-07T01:40:34.843Z", 
        "object_repr": "Sp17", 
        "object_id": "15", 
        "change_message": "", 
        "user": 1, 
        "content_type": 7
    }
},
{
    "pk": 21, 
    "model": "admin.logentry", 
    "fields": {
        "action_flag": 1, 
        "action_time": "2013-01-07T01:40:57.074Z", 
        "object_repr": "Sum13", 
        "object_id": "16", 
        "change_message": "", 
        "user": 1, 
        "content_type": 7
    }
},
{
    "pk": 22, 
    "model": "admin.logentry", 
    "fields": {
        "action_flag": 1, 
        "action_time": "2013-01-07T01:41:08.967Z", 
        "object_repr": "Sum14", 
        "object_id": "17", 
        "change_message": "", 
        "user": 1, 
        "content_type": 7
    }
},
{
    "pk": 23, 
    "model": "admin.logentry", 
    "fields": {
        "action_flag": 1, 
        "action_time": "2013-01-07T01:41:20.312Z", 
        "object_repr": "Sum15", 
        "object_id": "18", 
        "change_message": "", 
        "user": 1, 
        "content_type": 7
    }
},
{
    "pk": 24, 
    "model": "admin.logentry", 
    "fields": {
        "action_flag": 1, 
        "action_time": "2013-01-07T01:41:32.390Z", 
        "object_repr": "Sum16", 
        "object_id": "19", 
        "change_message": "", 
        "user": 1, 
        "content_type": 7
    }
},
{
    "pk": 25, 
    "model": "admin.logentry", 
    "fields": {
        "action_flag": 1, 
        "action_time": "2013-01-07T01:41:51.792Z", 
        "object_repr": "Sum17", 
        "object_id": "20", 
        "change_message": "", 
        "user": 1, 
        "content_type": 7
    }
},
{
    "pk": 26, 
    "model": "admin.logentry", 
    "fields": {
        "action_flag": 1, 
        "action_time": "2013-01-07T01:44:53.121Z", 
        "object_repr": "MAT151", 
        "object_id": "1", 
        "change_message": "", 
        "user": 1, 
        "content_type": 9
    }
},
{
    "pk": 27, 
    "model": "admin.logentry", 
    "fields": {
        "action_flag": 1, 
        "action_time": "2013-01-07T01:45:36.305Z", 
        "object_repr": "MAT230", 
        "object_id": "2", 
        "change_message": "", 
        "user": 1, 
        "content_type": 9
    }
},
{
    "pk": 28, 
    "model": "admin.logentry", 
    "fields": {
        "action_flag": 1, 
        "action_time": "2013-01-07T01:46:11.304Z", 
        "object_repr": "MAT240", 
        "object_id": "3", 
        "change_message": "", 
        "user": 1, 
        "content_type": 9
    }
},
{
    "pk": 29, 
    "model": "admin.logentry", 
    "fields": {
        "action_flag": 1, 
        "action_time": "2013-01-07T01:47:01.429Z", 
        "object_repr": "MAT251", 
        "object_id": "4", 
        "change_message": "", 
        "user": 1, 
        "content_type": 9
    }
},
{
    "pk": 30, 
    "model": "admin.logentry", 
    "fields": {
        "action_flag": 1, 
        "action_time": "2013-01-07T01:48:23.269Z", 
        "object_repr": "MAT245", 
        "object_id": "5", 
        "change_message": "", 
        "user": 1, 
        "content_type": 9
    }
},
{
    "pk": 31, 
    "model": "admin.logentry", 
    "fields": {
        "action_flag": 1, 
        "action_time": "2013-01-07T01:49:42.551Z", 
        "object_repr": "MAT310", 
        "object_id": "6", 
        "change_message": "", 
        "user": 1, 
        "content_type": 9
    }
},
{
    "pk": 32, 
    "model": "admin.logentry", 
    "fields": {
        "action_flag": 1, 
        "action_time": "2013-01-07T01:50:52.667Z", 
        "object_repr": "PHY211", 
        "object_id": "7", 
        "change_message": "", 
        "user": 1, 
        "content_type": 9
    }
},
{
    "pk": 33, 
    "model": "admin.logentry", 
    "fields": {
        "action_flag": 1, 
        "action_time": "2013-01-07T01:51:21.847Z", 
        "object_repr": "PHY212", 
        "object_id": "8", 
        "change_message": "", 
        "user": 1, 
        "content_type": 9
    }
},
{
    "pk": 34, 
    "model": "admin.logentry", 
    "fields": {
        "action_flag": 1, 
        "action_time": "2013-01-07T01:52:06.487Z", 
        "object_repr": "PHY311", 
        "object_id": "9", 
        "change_message": "", 
        "user": 1, 
        "content_type": 9
    }
},
{
    "pk": 35, 
    "model": "admin.logentry", 
    "fields": {
        "action_flag": 1, 
        "action_time": "2013-01-07T01:52:50.870Z", 
        "object_repr": "PHY330", 
        "object_id": "10", 
        "change_message": "", 
        "user": 1, 
        "content_type": 9
    }
},
{
    "pk": 36, 
    "model": "admin.logentry", 
    "fields": {
        "action_flag": 1, 
        "action_time": "2013-01-07T01:53:29.993Z", 
        "object_repr": "PHY350", 
        "object_id": "11", 
        "change_message": "", 
        "user": 1, 
        "content_type": 9
    }
},
{
    "pk": 37, 
    "model": "admin.logentry", 
    "fields": {
        "action_flag": 1, 
        "action_time": "2013-01-07T01:53:53.805Z", 
        "object_repr": "PHY491", 
        "object_id": "12", 
        "change_message": "", 
        "user": 1, 
        "content_type": 9
    }
},
{
    "pk": 38, 
    "model": "admin.logentry", 
    "fields": {
        "action_flag": 1, 
        "action_time": "2013-01-07T01:56:03.247Z", 
        "object_repr": "PHY341", 
        "object_id": "13", 
        "change_message": "", 
        "user": 1, 
        "content_type": 9
    }
},
{
    "pk": 39, 
    "model": "admin.logentry", 
    "fields": {
        "action_flag": 1, 
        "action_time": "2013-01-07T01:57:14.222Z", 
        "object_repr": "PHY441", 
        "object_id": "14", 
        "change_message": "", 
        "user": 1, 
        "content_type": 9
    }
},
{
    "pk": 40, 
    "model": "admin.logentry", 
    "fields": {
        "action_flag": 1, 
        "action_time": "2013-01-07T01:58:57.456Z", 
        "object_repr": "PHY321", 
        "object_id": "15", 
        "change_message": "", 
        "user": 1, 
        "content_type": 9
    }
},
{
    "pk": 41, 
    "model": "admin.logentry", 
    "fields": {
        "action_flag": 1, 
        "action_time": "2013-01-07T01:59:34.866Z", 
        "object_repr": "PHY322", 
        "object_id": "16", 
        "change_message": "", 
        "user": 1, 
        "content_type": 9
    }
},
{
    "pk": 42, 
    "model": "admin.logentry", 
    "fields": {
        "action_flag": 1, 
        "action_time": "2013-01-07T02:00:18.863Z", 
        "object_repr": "PHY342", 
        "object_id": "17", 
        "change_message": "", 
        "user": 1, 
        "content_type": 9
    }
},
{
    "pk": 43, 
    "model": "admin.logentry", 
    "fields": {
        "action_flag": 1, 
        "action_time": "2013-01-07T02:01:05.166Z", 
        "object_repr": "PHY450", 
        "object_id": "18", 
        "change_message": "", 
        "user": 1, 
        "content_type": 9
    }
},
{
    "pk": 44, 
    "model": "admin.logentry", 
    "fields": {
        "action_flag": 1, 
        "action_time": "2013-01-07T02:02:42.719Z", 
        "object_repr": "PHY412", 
        "object_id": "19", 
        "change_message": "", 
        "user": 1, 
        "content_type": 9
    }
},
{
    "pk": 45, 
    "model": "admin.logentry", 
    "fields": {
        "action_flag": 1, 
        "action_time": "2013-01-07T02:03:39.223Z", 
        "object_repr": "PHY413", 
        "object_id": "20", 
        "change_message": "", 
        "user": 1, 
        "content_type": 9
    }
},
{
    "pk": 46, 
    "model": "admin.logentry", 
    "fields": {
        "action_flag": 1, 
        "action_time": "2013-01-07T02:04:47.638Z", 
        "object_repr": "PHY493", 
        "object_id": "21", 
        "change_message": "", 
        "user": 1, 
        "content_type": 9
    }
},
{
    "pk": 47, 
    "model": "admin.logentry", 
    "fields": {
        "action_flag": 1, 
        "action_time": "2013-01-07T02:05:33.193Z", 
        "object_repr": "BSCEP", 
        "object_id": "6", 
        "change_message": "", 
        "user": 1, 
        "content_type": 8
    }
},
{
    "pk": 48, 
    "model": "admin.logentry", 
    "fields": {
        "action_flag": 1, 
        "action_time": "2013-01-07T02:05:45.910Z", 
        "object_repr": "BIB110", 
        "object_id": "22", 
        "change_message": "", 
        "user": 1, 
        "content_type": 9
    }
},
{
    "pk": 49, 
    "model": "admin.logentry", 
    "fields": {
        "action_flag": 1, 
        "action_time": "2013-01-07T02:06:11.391Z", 
        "object_repr": "BIB210", 
        "object_id": "23", 
        "change_message": "", 
        "user": 1, 
        "content_type": 9
    }
},
{
    "pk": 50, 
    "model": "admin.logentry", 
    "fields": {
        "action_flag": 1, 
        "action_time": "2013-01-07T02:07:36.053Z", 
        "object_repr": "REL313", 
        "object_id": "24", 
        "change_message": "", 
        "user": 1, 
        "content_type": 9
    }
},
{
    "pk": 51, 
    "model": "admin.logentry", 
    "fields": {
        "action_flag": 1, 
        "action_time": "2013-01-07T02:08:16.691Z", 
        "object_repr": "PHI413", 
        "object_id": "25", 
        "change_message": "", 
        "user": 1, 
        "content_type": 9
    }
},
{
    "pk": 52, 
    "model": "admin.logentry", 
    "fields": {
        "action_flag": 1, 
        "action_time": "2013-01-07T02:19:31.860Z", 
        "object_repr": "PHY393", 
        "object_id": "26", 
        "change_message": "", 
        "user": 1, 
        "content_type": 9
    }
},
{
    "pk": 53, 
    "model": "admin.logentry", 
    "fields": {
        "action_flag": 1, 
        "action_time": "2013-01-07T02:21:11.673Z", 
        "object_repr": "PhyBS Major Requirements", 
        "object_id": "1", 
        "change_message": "", 
        "user": 1, 
        "content_type": 10
    }
},
{
    "pk": 54, 
    "model": "admin.logentry", 
    "fields": {
        "action_flag": 1, 
        "action_time": "2013-01-07T02:21:57.014Z", 
        "object_repr": "PhyBS Major Requirements II", 
        "object_id": "2", 
        "change_message": "", 
        "user": 1, 
        "content_type": 10
    }
},
{
    "pk": 55, 
    "model": "admin.logentry", 
    "fields": {
        "action_flag": 1, 
        "action_time": "2013-01-07T02:22:58.455Z", 
        "object_repr": "CHE211", 
        "object_id": "27", 
        "change_message": "", 
        "user": 1, 
        "content_type": 9
    }
},
{
    "pk": 56, 
    "model": "admin.logentry", 
    "fields": {
        "action_flag": 1, 
        "action_time": "2013-01-07T02:23:24.004Z", 
        "object_repr": "CHE212", 
        "object_id": "28", 
        "change_message": "", 
        "user": 1, 
        "content_type": 9
    }
},
{
    "pk": 57, 
    "model": "admin.logentry", 
    "fields": {
        "action_flag": 1, 
        "action_time": "2013-01-07T02:24:04.475Z", 
        "object_repr": "COS120", 
        "object_id": "29", 
        "change_message": "", 
        "user": 1, 
        "content_type": 9
    }
},
{
    "pk": 58, 
    "model": "admin.logentry", 
    "fields": {
        "action_flag": 1, 
        "action_time": "2013-01-07T02:25:32.970Z", 
        "object_repr": "ENP104", 
        "object_id": "30", 
        "change_message": "", 
        "user": 1, 
        "content_type": 9
    }
},
{
    "pk": 59, 
    "model": "admin.logentry", 
    "fields": {
        "action_flag": 1, 
        "action_time": "2013-01-07T02:26:02.569Z", 
        "object_repr": "ENP105", 
        "object_id": "31", 
        "change_message": "", 
        "user": 1, 
        "content_type": 9
    }
},
{
    "pk": 60, 
    "model": "admin.logentry", 
    "fields": {
        "action_flag": 1, 
        "action_time": "2013-01-07T02:28:05.973Z", 
        "object_repr": "PhyBS Additional Major Requirements", 
        "object_id": "3", 
        "change_message": "", 
        "user": 1, 
        "content_type": 10
    }
},
{
    "pk": 61, 
    "model": "admin.logentry", 
    "fields": {
        "action_flag": 1, 
        "action_time": "2013-01-07T02:31:28.974Z", 
        "object_repr": "Interarea Studies", 
        "object_id": "7", 
        "change_message": "", 
        "user": 1, 
        "content_type": 8
    }
},
{
    "pk": 62, 
    "model": "admin.logentry", 
    "fields": {
        "action_flag": 1, 
        "action_time": "2013-01-07T02:31:42.752Z", 
        "object_repr": "IAS231", 
        "object_id": "32", 
        "change_message": "", 
        "user": 1, 
        "content_type": 9
    }
},
{
    "pk": 63, 
    "model": "admin.logentry", 
    "fields": {
        "action_flag": 1, 
        "action_time": "2013-01-07T02:32:00.943Z", 
        "object_repr": "School of Science", 
        "object_id": "8", 
        "change_message": "", 
        "user": 1, 
        "content_type": 8
    }
},
{
    "pk": 64, 
    "model": "admin.logentry", 
    "fields": {
        "action_flag": 1, 
        "action_time": "2013-01-07T02:32:12.257Z", 
        "object_repr": "NAS480", 
        "object_id": "33", 
        "change_message": "", 
        "user": 1, 
        "content_type": 9
    }
},
{
    "pk": 65, 
    "model": "admin.logentry", 
    "fields": {
        "action_flag": 2, 
        "action_time": "2013-01-07T02:32:25.779Z", 
        "object_repr": "IAS231", 
        "object_id": "32", 
        "change_message": "Changed credit_hours.", 
        "user": 1, 
        "content_type": 9
    }
},
{
    "pk": 66, 
    "model": "admin.logentry", 
    "fields": {
        "action_flag": 1, 
        "action_time": "2013-01-07T02:34:14.607Z", 
        "object_repr": "MAT352", 
        "object_id": "34", 
        "change_message": "", 
        "user": 1, 
        "content_type": 9
    }
},
{
    "pk": 67, 
    "model": "admin.logentry", 
    "fields": {
        "action_flag": 1, 
        "action_time": "2013-01-07T02:36:22.349Z", 
        "object_repr": "MAT382", 
        "object_id": "35", 
        "change_message": "", 
        "user": 1, 
        "content_type": 9
    }
},
{
    "pk": 68, 
    "model": "admin.logentry", 
    "fields": {
        "action_flag": 1, 
        "action_time": "2013-01-07T02:37:24.817Z", 
        "object_repr": "ENP301", 
        "object_id": "36", 
        "change_message": "", 
        "user": 1, 
        "content_type": 9
    }
},
{
    "pk": 69, 
    "model": "admin.logentry", 
    "fields": {
        "action_flag": 1, 
        "action_time": "2013-01-07T02:39:18.507Z", 
        "object_repr": "ENP331", 
        "object_id": "37", 
        "change_message": "", 
        "user": 1, 
        "content_type": 9
    }
},
{
    "pk": 70, 
    "model": "admin.logentry", 
    "fields": {
        "action_flag": 1, 
        "action_time": "2013-01-07T02:40:12.824Z", 
        "object_repr": "ENP252", 
        "object_id": "38", 
        "change_message": "", 
        "user": 1, 
        "content_type": 9
    }
},
{
    "pk": 71, 
    "model": "admin.logentry", 
    "fields": {
        "action_flag": 1, 
        "action_time": "2013-01-07T02:40:37.964Z", 
        "object_repr": "ENP302", 
        "object_id": "39", 
        "change_message": "", 
        "user": 1, 
        "content_type": 9
    }
},
{
    "pk": 72, 
    "model": "admin.logentry", 
    "fields": {
        "action_flag": 2, 
        "action_time": "2013-01-07T02:40:48.693Z", 
        "object_repr": "ENP252", 
        "object_id": "38", 
        "change_message": "Changed sp.", 
        "user": 1, 
        "content_type": 9
    }
},
{
    "pk": 73, 
    "model": "admin.logentry", 
    "fields": {
        "action_flag": 1, 
        "action_time": "2013-01-07T02:41:35.058Z", 
        "object_repr": "ENP341", 
        "object_id": "40", 
        "change_message": "", 
        "user": 1, 
        "content_type": 9
    }
},
{
    "pk": 74, 
    "model": "admin.logentry", 
    "fields": {
        "action_flag": 1, 
        "action_time": "2013-01-07T02:42:28.626Z", 
        "object_repr": "ENP392", 
        "object_id": "41", 
        "change_message": "", 
        "user": 1, 
        "content_type": 9
    }
},
{
    "pk": 75, 
    "model": "admin.logentry", 
    "fields": {
        "action_flag": 1, 
        "action_time": "2013-01-07T02:43:27.630Z", 
        "object_repr": "ENP321", 
        "object_id": "42", 
        "change_message": "", 
        "user": 1, 
        "content_type": 9
    }
},
{
    "pk": 76, 
    "model": "admin.logentry", 
    "fields": {
        "action_flag": 1, 
        "action_time": "2013-01-07T02:45:02.067Z", 
        "object_repr": "PhyBS Technical Electives", 
        "object_id": "4", 
        "change_message": "", 
        "user": 1, 
        "content_type": 10
    }
},
{
    "pk": 77, 
    "model": "admin.logentry", 
    "fields": {
        "action_flag": 1, 
        "action_time": "2013-01-07T02:46:29.701Z", 
        "object_repr": "PhyBS Sci & Rel/Nat Sci Sem", 
        "object_id": "5", 
        "change_message": "", 
        "user": 1, 
        "content_type": 10
    }
},
{
    "pk": 78, 
    "model": "admin.logentry", 
    "fields": {
        "action_flag": 1, 
        "action_time": "2013-01-07T02:48:01.822Z", 
        "object_repr": "IAS101", 
        "object_id": "43", 
        "change_message": "", 
        "user": 1, 
        "content_type": 9
    }
},
{
    "pk": 79, 
    "model": "admin.logentry", 
    "fields": {
        "action_flag": 1, 
        "action_time": "2013-01-07T02:48:29.439Z", 
        "object_repr": "IAS110", 
        "object_id": "44", 
        "change_message": "", 
        "user": 1, 
        "content_type": 9
    }
},
{
    "pk": 80, 
    "model": "admin.logentry", 
    "fields": {
        "action_flag": 1, 
        "action_time": "2013-01-07T02:49:03.881Z", 
        "object_repr": "IAS495", 
        "object_id": "45", 
        "change_message": "", 
        "user": 1, 
        "content_type": 9
    }
},
{
    "pk": 81, 
    "model": "admin.logentry", 
    "fields": {
        "action_flag": 1, 
        "action_time": "2013-01-07T02:50:26.213Z", 
        "object_repr": "GenEd Orientation & Spiritual Foundation", 
        "object_id": "6", 
        "change_message": "", 
        "user": 1, 
        "content_type": 10
    }
},
{
    "pk": 82, 
    "model": "admin.logentry", 
    "fields": {
        "action_flag": 1, 
        "action_time": "2013-01-07T02:51:09.560Z", 
        "object_repr": "Physics BS", 
        "object_id": "1", 
        "change_message": "", 
        "user": 1, 
        "content_type": 11
    }
},
{
    "pk": 83, 
    "model": "admin.logentry", 
    "fields": {
        "action_flag": 1, 
        "action_time": "2013-01-07T03:10:18.418Z", 
        "object_repr": "PHP", 
        "object_id": "9", 
        "change_message": "", 
        "user": 1, 
        "content_type": 8
    }
},
{
    "pk": 84, 
    "model": "admin.logentry", 
    "fields": {
        "action_flag": 1, 
        "action_time": "2013-01-07T03:11:09.353Z", 
        "object_repr": "PHP100", 
        "object_id": "46", 
        "change_message": "", 
        "user": 1, 
        "content_type": 9
    }
},
{
    "pk": 85, 
    "model": "admin.logentry", 
    "fields": {
        "action_flag": 1, 
        "action_time": "2013-01-07T03:11:48.349Z", 
        "object_repr": "PHY200x", 
        "object_id": "47", 
        "change_message": "", 
        "user": 1, 
        "content_type": 9
    }
},
{
    "pk": 86, 
    "model": "admin.logentry", 
    "fields": {
        "action_flag": 1, 
        "action_time": "2013-01-07T03:12:51.655Z", 
        "object_repr": "Humanities", 
        "object_id": "10", 
        "change_message": "", 
        "user": 1, 
        "content_type": 8
    }
},
{
    "pk": 87, 
    "model": "admin.logentry", 
    "fields": {
        "action_flag": 1, 
        "action_time": "2013-01-07T03:13:02.942Z", 
        "object_repr": "HUM230", 
        "object_id": "48", 
        "change_message": "", 
        "user": 1, 
        "content_type": 9
    }
},
{
    "pk": 88, 
    "model": "admin.logentry", 
    "fields": {
        "action_flag": 1, 
        "action_time": "2013-01-07T03:13:42.845Z", 
        "object_repr": "HUM330", 
        "object_id": "49", 
        "change_message": "", 
        "user": 1, 
        "content_type": 9
    }
},
{
    "pk": 89, 
    "model": "admin.logentry", 
    "fields": {
        "action_flag": 1, 
        "action_time": "2013-01-07T03:14:57.714Z", 
        "object_repr": "Art", 
        "object_id": "11", 
        "change_message": "", 
        "user": 1, 
        "content_type": 8
    }
},
{
    "pk": 90, 
    "model": "admin.logentry", 
    "fields": {
        "action_flag": 1, 
        "action_time": "2013-01-07T03:15:01.351Z", 
        "object_repr": "ARTxxx", 
        "object_id": "50", 
        "change_message": "", 
        "user": 1, 
        "content_type": 9
    }
},
{
    "pk": 91, 
    "model": "admin.logentry", 
    "fields": {
        "action_flag": 1, 
        "action_time": "2013-01-07T03:15:43.953Z", 
        "object_repr": "HUM250x", 
        "object_id": "51", 
        "change_message": "", 
        "user": 1, 
        "content_type": 9
    }
},
{
    "pk": 92, 
    "model": "admin.logentry", 
    "fields": {
        "action_flag": 1, 
        "action_time": "2013-01-07T03:16:05.108Z", 
        "object_repr": "Music", 
        "object_id": "12", 
        "change_message": "", 
        "user": 1, 
        "content_type": 8
    }
},
{
    "pk": 93, 
    "model": "admin.logentry", 
    "fields": {
        "action_flag": 1, 
        "action_time": "2013-01-07T03:16:21.361Z", 
        "object_repr": "MUSxxx", 
        "object_id": "52", 
        "change_message": "", 
        "user": 1, 
        "content_type": 9
    }
},
{
    "pk": 94, 
    "model": "admin.logentry", 
    "fields": {
        "action_flag": 1, 
        "action_time": "2013-01-07T03:17:08.718Z", 
        "object_repr": "MUSyyy", 
        "object_id": "53", 
        "change_message": "", 
        "user": 1, 
        "content_type": 9
    }
},
{
    "pk": 95, 
    "model": "admin.logentry", 
    "fields": {
        "action_flag": 1, 
        "action_time": "2013-01-07T03:17:32.885Z", 
        "object_repr": "Communications Studies", 
        "object_id": "13", 
        "change_message": "", 
        "user": 1, 
        "content_type": 8
    }
},
{
    "pk": 96, 
    "model": "admin.logentry", 
    "fields": {
        "action_flag": 1, 
        "action_time": "2013-01-07T03:18:00.532Z", 
        "object_repr": "CAS110", 
        "object_id": "54", 
        "change_message": "", 
        "user": 1, 
        "content_type": 9
    }
},
{
    "pk": 97, 
    "model": "admin.logentry", 
    "fields": {
        "action_flag": 1, 
        "action_time": "2013-01-07T03:18:34.665Z", 
        "object_repr": "CAS120", 
        "object_id": "55", 
        "change_message": "", 
        "user": 1, 
        "content_type": 9
    }
},
{
    "pk": 98, 
    "model": "admin.logentry", 
    "fields": {
        "action_flag": 1, 
        "action_time": "2013-01-07T03:18:49.312Z", 
        "object_repr": "English", 
        "object_id": "14", 
        "change_message": "", 
        "user": 1, 
        "content_type": 8
    }
},
{
    "pk": 99, 
    "model": "admin.logentry", 
    "fields": {
        "action_flag": 1, 
        "action_time": "2013-01-07T03:19:17.170Z", 
        "object_repr": "ENG110", 
        "object_id": "56", 
        "change_message": "", 
        "user": 1, 
        "content_type": 9
    }
},
{
    "pk": 100, 
    "model": "admin.logentry", 
    "fields": {
        "action_flag": 1, 
        "action_time": "2013-01-07T03:19:49.758Z", 
        "object_repr": "History", 
        "object_id": "15", 
        "change_message": "", 
        "user": 1, 
        "content_type": 8
    }
},
{
    "pk": 101, 
    "model": "admin.logentry", 
    "fields": {
        "action_flag": 1, 
        "action_time": "2013-01-07T03:20:12.353Z", 
        "object_repr": "HISxxx", 
        "object_id": "57", 
        "change_message": "", 
        "user": 1, 
        "content_type": 9
    }
},
{
    "pk": 102, 
    "model": "admin.logentry", 
    "fields": {
        "action_flag": 1, 
        "action_time": "2013-01-07T03:21:01.672Z", 
        "object_repr": "ENG230", 
        "object_id": "58", 
        "change_message": "", 
        "user": 1, 
        "content_type": 9
    }
},
{
    "pk": 103, 
    "model": "admin.logentry", 
    "fields": {
        "action_flag": 1, 
        "action_time": "2013-01-07T03:21:31.468Z", 
        "object_repr": "ENG240", 
        "object_id": "59", 
        "change_message": "", 
        "user": 1, 
        "content_type": 9
    }
},
{
    "pk": 104, 
    "model": "admin.logentry", 
    "fields": {
        "action_flag": 1, 
        "action_time": "2013-01-07T03:22:32.777Z", 
        "object_repr": "ENG250", 
        "object_id": "60", 
        "change_message": "", 
        "user": 1, 
        "content_type": 9
    }
},
{
    "pk": 105, 
    "model": "admin.logentry", 
    "fields": {
        "action_flag": 1, 
        "action_time": "2013-01-07T03:24:18.731Z", 
        "object_repr": "GenEd Stewardship of the Body", 
        "object_id": "7", 
        "change_message": "", 
        "user": 1, 
        "content_type": 10
    }
},
{
    "pk": 106, 
    "model": "admin.logentry", 
    "fields": {
        "action_flag": 2, 
        "action_time": "2013-01-07T03:24:38.993Z", 
        "object_repr": "PHP200x", 
        "object_id": "47", 
        "change_message": "Changed number.", 
        "user": 1, 
        "content_type": 9
    }
},
{
    "pk": 107, 
    "model": "admin.logentry", 
    "fields": {
        "action_flag": 2, 
        "action_time": "2013-01-07T03:24:58.655Z", 
        "object_repr": "GenEd Stewardship of the Body", 
        "object_id": "7", 
        "change_message": "Changed courselist.", 
        "user": 1, 
        "content_type": 10
    }
},
{
    "pk": 108, 
    "model": "admin.logentry", 
    "fields": {
        "action_flag": 1, 
        "action_time": "2013-01-07T03:26:20.870Z", 
        "object_repr": "GenEd Fine Arts I", 
        "object_id": "8", 
        "change_message": "", 
        "user": 1, 
        "content_type": 10
    }
},
{
    "pk": 109, 
    "model": "admin.logentry", 
    "fields": {
        "action_flag": 1, 
        "action_time": "2013-01-07T03:27:08.329Z", 
        "object_repr": "GenEd Fine Arts II", 
        "object_id": "9", 
        "change_message": "", 
        "user": 1, 
        "content_type": 10
    }
},
{
    "pk": 110, 
    "model": "admin.logentry", 
    "fields": {
        "action_flag": 1, 
        "action_time": "2013-01-07T03:27:38.687Z", 
        "object_repr": "GenEd Speaking", 
        "object_id": "10", 
        "change_message": "", 
        "user": 1, 
        "content_type": 10
    }
},
{
    "pk": 111, 
    "model": "admin.logentry", 
    "fields": {
        "action_flag": 1, 
        "action_time": "2013-01-07T03:28:10.808Z", 
        "object_repr": "GenEd History", 
        "object_id": "11", 
        "change_message": "", 
        "user": 1, 
        "content_type": 10
    }
},
{
    "pk": 112, 
    "model": "admin.logentry", 
    "fields": {
        "action_flag": 1, 
        "action_time": "2013-01-07T03:28:57.177Z", 
        "object_repr": "GenEd Literature", 
        "object_id": "12", 
        "change_message": "", 
        "user": 1, 
        "content_type": 10
    }
},
{
    "pk": 113, 
    "model": "admin.logentry", 
    "fields": {
        "action_flag": 1, 
        "action_time": "2013-01-07T03:29:38.862Z", 
        "object_repr": "BIO100", 
        "object_id": "61", 
        "change_message": "", 
        "user": 1, 
        "content_type": 9
    }
},
{
    "pk": 114, 
    "model": "admin.logentry", 
    "fields": {
        "action_flag": 1, 
        "action_time": "2013-01-07T03:30:15.508Z", 
        "object_repr": "BIO101", 
        "object_id": "62", 
        "change_message": "", 
        "user": 1, 
        "content_type": 9
    }
},
{
    "pk": 115, 
    "model": "admin.logentry", 
    "fields": {
        "action_flag": 1, 
        "action_time": "2013-01-07T03:30:54.924Z", 
        "object_repr": "Environmental Science", 
        "object_id": "16", 
        "change_message": "", 
        "user": 1, 
        "content_type": 8
    }
},
{
    "pk": 116, 
    "model": "admin.logentry", 
    "fields": {
        "action_flag": 1, 
        "action_time": "2013-01-07T03:31:12.044Z", 
        "object_repr": "ENS200", 
        "object_id": "63", 
        "change_message": "", 
        "user": 1, 
        "content_type": 9
    }
},
{
    "pk": 117, 
    "model": "admin.logentry", 
    "fields": {
        "action_flag": 1, 
        "action_time": "2013-01-07T03:32:18.992Z", 
        "object_repr": "ENS241", 
        "object_id": "64", 
        "change_message": "", 
        "user": 1, 
        "content_type": 9
    }
},
{
    "pk": 118, 
    "model": "admin.logentry", 
    "fields": {
        "action_flag": 1, 
        "action_time": "2013-01-07T03:33:34.749Z", 
        "object_repr": "Business", 
        "object_id": "17", 
        "change_message": "", 
        "user": 1, 
        "content_type": 8
    }
},
{
    "pk": 119, 
    "model": "admin.logentry", 
    "fields": {
        "action_flag": 1, 
        "action_time": "2013-01-07T03:34:02.533Z", 
        "object_repr": "ECO201", 
        "object_id": "65", 
        "change_message": "", 
        "user": 1, 
        "content_type": 9
    }
},
{
    "pk": 120, 
    "model": "admin.logentry", 
    "fields": {
        "action_flag": 1, 
        "action_time": "2013-01-07T03:34:39.954Z", 
        "object_repr": "Psychology", 
        "object_id": "18", 
        "change_message": "", 
        "user": 1, 
        "content_type": 8
    }
},
{
    "pk": 121, 
    "model": "admin.logentry", 
    "fields": {
        "action_flag": 1, 
        "action_time": "2013-01-07T03:35:03.501Z", 
        "object_repr": "PSY200", 
        "object_id": "66", 
        "change_message": "", 
        "user": 1, 
        "content_type": 9
    }
},
{
    "pk": 122, 
    "model": "admin.logentry", 
    "fields": {
        "action_flag": 1, 
        "action_time": "2013-01-07T03:36:20.025Z", 
        "object_repr": "Political Science", 
        "object_id": "19", 
        "change_message": "", 
        "user": 1, 
        "content_type": 8
    }
},
{
    "pk": 123, 
    "model": "admin.logentry", 
    "fields": {
        "action_flag": 1, 
        "action_time": "2013-01-07T03:38:47.158Z", 
        "object_repr": "POS100", 
        "object_id": "67", 
        "change_message": "", 
        "user": 1, 
        "content_type": 9
    }
},
{
    "pk": 124, 
    "model": "admin.logentry", 
    "fields": {
        "action_flag": 1, 
        "action_time": "2013-01-07T03:40:16.107Z", 
        "object_repr": "GenEd Life or Earth Science", 
        "object_id": "13", 
        "change_message": "", 
        "user": 1, 
        "content_type": 10
    }
},
{
    "pk": 125, 
    "model": "admin.logentry", 
    "fields": {
        "action_flag": 1, 
        "action_time": "2013-01-07T03:43:27.622Z", 
        "object_repr": "Sociology", 
        "object_id": "20", 
        "change_message": "", 
        "user": 1, 
        "content_type": 8
    }
},
{
    "pk": 126, 
    "model": "admin.logentry", 
    "fields": {
        "action_flag": 1, 
        "action_time": "2013-01-07T03:43:45.782Z", 
        "object_repr": "SOC100", 
        "object_id": "68", 
        "change_message": "", 
        "user": 1, 
        "content_type": 9
    }
},
{
    "pk": 127, 
    "model": "admin.logentry", 
    "fields": {
        "action_flag": 1, 
        "action_time": "2013-01-07T03:43:53.961Z", 
        "object_repr": "GenEd Social Science", 
        "object_id": "14", 
        "change_message": "", 
        "user": 1, 
        "content_type": 10
    }
},
{
    "pk": 128, 
    "model": "admin.logentry", 
    "fields": {
        "action_flag": 2, 
        "action_time": "2013-01-07T03:44:08.236Z", 
        "object_repr": "Physics BS", 
        "object_id": "1", 
        "change_message": "No fields changed.", 
        "user": 1, 
        "content_type": 11
    }
},
{
    "pk": 129, 
    "model": "admin.logentry", 
    "fields": {
        "action_flag": 2, 
        "action_time": "2013-01-07T03:52:22.500Z", 
        "object_repr": "Physics BS", 
        "object_id": "1", 
        "change_message": "Changed major_requirements.", 
        "user": 1, 
        "content_type": 11
    }
},
{
    "pk": 130, 
    "model": "admin.logentry", 
    "fields": {
        "action_flag": 2, 
        "action_time": "2013-01-07T03:52:27.782Z", 
        "object_repr": "Physics BS", 
        "object_id": "1", 
        "change_message": "No fields changed.", 
        "user": 1, 
        "content_type": 11
    }
},
{
    "pk": 131, 
    "model": "admin.logentry", 
    "fields": {
        "action_flag": 1, 
        "action_time": "2013-01-07T03:54:01.898Z", 
        "object_repr": "GenEd Writing", 
        "object_id": "15", 
        "change_message": "", 
        "user": 1, 
        "content_type": 10
    }
},
{
    "pk": 132, 
    "model": "admin.logentry", 
    "fields": {
        "action_flag": 2, 
        "action_time": "2013-01-07T03:54:11.789Z", 
        "object_repr": "Physics BS", 
        "object_id": "1", 
        "change_message": "Changed major_requirements.", 
        "user": 1, 
        "content_type": 11
    }
},
{
    "pk": 133, 
    "model": "admin.logentry", 
    "fields": {
        "action_flag": 1, 
        "action_time": "2013-01-07T12:02:21.115Z", 
        "object_repr": "COS121", 
        "object_id": "69", 
        "change_message": "", 
        "user": 1, 
        "content_type": 9
    }
},
{
    "pk": 134, 
    "model": "admin.logentry", 
    "fields": {
        "action_flag": 1, 
        "action_time": "2013-01-07T12:08:42.902Z", 
        "object_repr": "COS143", 
        "object_id": "70", 
        "change_message": "", 
        "user": 1, 
        "content_type": 9
    }
},
{
    "pk": 135, 
    "model": "admin.logentry", 
    "fields": {
        "action_flag": 1, 
        "action_time": "2013-01-07T12:10:19.743Z", 
        "object_repr": "COS243", 
        "object_id": "71", 
        "change_message": "", 
        "user": 1, 
        "content_type": 9
    }
},
{
    "pk": 136, 
    "model": "admin.logentry", 
    "fields": {
        "action_flag": 1, 
        "action_time": "2013-01-07T12:11:16.941Z", 
        "object_repr": "COS265", 
        "object_id": "72", 
        "change_message": "", 
        "user": 1, 
        "content_type": 9
    }
},
{
    "pk": 137, 
    "model": "admin.logentry", 
    "fields": {
        "action_flag": 1, 
        "action_time": "2013-01-07T12:12:09.628Z", 
        "object_repr": "COS284", 
        "object_id": "73", 
        "change_message": "", 
        "user": 1, 
        "content_type": 9
    }
},
{
    "pk": 138, 
    "model": "admin.logentry", 
    "fields": {
        "action_flag": 1, 
        "action_time": "2013-01-07T12:12:55.400Z", 
        "object_repr": "COS310", 
        "object_id": "74", 
        "change_message": "", 
        "user": 1, 
        "content_type": 9
    }
},
{
    "pk": 139, 
    "model": "admin.logentry", 
    "fields": {
        "action_flag": 1, 
        "action_time": "2013-01-07T12:13:41.865Z", 
        "object_repr": "COS311", 
        "object_id": "75", 
        "change_message": "", 
        "user": 1, 
        "content_type": 9
    }
},
{
    "pk": 140, 
    "model": "admin.logentry", 
    "fields": {
        "action_flag": 1, 
        "action_time": "2013-01-07T12:14:51.480Z", 
        "object_repr": "COS320", 
        "object_id": "76", 
        "change_message": "", 
        "user": 1, 
        "content_type": 9
    }
},
{
    "pk": 141, 
    "model": "admin.logentry", 
    "fields": {
        "action_flag": 1, 
        "action_time": "2013-01-07T12:16:09.251Z", 
        "object_repr": "COS382", 
        "object_id": "77", 
        "change_message": "", 
        "user": 1, 
        "content_type": 9
    }
},
{
    "pk": 142, 
    "model": "admin.logentry", 
    "fields": {
        "action_flag": 1, 
        "action_time": "2013-01-07T12:18:25.466Z", 
        "object_repr": "COS435", 
        "object_id": "78", 
        "change_message": "", 
        "user": 1, 
        "content_type": 9
    }
},
{
    "pk": 143, 
    "model": "admin.logentry", 
    "fields": {
        "action_flag": 1, 
        "action_time": "2013-01-07T12:20:05.451Z", 
        "object_repr": "COS452", 
        "object_id": "79", 
        "change_message": "", 
        "user": 1, 
        "content_type": 9
    }
},
{
    "pk": 144, 
    "model": "admin.logentry", 
    "fields": {
        "action_flag": 1, 
        "action_time": "2013-01-07T12:20:52.296Z", 
        "object_repr": "COS453", 
        "object_id": "80", 
        "change_message": "", 
        "user": 1, 
        "content_type": 9
    }
},
{
    "pk": 145, 
    "model": "admin.logentry", 
    "fields": {
        "action_flag": 1, 
        "action_time": "2013-01-07T12:22:51.797Z", 
        "object_repr": "COS493", 
        "object_id": "81", 
        "change_message": "", 
        "user": 1, 
        "content_type": 9
    }
},
{
    "pk": 146, 
    "model": "admin.logentry", 
    "fields": {
        "action_flag": 1, 
        "action_time": "2013-01-07T12:24:45.922Z", 
        "object_repr": "MAT215", 
        "object_id": "82", 
        "change_message": "", 
        "user": 1, 
        "content_type": 9
    }
},
{
    "pk": 147, 
    "model": "admin.logentry", 
    "fields": {
        "action_flag": 1, 
        "action_time": "2013-01-07T12:25:37.316Z", 
        "object_repr": "SYS101", 
        "object_id": "83", 
        "change_message": "", 
        "user": 1, 
        "content_type": 9
    }
},
{
    "pk": 148, 
    "model": "admin.logentry", 
    "fields": {
        "action_flag": 1, 
        "action_time": "2013-01-07T12:27:19.664Z", 
        "object_repr": "MAT210", 
        "object_id": "84", 
        "change_message": "", 
        "user": 1, 
        "content_type": 9
    }
},
{
    "pk": 149, 
    "model": "admin.logentry", 
    "fields": {
        "action_flag": 1, 
        "action_time": "2013-01-07T12:28:30.800Z", 
        "object_repr": "COS381", 
        "object_id": "85", 
        "change_message": "", 
        "user": 1, 
        "content_type": 9
    }
},
{
    "pk": 150, 
    "model": "admin.logentry", 
    "fields": {
        "action_flag": 1, 
        "action_time": "2013-01-07T12:29:27.904Z", 
        "object_repr": "COS421", 
        "object_id": "86", 
        "change_message": "", 
        "user": 1, 
        "content_type": 9
    }
},
{
    "pk": 151, 
    "model": "admin.logentry", 
    "fields": {
        "action_flag": 1, 
        "action_time": "2013-01-07T12:31:13.388Z", 
        "object_repr": "COS436", 
        "object_id": "87", 
        "change_message": "", 
        "user": 1, 
        "content_type": 9
    }
},
{
    "pk": 152, 
    "model": "admin.logentry", 
    "fields": {
        "action_flag": 1, 
        "action_time": "2013-01-07T12:33:34.920Z", 
        "object_repr": "COSBs Core Requirements", 
        "object_id": "16", 
        "change_message": "", 
        "user": 1, 
        "content_type": 10
    }
},
{
    "pk": 153, 
    "model": "admin.logentry", 
    "fields": {
        "action_flag": 1, 
        "action_time": "2013-01-07T12:34:18.083Z", 
        "object_repr": "COSBs Statistics", 
        "object_id": "17", 
        "change_message": "", 
        "user": 1, 
        "content_type": 10
    }
},
{
    "pk": 154, 
    "model": "admin.logentry", 
    "fields": {
        "action_flag": 1, 
        "action_time": "2013-01-07T12:35:14.713Z", 
        "object_repr": "COSBs Technical Electives", 
        "object_id": "18", 
        "change_message": "", 
        "user": 1, 
        "content_type": 10
    }
},
{
    "pk": 155, 
    "model": "admin.logentry", 
    "fields": {
        "action_flag": 1, 
        "action_time": "2013-01-07T12:36:47.064Z", 
        "object_repr": "COSBs Scientific Computing Track", 
        "object_id": "19", 
        "change_message": "", 
        "user": 1, 
        "content_type": 10
    }
},
{
    "pk": 156, 
    "model": "admin.logentry", 
    "fields": {
        "action_flag": 2, 
        "action_time": "2013-01-07T12:37:05.557Z", 
        "object_repr": "COSBs Core Requirements", 
        "object_id": "16", 
        "change_message": "No fields changed.", 
        "user": 1, 
        "content_type": 10
    }
},
{
    "pk": 157, 
    "model": "admin.logentry", 
    "fields": {
        "action_flag": 1, 
        "action_time": "2013-01-07T12:40:04.441Z", 
        "object_repr": "COS240", 
        "object_id": "88", 
        "change_message": "", 
        "user": 1, 
        "content_type": 9
    }
},
{
    "pk": 158, 
    "model": "admin.logentry", 
    "fields": {
        "action_flag": 1, 
        "action_time": "2013-01-07T12:40:07.542Z", 
        "object_repr": "COSBs SC Technical Electives II", 
        "object_id": "20", 
        "change_message": "", 
        "user": 1, 
        "content_type": 10
    }
},
{
    "pk": 159, 
    "model": "admin.logentry", 
    "fields": {
        "action_flag": 1, 
        "action_time": "2013-01-07T12:42:09.155Z", 
        "object_repr": "COS230", 
        "object_id": "89", 
        "change_message": "", 
        "user": 1, 
        "content_type": 9
    }
},
{
    "pk": 160, 
    "model": "admin.logentry", 
    "fields": {
        "action_flag": 1, 
        "action_time": "2013-01-07T12:43:30.981Z", 
        "object_repr": "COS280", 
        "object_id": "90", 
        "change_message": "", 
        "user": 1, 
        "content_type": 9
    }
},
{
    "pk": 161, 
    "model": "admin.logentry", 
    "fields": {
        "action_flag": 1, 
        "action_time": "2013-01-07T12:45:04.984Z", 
        "object_repr": "SYS214", 
        "object_id": "91", 
        "change_message": "", 
        "user": 1, 
        "content_type": 9
    }
},
{
    "pk": 162, 
    "model": "admin.logentry", 
    "fields": {
        "action_flag": 1, 
        "action_time": "2013-01-07T12:45:14.458Z", 
        "object_repr": "COSBs SC Technical Electives II", 
        "object_id": "21", 
        "change_message": "", 
        "user": 1, 
        "content_type": 10
    }
},
{
    "pk": 163, 
    "model": "admin.logentry", 
    "fields": {
        "action_flag": 1, 
        "action_time": "2013-01-07T12:49:51.097Z", 
        "object_repr": "COS106", 
        "object_id": "92", 
        "change_message": "", 
        "user": 1, 
        "content_type": 9
    }
},
{
    "pk": 164, 
    "model": "admin.logentry", 
    "fields": {
        "action_flag": 1, 
        "action_time": "2013-01-07T12:50:15.017Z", 
        "object_repr": "GenEd CompSci", 
        "object_id": "22", 
        "change_message": "", 
        "user": 1, 
        "content_type": 10
    }
},
{
    "pk": 165, 
    "model": "admin.logentry", 
    "fields": {
        "action_flag": 1, 
        "action_time": "2013-01-07T12:51:20.227Z", 
        "object_repr": "GenEd Science", 
        "object_id": "23", 
        "change_message": "", 
        "user": 1, 
        "content_type": 10
    }
},
{
    "pk": 166, 
    "model": "admin.logentry", 
    "fields": {
        "action_flag": 1, 
        "action_time": "2013-01-07T12:51:25.658Z", 
        "object_repr": "Computer Science BS -- Scientific Computing Track", 
        "object_id": "2", 
        "change_message": "", 
        "user": 1, 
        "content_type": 11
    }
},
{
    "pk": 167, 
    "model": "admin.logentry", 
    "fields": {
        "action_flag": 1, 
        "action_time": "2013-01-07T13:16:36.214Z", 
        "object_repr": "IAS120", 
        "object_id": "93", 
        "change_message": "", 
        "user": 1, 
        "content_type": 9
    }
},
{
    "pk": 168, 
    "model": "admin.logentry", 
    "fields": {
        "action_flag": 1, 
        "action_time": "2013-01-07T13:16:46.166Z", 
        "object_repr": "IAS320", 
        "object_id": "94", 
        "change_message": "", 
        "user": 1, 
        "content_type": 9
    }
},
{
    "pk": 169, 
    "model": "admin.logentry", 
    "fields": {
        "action_flag": 2, 
        "action_time": "2013-01-08T22:10:38.233Z", 
        "object_repr": "GenEd Stewardship of the Body", 
        "object_id": "7", 
        "change_message": "Changed list_order.", 
        "user": 1, 
        "content_type": 10
    }
},
{
    "pk": 170, 
    "model": "admin.logentry", 
    "fields": {
        "action_flag": 1, 
        "action_time": "2013-01-10T11:31:59.065Z", 
        "object_repr": "EnteringYear object", 
        "object_id": "1", 
        "change_message": "", 
        "user": 1, 
        "content_type": 16
    }
},
{
    "pk": 171, 
    "model": "admin.logentry", 
    "fields": {
        "action_flag": 1, 
        "action_time": "2013-01-10T11:32:20.934Z", 
        "object_repr": "EnteringYear object", 
        "object_id": "2", 
        "change_message": "", 
        "user": 1, 
        "content_type": 16
    }
},
{
    "pk": 172, 
    "model": "admin.logentry", 
    "fields": {
        "action_flag": 1, 
        "action_time": "2013-01-10T11:32:26.340Z", 
        "object_repr": "EnteringYear object", 
        "object_id": "3", 
        "change_message": "", 
        "user": 1, 
        "content_type": 16
    }
},
{
    "pk": 173, 
    "model": "admin.logentry", 
    "fields": {
        "action_flag": 1, 
        "action_time": "2013-01-10T11:32:26.464Z", 
        "object_repr": "EnteringYear object", 
        "object_id": "4", 
        "change_message": "", 
        "user": 1, 
        "content_type": 16
    }
},
{
    "pk": 174, 
    "model": "admin.logentry", 
    "fields": {
        "action_flag": 3, 
        "action_time": "2013-01-10T11:32:38.707Z", 
        "object_repr": "EnteringYear object", 
        "object_id": "4", 
        "change_message": "", 
        "user": 1, 
        "content_type": 16
    }
},
{
    "pk": 175, 
    "model": "admin.logentry", 
    "fields": {
        "action_flag": 3, 
        "action_time": "2013-01-10T11:33:13.054Z", 
        "object_repr": "EnteringYear object", 
        "object_id": "4", 
        "change_message": "", 
        "user": 1, 
        "content_type": 16
    }
},
{
    "pk": 176, 
    "model": "admin.logentry", 
    "fields": {
        "action_flag": 1, 
        "action_time": "2013-01-10T11:39:19.913Z", 
        "object_repr": "EnteringYear object", 
        "object_id": "1", 
        "change_message": "", 
        "user": 1, 
        "content_type": 16
    }
},
{
    "pk": 177, 
    "model": "admin.logentry", 
    "fields": {
        "action_flag": 1, 
        "action_time": "2013-01-10T11:39:27.035Z", 
        "object_repr": "EnteringYear object", 
        "object_id": "2", 
        "change_message": "", 
        "user": 1, 
        "content_type": 16
    }
},
{
    "pk": 178, 
    "model": "admin.logentry", 
    "fields": {
        "action_flag": 1, 
        "action_time": "2013-01-10T11:39:33.931Z", 
        "object_repr": "EnteringYear object", 
        "object_id": "3", 
        "change_message": "", 
        "user": 1, 
        "content_type": 16
    }
},
{
    "pk": 179, 
    "model": "admin.logentry", 
    "fields": {
        "action_flag": 3, 
        "action_time": "2013-01-10T11:39:41.324Z", 
        "object_repr": "EnteringYear object", 
        "object_id": "3", 
        "change_message": "", 
        "user": 1, 
        "content_type": 16
    }
},
{
    "pk": 180, 
    "model": "admin.logentry", 
    "fields": {
        "action_flag": 1, 
        "action_time": "2013-01-10T11:39:49.799Z", 
        "object_repr": "EnteringYear object", 
        "object_id": "3", 
        "change_message": "", 
        "user": 1, 
        "content_type": 16
    }
},
{
    "pk": 181, 
    "model": "admin.logentry", 
    "fields": {
        "action_flag": 1, 
        "action_time": "2013-01-10T11:40:03.499Z", 
        "object_repr": "EnteringYear object", 
        "object_id": "4", 
        "change_message": "", 
        "user": 1, 
        "content_type": 16
    }
},
{
    "pk": 182, 
    "model": "admin.logentry", 
    "fields": {
        "action_flag": 1, 
        "action_time": "2013-01-10T11:40:12.849Z", 
        "object_repr": "EnteringYear object", 
        "object_id": "5", 
        "change_message": "", 
        "user": 1, 
        "content_type": 16
    }
},
{
    "pk": 183, 
    "model": "admin.logentry", 
    "fields": {
        "action_flag": 1, 
        "action_time": "2013-01-10T11:40:19.737Z", 
        "object_repr": "EnteringYear object", 
        "object_id": "6", 
        "change_message": "", 
        "user": 1, 
        "content_type": 16
    }
},
{
    "pk": 184, 
    "model": "admin.logentry", 
    "fields": {
        "action_flag": 1, 
        "action_time": "2013-01-10T11:40:26.141Z", 
        "object_repr": "EnteringYear object", 
        "object_id": "7", 
        "change_message": "", 
        "user": 1, 
        "content_type": 16
    }
},
{
    "pk": 185, 
    "model": "admin.logentry", 
    "fields": {
        "action_flag": 1, 
        "action_time": "2013-01-10T11:40:32.139Z", 
        "object_repr": "EnteringYear object", 
        "object_id": "8", 
        "change_message": "", 
        "user": 1, 
        "content_type": 16
    }
},
{
    "pk": 186, 
    "model": "admin.logentry", 
    "fields": {
        "action_flag": 1, 
        "action_time": "2013-01-10T11:40:38.452Z", 
        "object_repr": "EnteringYear object", 
        "object_id": "9", 
        "change_message": "", 
        "user": 1, 
        "content_type": 16
    }
},
{
    "pk": 187, 
    "model": "admin.logentry", 
    "fields": {
        "action_flag": 1, 
        "action_time": "2013-01-10T11:40:44.011Z", 
        "object_repr": "EnteringYear object", 
        "object_id": "10", 
        "change_message": "", 
        "user": 1, 
        "content_type": 16
    }
},
{
    "pk": 188, 
    "model": "admin.logentry", 
    "fields": {
        "action_flag": 1, 
        "action_time": "2013-01-10T11:40:50.718Z", 
        "object_repr": "EnteringYear object", 
        "object_id": "11", 
        "change_message": "", 
        "user": 1, 
        "content_type": 16
    }
},
{
    "pk": 189, 
    "model": "admin.logentry", 
    "fields": {
        "action_flag": 1, 
        "action_time": "2013-01-10T11:45:55.458Z", 
        "object_repr": "Physics BS, entering even years", 
        "object_id": "1", 
        "change_message": "", 
        "user": 1, 
        "content_type": 17
    }
},
{
    "pk": 190, 
    "model": "admin.logentry", 
    "fields": {
        "action_flag": 3, 
        "action_time": "2013-01-10T16:47:21.097Z", 
        "object_repr": "leah3", 
        "object_id": "16", 
        "change_message": "", 
        "user": 1, 
        "content_type": 3
    }
},
{
    "pk": 191, 
    "model": "admin.logentry", 
    "fields": {
        "action_flag": 3, 
        "action_time": "2013-01-10T16:47:21.100Z", 
        "object_repr": "leah4", 
        "object_id": "17", 
        "change_message": "", 
        "user": 1, 
        "content_type": 3
    }
},
{
    "pk": 192, 
    "model": "admin.logentry", 
    "fields": {
        "action_flag": 3, 
        "action_time": "2013-01-10T16:47:21.101Z", 
        "object_repr": "leah5", 
        "object_id": "18", 
        "change_message": "", 
        "user": 1, 
        "content_type": 3
    }
},
{
    "pk": 193, 
    "model": "admin.logentry", 
    "fields": {
        "action_flag": 3, 
        "action_time": "2013-01-10T16:47:21.103Z", 
        "object_repr": "leah6", 
        "object_id": "19", 
        "change_message": "", 
        "user": 1, 
        "content_type": 3
    }
},
{
    "pk": 194, 
    "model": "admin.logentry", 
    "fields": {
        "action_flag": 3, 
        "action_time": "2013-01-10T16:47:21.105Z", 
        "object_repr": "leahkiers", 
        "object_id": "3", 
        "change_message": "", 
        "user": 1, 
        "content_type": 3
    }
},
{
    "pk": 195, 
    "model": "admin.logentry", 
    "fields": {
        "action_flag": 3, 
        "action_time": "2013-01-10T16:47:21.107Z", 
        "object_repr": "leahkiers2", 
        "object_id": "15", 
        "change_message": "", 
        "user": 1, 
        "content_type": 3
    }
},
{
    "pk": 196, 
    "model": "admin.logentry", 
    "fields": {
        "action_flag": 3, 
        "action_time": "2013-01-10T16:47:21.108Z", 
        "object_repr": "paulmccartney", 
        "object_id": "5", 
        "change_message": "", 
        "user": 1, 
        "content_type": 3
    }
},
{
    "pk": 197, 
    "model": "admin.logentry", 
    "fields": {
        "action_flag": 3, 
        "action_time": "2013-01-10T16:47:21.110Z", 
        "object_repr": "paulmccartney2", 
        "object_id": "6", 
        "change_message": "", 
        "user": 1, 
        "content_type": 3
    }
},
{
    "pk": 198, 
    "model": "admin.logentry", 
    "fields": {
        "action_flag": 3, 
        "action_time": "2013-01-10T16:47:21.112Z", 
        "object_repr": "paulmccartney3", 
        "object_id": "7", 
        "change_message": "", 
        "user": 1, 
        "content_type": 3
    }
},
{
    "pk": 199, 
    "model": "admin.logentry", 
    "fields": {
        "action_flag": 3, 
        "action_time": "2013-01-10T16:47:21.113Z", 
        "object_repr": "paulmccartney4", 
        "object_id": "8", 
        "change_message": "", 
        "user": 1, 
        "content_type": 3
    }
},
{
    "pk": 200, 
    "model": "admin.logentry", 
    "fields": {
        "action_flag": 3, 
        "action_time": "2013-01-10T16:47:21.115Z", 
        "object_repr": "pm", 
        "object_id": "9", 
        "change_message": "", 
        "user": 1, 
        "content_type": 3
    }
},
{
    "pk": 201, 
    "model": "admin.logentry", 
    "fields": {
        "action_flag": 3, 
        "action_time": "2013-01-10T16:47:21.116Z", 
        "object_repr": "pm2", 
        "object_id": "10", 
        "change_message": "", 
        "user": 1, 
        "content_type": 3
    }
},
{
    "pk": 202, 
    "model": "admin.logentry", 
    "fields": {
        "action_flag": 3, 
        "action_time": "2013-01-10T16:47:21.118Z", 
        "object_repr": "pm3", 
        "object_id": "11", 
        "change_message": "", 
        "user": 1, 
        "content_type": 3
    }
},
{
    "pk": 203, 
    "model": "admin.logentry", 
    "fields": {
        "action_flag": 3, 
        "action_time": "2013-01-10T16:47:21.120Z", 
        "object_repr": "pm4", 
        "object_id": "12", 
        "change_message": "", 
        "user": 1, 
        "content_type": 3
    }
},
{
    "pk": 204, 
    "model": "admin.logentry", 
    "fields": {
        "action_flag": 3, 
        "action_time": "2013-01-10T16:47:21.122Z", 
        "object_repr": "pm5", 
        "object_id": "13", 
        "change_message": "", 
        "user": 1, 
        "content_type": 3
    }
},
{
    "pk": 205, 
    "model": "admin.logentry", 
    "fields": {
        "action_flag": 3, 
        "action_time": "2013-01-10T16:47:21.125Z", 
        "object_repr": "pm6", 
        "object_id": "14", 
        "change_message": "", 
        "user": 1, 
        "content_type": 3
    }
},
{
    "pk": 206, 
    "model": "admin.logentry", 
    "fields": {
        "action_flag": 3, 
        "action_time": "2013-01-10T16:47:21.126Z", 
        "object_repr": "stefan2", 
        "object_id": "21", 
        "change_message": "", 
        "user": 1, 
        "content_type": 3
    }
},
{
    "pk": 207, 
    "model": "admin.logentry", 
    "fields": {
        "action_flag": 3, 
        "action_time": "2013-01-10T16:47:21.128Z", 
        "object_repr": "temp2", 
        "object_id": "20", 
        "change_message": "", 
        "user": 1, 
        "content_type": 3
    }
},
{
    "pk": 208, 
    "model": "admin.logentry", 
    "fields": {
        "action_flag": 2, 
        "action_time": "2013-01-10T18:36:29.479Z", 
        "object_repr": "Physics BS, entering even years", 
        "object_id": "1", 
        "change_message": "Changed freshman_fall_courses, freshman_spring_courses, sophomore_spring_courses, junior_fall_courses, junior_spring_courses, junior_summer_courses, senior_fall_courses, senior_jterm_courses and senior_spring_courses.", 
        "user": 1, 
        "content_type": 17
    }
},
{
    "pk": 209, 
    "model": "admin.logentry", 
    "fields": {
        "action_flag": 1, 
        "action_time": "2013-01-10T23:12:44.123Z", 
        "object_repr": "professor", 
        "object_id": "6", 
        "change_message": "", 
        "user": 1, 
        "content_type": 3
    }
},
{
    "pk": 210, 
    "model": "admin.logentry", 
    "fields": {
        "action_flag": 2, 
        "action_time": "2013-01-10T23:13:47.599Z", 
        "object_repr": "professor", 
        "object_id": "6", 
        "change_message": "Changed password and email.", 
        "user": 1, 
        "content_type": 3
    }
},
{
    "pk": 211, 
    "model": "admin.logentry", 
    "fields": {
        "action_flag": 1, 
        "action_time": "2013-01-10T23:14:31.445Z", 
        "object_repr": "Professor X", 
        "object_id": "1", 
        "change_message": "", 
        "user": 1, 
        "content_type": 18
    }
},
{
    "pk": 212, 
    "model": "admin.logentry", 
    "fields": {
        "action_flag": 3, 
        "action_time": "2013-01-11T11:54:33.504Z", 
        "object_repr": "professor", 
        "object_id": "6", 
        "change_message": "", 
        "user": 1, 
        "content_type": 3
    }
},
{
    "pk": 213, 
    "model": "admin.logentry", 
    "fields": {
        "action_flag": 1, 
        "action_time": "2013-01-11T11:55:23.600Z", 
        "object_repr": "professor", 
        "object_id": "6", 
        "change_message": "", 
        "user": 1, 
        "content_type": 3
    }
},
{
    "pk": 214, 
    "model": "admin.logentry", 
    "fields": {
        "action_flag": 2, 
        "action_time": "2013-01-11T11:55:29.916Z", 
        "object_repr": "professor", 
        "object_id": "6", 
        "change_message": "Changed password.", 
        "user": 1, 
        "content_type": 3
    }
},
{
    "pk": 215, 
    "model": "admin.logentry", 
    "fields": {
        "action_flag": 1, 
        "action_time": "2013-01-11T11:56:23.552Z", 
        "object_repr": "Professor X", 
        "object_id": "1", 
        "change_message": "", 
        "user": 1, 
        "content_type": 18
    }
},
{
    "pk": 216, 
    "model": "admin.logentry", 
    "fields": {
        "action_flag": 2, 
        "action_time": "2013-01-11T12:10:43.758Z", 
        "object_repr": "professor", 
        "object_id": "6", 
        "change_message": "Changed password and email.", 
        "user": 1, 
        "content_type": 3
    }
},
{
    "pk": 217, 
    "model": "admin.logentry", 
    "fields": {
        "action_flag": 2, 
        "action_time": "2013-01-16T12:44:00.564Z", 
        "object_repr": "PHY212", 
        "object_id": "8", 
        "change_message": "Changed prereqs.", 
        "user": 1, 
        "content_type": 9
    }
},
{
    "pk": 1, 
    "model": "majors.student", 
    "fields": {
        "major": null, 
        "entering_year": 2012, 
        "user": 1, 
        "name": ""
    }
},
{
    "pk": 2, 
    "model": "majors.student", 
    "fields": {
        "major": 1, 
        "entering_year": 2012, 
        "user": 2, 
        "name": "John Lennon"
    }
},
{
    "pk": 5, 
    "model": "majors.student", 
    "fields": {
        "major": 1, 
        "entering_year": 2012, 
        "user": 5, 
        "name": "Paul McCartney"
    }
},
{
    "pk": 6, 
    "model": "majors.student", 
    "fields": {
        "major": null, 
        "entering_year": 2012, 
        "user": 6, 
        "name": ""
    }
},
{
    "pk": 7, 
    "model": "majors.student", 
    "fields": {
        "major": 1, 
        "entering_year": 2013, 
        "user": 7, 
        "name": "G. Kiers"
    }
},
{
    "pk": 8, 
    "model": "majors.student", 
    "fields": {
        "major": 1, 
        "entering_year": 2012, 
        "user": 8, 
        "name": "Stefan Brandle3"
    }
},
{
    "pk": 9, 
    "model": "majors.student", 
    "fields": {
        "major": 1, 
        "entering_year": 2012, 
        "user": 9, 
        "name": "Leah Kiers"
    }
},
{
    "pk": 10, 
    "model": "majors.student", 
    "fields": {
        "major": 1, 
        "entering_year": 2012, 
        "user": 10, 
        "name": "Ringo"
    }
},
{
    "pk": 11, 
    "model": "majors.student", 
    "fields": {
        "major": 1, 
        "entering_year": 2012, 
        "user": 11, 
        "name": "George"
    }
},
{
    "pk": 12, 
    "model": "majors.student", 
    "fields": {
        "major": 1, 
        "entering_year": 2013, 
        "user": 12, 
        "name": "Huey Lewis"
    }
},
{
    "pk": 13, 
    "model": "majors.student", 
    "fields": {
        "major": 1, 
        "entering_year": 2012, 
        "user": 13, 
        "name": "Art White"
    }
},
{
    "pk": 14, 
    "model": "majors.student", 
    "fields": {
        "major": 1, 
        "entering_year": 2012, 
        "user": 14, 
        "name": "Edwin Welch"
    }
},
{
    "pk": 15, 
    "model": "majors.student", 
    "fields": {
        "major": 1, 
        "entering_year": 2012, 
        "user": 15, 
        "name": "Steven Barnett"
    }
},
{
    "pk": 16, 
    "model": "majors.student", 
    "fields": {
        "major": 1, 
        "entering_year": 2012, 
        "user": 16, 
        "name": "Tom"
    }
},
{
    "pk": 1, 
    "model": "majors.professor", 
    "fields": {
        "user": 6, 
        "advisee": null, 
        "name": "Professor X"
    }
}
]
